date,active_cal,asymmetry_pct,basal_cal,daylight_min,distance_km,double_support_pct,env_audio_db,exercise_min,flights,headphone_db,physical_effort,resp_rate,run_gct_ms,run_power_w,run_speed_kmh,run_stride_cm,run_vert_osc_cm,stair_down_speed,stair_up_speed,stand_min,steps,walk_speed_kmh,walk_stride_cm
2017-02-05,,,,,,,,,10.86,,,,,,,,,,,,9150.0,,
2017-02-06,,,,,,,,,,,,,,,,,,,,,7661.0,,
2017-02-07,,,,,,,,,,,,,,,,,,,,,8612.0,,
2017-02-08,325.04,,,,,,,,,,,,,,,,,,,,12488.0,,
2017-02-09,295.2,,,,,,,,14.95,,,,,,,,,,,,18043.0,,
2017-02-10,,,,,,,,,,,,,,,,,,,,,13150.0,,
2017-02-11,,,,,,,,,,,,,,,,,,,,,10089.0,,
2017-02-12,,,,,,,,,3.25,,,,,,,,,,,,10335.0,,
2017-02-13,295.2,,,,,,,,,,,,,,,,,,,,11434.0,,
2017-02-14,,,,,,,,,4.13,,,,,,,,,,,,11741.0,,
2017-02-15,254.7,,,,,,,,,,,,,,,,,,,,16395.0,,
2017-02-16,,,,,,,,,,,,,,,,,,,,,14969.0,,
2017-02-17,192.32,,,,,,,,4.66,,,,,,,,,,,,14265.0,,
2017-02-18,,,,,,,,,,,,,,,,,,,,,9773.0,,
2017-02-19,,,,,,,,,,,,,,,,,,,,,13862.0,,
2017-02-20,,,,,,,,,,,,,,,,,,,,,16552.0,,
2017-02-21,47.71,,,,,,,,,,,,,,,,,,,,19351.0,,
2017-02-22,,,,,,,,,,,,,,,,,,,,,14044.0,,
2017-02-23,,,,,,,,,,,,,,,,,,,,,13267.0,,
2017-02-24,47.71,,,,,,,,2.97,,,,,,,,,,,,16714.0,,
2017-02-25,,,,,,,,,,,,,,,,,,,,,10061.0,,
2017-02-26,,,,,,,,,,,,,,,,,,,,,11719.0,,
2017-02-27,,,,,,,,,,,,,,,,,,,,,10966.0,,
2017-02-28,,,,,,,,,3.66,,,,,,,,,,,,12547.0,,
2017-03-01,295.2,,,,,,,,,,,,,,,,,,,,16201.0,,
2017-03-02,,,,,,,,,,,,,,,,,,,,,13194.0,,
2017-03-03,,,,,,,,,3.08,,,,,,,,,,,,16613.0,,
2017-03-04,,,,,,,,,,,,,,,,,,,,,6112.0,,
2017-03-05,,,,,,,,,,,,,,,,,,,,,12821.0,,
2017-03-06,,,,,,,,,,,,,,,,,,,,,8495.0,,
2017-03-07,,,,,,,,,,,,,,,,,,,,,6350.0,,
2017-03-08,,,,,,,,,,,,,,,,,,,,,8292.0,,
2017-03-09,,,,,,,,,,,,,,,,,,,,,26312.0,,
2017-03-10,,,,,,,,,,,,,,,,,,,,,13947.0,,
2017-03-11,,,,,,,,,11.82,,,,,,,,,,,,14872.0,,
2017-03-12,,,,,,,,,,,,,,,,,,,,,4363.0,,
2017-03-13,,,,,,,,,,,,,,,,,,,,,5945.0,,
2017-03-14,,,,,,,,,,,,,,,,,,,,,11312.0,,
2017-03-15,503.69,,,,,,,,,,,,,,,,,,,,11731.0,,
2017-03-16,,,,,,,,,3.6,,,,,,,,,,,,12321.0,,
2017-03-17,,,,,,,,,,,,,,,,,,,,,18442.0,,
2017-03-18,,,,,,,,,,,,,,,,,,,,,7742.0,,
2017-03-19,,,,,,,,,,,,,,,,,,,,,8751.0,,
2017-03-20,,,,,,,,,,,,,,,,,,,,,14001.0,,
2017-03-21,,,,,,,,,,,,,,,,,,,,,11038.0,,
2017-03-22,,,,,,,,,,,,,,,,,,,,,11561.0,,
2017-03-23,503.69,,,,,,,,,,,,,,,,,,,,10801.0,,
2017-03-24,,,,,,,,,,,,,,,,,,,,,10572.0,,
2017-03-25,,,,,,,,,,,,,,,,,,,,,12654.0,,
2017-03-26,,,,,,,,,,,,,,,,,,,,,11748.0,,
2017-03-27,,,,,,,,,,,,,,,,,,,,,14201.0,,
2017-03-28,,,,,,,,,3.46,,,,,,,,,,,,10695.0,,
2017-03-29,,,,,,,,,,,,,,,,,,,,,4874.0,,
2017-03-30,,,,,,,,,,,,,,,,,,,,,11706.0,,
2017-03-31,426.78,,,,,,,,,,,,,,,,,,,,9441.0,,
2017-04-01,,,,,,,,,,,,,,,,,,,,,11840.0,,
2017-04-02,,,,,,,,,,,,,,,,,,,,,12169.0,,
2017-04-03,,,,,,,,,,,,,,,,,,,,,10513.0,,
2017-04-04,,,,,,,,,,,,,,,,,,,,,12588.0,,
2017-04-05,,,,,,,,,,,,,,,,,,,,,12818.0,,
2017-04-06,,,,,,,,,,,,,,,,,,,,,14617.0,,
2017-04-07,,,,,,,,,7.81,,,,,,,,,,,,16378.0,,
2017-04-08,,,,,,,,,,,,,,,,,,,,,11036.0,,
2017-04-09,,,,,,,,,,,,,,,,,,,,,22218.0,,
2017-04-10,,,,,,,,,,,,,,,,,,,,,7461.0,,
2017-04-11,,,,,,,,,,,,,,,,,,,,,12933.0,,
2017-04-12,,,,,,,,,,,,,,,,,,,,,12025.0,,
2017-04-13,,,,,,,,,,,,,,,,,,,,,7963.0,,
2017-04-14,,,,,,,,,,,,,,,,,,,,,15804.0,,
2017-04-15,,,,,,,,,,,,,,,,,,,,,8359.0,,
2017-04-16,,,,,,,,,,,,,,,,,,,,,10953.0,,
2017-04-17,,,,,,,,,,,,,,,,,,,,,20500.0,,
2017-04-18,,,,,,,,,,,,,,,,,,,,,25977.0,,
2017-04-19,,,,,,,,,,,,,,,,,,,,,25113.0,,
2017-04-20,,,,,,,,,,,,,,,,,,,,,26347.0,,
2017-04-21,,,,,,,,,,,,,,,,,,,,,23506.0,,
2017-04-22,,,,,,,,,,,,,,,,,,,,,21460.0,,
2017-04-23,,,,,,,,,,,,,,,,,,,,,29682.0,,
2017-04-24,,,,,,,,,1.01,,,,,,,,,,,,9213.0,,
2017-04-25,,,,,,,,,,,,,,,,,,,,,563.0,,
2017-04-26,,,,,,,,,,,,,,,,,,,,,11108.0,,
2017-04-27,,,,,,,,,,,,,,,,,,,,,18499.0,,
2017-04-28,,,,,,,,,11.95,,,,,,,,,,,,11249.0,,
2017-04-29,,,,,,,,,,,,,,,,,,,,,9765.0,,
2017-04-30,,,,,,,,,,,,,,,,,,,,,10151.0,,
2017-05-01,,,,,,,,,,,,,,,,,,,,,11613.0,,
2017-05-02,,,,,,,,,,,,,,,,,,,,,12821.0,,
2017-05-03,,,,,,,,,,,,,,,,,,,,,9525.0,,
2017-05-04,,,,,,,,,,,,,,,,,,,,,12612.0,,
2017-05-05,,,,,,,,,5.73,,,,,,,,,,,,14219.0,,
2017-05-06,,,,,,,,,,,,,,,,,,,,,9652.0,,
2017-05-07,,,,,,,,,15.04,,,,,,,,,,,,10598.0,,
2017-05-08,237.6,,,,,,,,,,,,,,,,,,,,,,
2017-05-09,244.81,,,,,,,,,,,,,,,,,,,,,,
2017-05-10,,,,,,,,,,,,,,,,,,,,,15782.0,,
2017-05-11,,,,,,,,,,,,,,,,,,,,,13871.0,,
2017-05-12,,,,,,,,,,,,,,,,,,,,,11948.0,,
2017-05-13,,,,,,,,,,,,,,,,,,,,,11435.0,,
2017-05-14,,,,,,,,,,,,,,,,,,,,,9902.0,,
2017-05-15,,,,,,,,,,,,,,,,,,,,,8439.0,,
2017-05-16,,,,,,,,,,,,,,,,,,,,,6063.0,,
2017-05-17,,,,,,,,,6.23,,,,,,,,,,,,8316.0,,
2017-05-21,,,,,,,,,9.25,,,,,,,,,,,,3748.0,,
2017-05-22,,,,,,,,,,,,,,,,,,,,,5309.0,,
2017-05-23,,,,,,,,,,,,,,,,,,,,,17683.0,,
2017-05-24,,,,,,,,,,,,,,,,,,,,,14374.0,,
2017-05-25,503.69,,,,,,,,,,,,,,,,,,,,14557.0,,
2017-05-26,,,,,,,,,22.28,,,,,,,,,,,,19332.0,,
2017-05-27,,,,,,,,,,,,,,,,,,,,,7214.0,,
2017-05-28,,,,,,,,,,,,,,,,,,,,,12462.0,,
2017-05-29,260.44,,,,,,,,,,,,,,,,,,,,16488.0,,
2017-05-30,,,,,,,,,,,,,,,,,,,,,13065.0,,
2017-05-31,,,,,,,,,,,,,,,,,,,,,19515.0,,
2017-06-01,,,,,,,,,,,,,,,,,,,,,21683.0,,
2017-06-02,,,,,,,,,,,,,,,,,,,,,16921.0,,
2017-06-03,,,,,,,,,,,,,,,,,,,,,12903.0,,
2017-06-04,,,,,,,,,,,,,,,,,,,,,17754.0,,
2017-06-05,,,,,,,,,6.29,,,,,,,,,,,,17440.0,,
2017-06-06,,,,,,,,,,,,,,,,,,,,,19878.0,,
2017-06-07,,,,,,,,,,,,,,,,,,,,,2610.0,,
2017-06-08,,,,,,,,,,,,,,,,,,,,,15268.0,,
2017-06-09,,,,,,,,,,,,,,,,,,,,,17755.0,,
2017-06-10,,,,,,,,,,,,,,,,,,,,,18822.0,,
2017-06-11,,,,,,,,,5.11,,,,,,,,,,,,14400.0,,
2017-06-12,,,,,,,,,,,,,,,,,,,,,4837.0,,
2017-06-13,,,,,,,,,,,,,,,,,,,,,16260.0,,
2017-06-14,,,,,,,,,25.68,,,,,,,,,,,,15047.0,,
2017-06-15,,,,,,,,,,,,,,,,,,,,,8183.0,,
2017-06-16,,,,,,,,,,,,,,,,,,,,,9375.0,,
2017-06-17,,,,,,,,,,,,,,,,,,,,,11779.0,,
2017-06-18,,,,,,,,,,,,,,,,,,,,,5833.0,,
2017-06-19,987.81,,862.0,,1.42,,,,2.03,,,,,,,,,,,,4466.0,,
2017-06-24,,,,,,,,,,,,,,,,,,,,,1103.0,,
2017-06-25,,,,,,,,,,,,,,,,,,,,,363.0,,
2017-06-26,122.33,,,,,,,,1.65,,,,,,,,,,,,8473.0,,
2017-06-27,,,,,,,,,,,,,,,,,,,,,1383.0,,
2017-06-28,,,,,,,,,,,,,,,,,,,,,6638.0,,
2017-06-29,,,,,,,,,,,,,,,,,,,,,10019.0,,
2017-06-30,,,,,,,,,,,,,,,,,,,,,11171.0,,
2017-07-01,,,,,,,,,,,,,,,,,,,,,8215.0,,
2017-07-02,,,,,,,,,,,,,,,,,,,,,14682.0,,
2017-07-03,47.71,,,,,,,,,,,,,,,,,,,,13927.0,,
2017-07-04,,,,,,,,,,,,,,,,,,,,,10785.0,,
2017-07-05,,,,,,,,,,,,,,,,,,,,,16295.0,,
2017-07-06,,,,,,,,,,,,,,,,,,,,,10682.0,,
2017-07-07,,,,,,,,,,,,,,,,,,,,,7608.0,,
2017-07-08,,,,,,,,,,,,,,,,,,,,,6244.0,,
2017-07-09,,,,,,,,,,,,,,,,,,,,,11518.0,,
2017-07-10,,,,,,,,,,,,,,,,,,,,,11450.0,,
2017-07-11,,,,,,,,,,,,,,,,,,,,,13185.0,,
2017-07-12,,,,,,,,,,,,,,,,,,,,,18650.0,,
2017-07-13,,,,,,,,,,,,,,,,,,,,,12584.0,,
2017-07-14,,,,,,,,,,,,,,,,,,,,,9151.0,,
2017-07-15,,,,,,,,,,,,,,,,,,,,,7591.0,,
2017-07-16,,,,,,,,,,,,,,,,,,,,,12500.0,,
2017-07-17,,,,,,,,,,,,,,,,,,,,,9250.0,,
2017-07-18,,,,,,,,,,,,,,,,,,,,,9356.0,,
2017-07-19,,,,,,,,,,,,,,,,,,,,,18718.0,,
2017-07-20,,,,,,,,,,,,,,,,,,,,,11867.0,,
2017-07-21,,,,,,,,,,,,,,,,,,,,,9861.0,,
2017-07-22,,,,,,,,,,,,,,,,,,,,,6054.0,,
2017-07-23,,,,,,,,,,,,,,,,,,,,,12791.0,,
2017-07-24,1058.0,,1739.0,,8.79,,,,14.67,,,,,,,,,,,,11703.0,,
2017-07-25,,,,,,,,,,,,,,,,,,,,,1278.0,,
2017-08-15,287.0,,,,0.0,,,,,,,,,,,,,,,,,,
2017-08-17,140.0,,,,0.7,,,,,,,,,,,,,,,,,,
2017-08-20,,,,,,,,,,,,,,,,,,,,,11539.0,,
2017-08-21,,,,,,,,,,,,,,,,,,,,,9281.0,,
2017-08-22,,,,,,,,,,,,,,,,,,,,,9321.0,,
2017-08-23,,,,,,,,,,,,,,,,,,,,,10857.0,,
2017-08-24,,,,,,,,,,,,,,,,,,,,,12387.0,,
2017-08-25,,,,,,,,,,,,,,,,,,,,,9116.0,,
2017-08-26,,,,,,,,,,,,,,,,,,,,,6088.0,,
2017-08-27,,,,,,,,,,,,,,,,,,,,,14323.0,,
2017-08-28,,,,,,,,,,,,,,,,,,,,,13506.0,,
2017-08-29,,,,,,,,,,,,,,,,,,,,,8515.0,,
2017-08-30,,,,,,,,,,,,,,,,,,,,,10955.0,,
2017-08-31,,,,,,,,,,,,,,,,,,,,,8097.0,,
2017-09-01,,,,,,,,,,,,,,,,,,,,,9167.0,,
2017-09-02,,,,,,,,,,,,,,,,,,,,,12189.0,,
2017-09-03,,,,,,,,,,,,,,,,,,,,,12084.0,,
2017-09-04,,,,,,,,,,,,,,,,,,,,,11329.0,,
2017-09-05,,,,,,,,,,,,,,,,,,,,,10606.0,,
2017-09-06,,,,,,,,,,,,,,,,,,,,,2866.0,,
2017-09-07,,,,,,,,,,,,,,,,,,,,,6641.0,,
2017-09-08,,,,,,,,,,,,,,,,,,,,,10483.0,,
2017-09-09,,,,,,,,,,,,,,,,,,,,,9696.0,,
2017-09-10,,,,,,,,,,,,,,,,,,,,,16718.0,,
2017-09-11,,,,,,,,,,,,,,,,,,,,,11243.0,,
2017-09-12,,,,,,,,,,,,,,,,,,,,,10631.0,,
2017-09-13,,,,,,,,,,,,,,,,,,,,,9421.0,,
2017-09-14,,,,,,,,,,,,,,,,,,,,,8576.0,,
2017-09-15,,,,,,,,,,,,,,,,,,,,,11845.0,,
2017-09-16,,,,,,,,,,,,,,,,,,,,,4689.0,,
2017-09-17,,,,,,,,,,,,,,,,,,,,,9410.0,,
2017-09-18,,,,,,,,,,,,,,,,,,,,,7758.0,,
2017-09-19,,,,,,,,,,,,,,,,,,,,,5335.0,,
2017-09-20,,,,,,,,,,,,,,,,,,,,,18464.0,,
2017-09-21,,,,,,,,,,,,,,,,,,,,,6782.0,,
2017-09-22,,,,,,,,,,,,,,,,,,,,,7709.0,,
2017-09-23,,,,,,,,,,,,,,,,,,,,,4443.0,,
2017-09-24,,,,,,,,,,,,,,,,,,,,,13879.0,,
2017-09-25,,,,,,,,,,,,,,,,,,,,,3328.0,,
2017-09-27,,,,,,,,,,,,,,,,,,,,,7168.0,,
2017-09-28,,,,,,,,,,,,,,,,,,,,,10841.0,,
2017-09-29,,,,,,,,,,,,,,,,,,,,,5785.0,,
2017-09-30,,,,,,,,,,,,,,,,,,,,,13395.0,,
2017-10-01,,,,,,,,,,,,,,,,,,,,,7021.0,,
2017-10-02,,,,,,,,,,,,,,,,,,,,,9654.0,,
2017-10-03,,,,,,,,,,,,,,,,,,,,,7376.0,,
2017-10-04,,,,,,,,,,,,,,,,,,,,,5959.0,,
2017-10-05,,,,,,,,,2.77,,,,,,,,,,,,2398.0,,
2017-10-08,,,,,,,,,,,,,,,,,,,,,9650.0,,
2017-10-09,,,,,,,,,,,,,,,,,,,,,8633.0,,
2017-10-10,,,,,,,,,,,,,,,,,,,,,9409.0,,
2017-10-11,69.54,,,,,,,,,,,,,,,,,,,,6704.0,,
2017-10-12,69.54,,,,,,,,,,,,,,,,,,,,9886.0,,
2017-10-13,,,,,,,,,,,,,,,,,,,,,5743.0,,
2017-10-14,,,,,,,,,,,,,,,,,,,,,10315.0,,
2017-10-15,503.69,,,,,,,,,,,,,,,,,,,,11673.0,,
2017-10-16,1110.98,,2019.0,,15.69,,,,6.55,,,,,,,,,,,,7914.0,,
2017-10-17,,,,,,,,,,,,,,,,,,,,,157.0,,
2017-10-18,,,,,,,,,,,,,,,,,,,,,3429.0,,
2017-10-19,1343.0,,1446.0,,13.72,,,,13.63,,,,,,,,,,,,19393.0,,
2017-10-20,,,,,,,,,,,,,,,,,,,,,6612.0,,
2017-11-01,186.4,,,,,,,,,,,,,,,,,,,,,,
2017-11-04,285.6,,,,,,,,,,,,,,,,,,,,,,
2017-11-19,237.6,,,,,,,,,,,,,,,,,,,,,,
2017-11-20,415.98,,,,,,,,,,,,,,,,,,,,,,
2017-11-21,503.69,,,,,,,,,,,,,,,,,,,,,,
2017-12-10,285.6,,,,,,,,,,,,,,,,,,,,,,
2017-12-14,415.98,,,,,,,,,,,,,,,,,,,,,,
2017-12-19,285.6,,,,,,,,,,,,,,,,,,,,,,
2017-12-22,503.69,,,,,,,,,,,,,,,,,,,,,,
2018-01-02,285.6,,,,,,,,,,,,,,,,,,,,,,
2018-01-04,503.69,,,,,,,,,,,,,,,,,,,,,,
2018-01-14,179.26,,,,,,,,,,,,,,,,,,,,,,
2018-01-29,179.26,,,,,,,,,,,,,,,,,,,,,,
2018-03-08,176.09,,,,,,,,,,,,,,,,,,,,,,
2021-01-08,,,,,,,,,,76.95,,,,,,,,,,,,,
2021-01-19,,,,,,,,,,72.1,,,,,,,,,,,,,
2021-02-16,,,,,,,,,,96.61,,,,,,,,,,,,,
2021-02-17,,,,,,,,,,90.54,,,,,,,,,,,,,
2021-02-21,,,,,,,,,,15.47,,,,,,,,,,,,,
2021-03-06,,,,,,,,,,73.57,,,,,,,,,,,,,
2021-03-29,,,,,,,,,,52.85,,,,,,,,,,,,,
2021-05-02,,,,,,,,,,75.55,,,,,,,,,,,,,
2021-05-04,,,,,,,,,,75.36,,,,,,,,,,,,,
2021-05-05,,,,,,,,,,84.64,,,,,,,,,,,,,
2021-05-07,,,,,,,,,,91.54,,,,,,,,,,,,,
2021-05-09,,,,,,,,,,65.8,,,,,,,,,,,,,
2021-05-11,,,,,,,,,,85.15,,,,,,,,,,,,,
2021-05-12,,,,,,,,,,87.98,,,,,,,,,,,,,
2021-05-13,,,,,,,,,,84.84,,,,,,,,,,,,,
2021-05-14,,,,,,,,,,81.55,,,,,,,,,,,,,
2021-05-16,,,,,,,,,,81.64,,,,,,,,,,,,,
2021-05-18,,,,,,,,,,47.83,,,,,,,,,,,,,
2021-05-19,,,,,,,,,,78.67,,,,,,,,,,,,,
2021-05-20,,,,,,,,,,78.5,,,,,,,,,,,,,
2021-05-22,,,,,,,,,,75.35,,,,,,,,,,,,,
2021-05-25,,,,,,,,,,77.19,,,,,,,,,,,,,
2021-05-28,,,,,,,,,,78.81,,,,,,,,,,,,,
2021-05-29,,,,,,,,,,77.53,,,,,,,,,,,,,
2021-05-31,,,,,,,,,,71.17,,,,,,,,,,,,,
2021-06-01,,,,,,,,,,78.05,,,,,,,,,,,,,
2021-06-03,,,,,,,,,,79.01,,,,,,,,,,,,,
2021-06-07,,,,,,,,,,78.04,,,,,,,,,,,,,
2021-06-08,,,,,,,,,,75.78,,,,,,,,,,,,,
2021-06-14,,,,,,,,,,74.46,,,,,,,,,,,,,
2021-06-16,,,,,,,,,,72.29,,,,,,,,,,,,,
2021-06-17,,,,,,,,,,52.29,,,,,,,,,,,,,
2021-06-18,,,,,,,,,,77.68,,,,,,,,,,,,,
2021-06-26,,,,,,,,,,77.03,,,,,,,,,,,,,
2021-07-05,,,,,,,,,,79.63,,,,,,,,,,,,,
2021-07-12,,,,,,,,,,72.2,,,,,,,,,,,,,
2021-07-13,,,,,,,,,,84.41,,,,,,,,,,,,,
2021-07-21,,,,,,,,,,69.8,,,,,,,,,,,,,
2021-07-22,,,,,,,,,,64.42,,,,,,,,,,,,,
2021-07-28,,,,,,,,,,74.43,,,,,,,,,,,,,
2021-07-31,,,,,,,,,,73.41,,,,,,,,,,,,,
2021-08-02,,,,,,,,,,74.82,,,,,,,,,,,,,
2021-08-18,,,,,,,,,,69.26,,,,,,,,,,,,,
2021-08-19,,,,,,,,,,76.65,,,,,,,,,,,,,
2021-09-06,,,,,,,,,,71.73,,,,,,,,,,,,,
2021-09-24,,,,,,,,,,54.35,,,,,,,,,,,,,
2021-09-26,,,,,,,,,,6.27,,,,,,,,,,,,,
2021-09-30,,,,,,,,,,77.35,,,,,,,,,,,,,
2021-10-02,,,,,,,,,,84.3,,,,,,,,,,,,,
2021-10-09,,,,,,,,,,62.9,,,,,,,,,,,,,
2021-10-10,,,,,,,,,,54.36,,,,,,,,,,,,,
2021-10-19,,,,,,,,,,54.18,,,,,,,,,,,,,
2021-10-29,,,,,,,,,,56.96,,,,,,,,,,,,,
2021-10-30,,,,,,,,,,72.17,,,,,,,,,,,,,
2021-11-01,,,,,,,,,,64.65,,,,,,,,,,,,,
2021-11-03,,,,,,,,,,63.82,,,,,,,,,,,,,
2021-11-05,,,,,,,,,,66.02,,,,,,,,,,,,,
2021-11-06,,,,,,,,,,74.71,,,,,,,,,,,,,
2021-11-15,,,,,,,,,,44.36,,,,,,,,,,,,,
2021-11-16,,,,,,,,,,62.46,,,,,,,,,,,,,
2021-11-17,,,,,,,,,,61.08,,,,,,,,,,,,,
2021-11-19,,,,,,,,,,70.6,,,,,,,,,,,,,
2021-11-20,,,,,,,,,,70.29,,,,,,,,,,,,,
2021-11-21,,,,,,,,,,84.02,,,,,,,,,,,,,
2021-11-22,,,,,,,,,,74.33,,,,,,,,,,,,,
2021-11-23,,,,,,,,,,70.53,,,,,,,,,,,,,
2021-11-24,,,,,,,,,,68.2,,,,,,,,,,,,,
2021-11-25,,,,,,,,,,70.75,,,,,,,,,,,,,
2021-11-26,,,,,,,,,,65.65,,,,,,,,,,,,,
2021-11-30,,,,,,,,,,66.72,,,,,,,,,,,,,
2021-12-01,,,,,,,,,,67.84,,,,,,,,,,,,,
2021-12-02,,,,,,,,,,70.57,,,,,,,,,,,,,
2021-12-05,,,,,,,,,,66.2,,,,,,,,,,,,,
2021-12-06,,,,,,,,,,58.45,,,,,,,,,,,,,
2021-12-07,,,,,,,,,,74.76,,,,,,,,,,,,,
2021-12-08,,,,,,,,,,76.37,,,,,,,,,,,,,
2021-12-12,,,,,,,,,,70.8,,,,,,,,,,,,,
2021-12-14,,,,,,,,,,71.49,,,,,,,,,,,,,
2021-12-15,,,,,,,,,,0.0,,,,,,,,,,,,,
2021-12-17,,,,,,,,,,77.46,,,,,,,,,,,,,
2022-01-13,,,,,,,,,,76.29,,,,,,,,,,,,,
2022-01-15,,,,,,,,,,69.7,,,,,,,,,,,,,
2022-01-16,,,,,,,,,,48.25,,,,,,,,,,,,,
2022-01-17,,,,,,,,,,73.56,,,,,,,,,,,,,
2022-01-18,,,,,,,,,,70.66,,,,,,,,,,,,,
2022-01-20,,,,,,,,,,71.85,,,,,,,,,,,,,
2022-01-22,,,,,,,,,,66.51,,,,,,,,,,,,,
2022-01-24,,,,,,,,,,75.23,,,,,,,,,,,,,
2022-01-26,,,,,,,,,,57.68,,,,,,,,,,,,,
2022-01-29,,,,,,,,,,71.3,,,,,,,,,,,,,
2022-02-02,,,,,,,,,,73.98,,,,,,,,,,,,,
2022-02-03,,,,,,,,,,73.27,,,,,,,,,,,,,
2022-02-04,,,,,,,,,,66.04,,,,,,,,,,,,,
2022-02-11,,,,,,,,,,65.16,,,,,,,,,,,,,
2022-02-25,,,,,,,,,,33.19,,,,,,,,,,,,,
2022-03-01,,,,,,,,,,65.69,,,,,,,,,,,,,
2022-03-28,,,,,,,,,,52.42,,,,,,,,,,,,,
2022-04-02,,0.27,,,,0.31,,,,,,,,,,,,,,,,2.14,24.16
2022-04-03,,,,,,0.31,,,,,,,,,,,,,,,,2.4,24.5
2022-04-04,,,,,,0.3,,,,,,,,,,,,,,,,2.24,23.2
2022-04-05,,0.0,,,,0.27,,,,,,,,,,,,,,,,2.63,25.9
2022-04-06,,0.0,,,,0.28,,,,,,,,,,,,,,,,2.39,24.16
2022-04-07,,0.09,,,,0.3,,,,,,,,,,,,,,,,2.55,25.14
2022-04-08,,0.01,,,,0.3,,,,,,,,,,,,,,,,2.41,24.78
2022-04-09,,,,,,0.31,,,,,,,,,,,,,,,,2.4,24.41
2022-04-10,,0.01,,,,0.29,,,,69.24,,,,,,,,,,,,2.43,24.92
2022-04-11,,,,,,0.26,,,,,,,,,,,,,,,,2.5,25.45
2022-04-12,,0.0,,,,0.29,,,,,,,,,,,,,,,,2.72,26.14
2022-04-13,,0.0,,,,0.29,,,,77.05,,,,,,,,,,,,2.49,24.36
2022-04-14,,0.18,,,,0.29,,,,73.63,,,,,,,,,,,,2.09,22.23
2022-04-15,,0.25,,,,0.32,,,,55.65,,,,,,,,,,,,1.95,21.84
2022-04-16,,,,,,0.31,,,,,,,,,,,,,,,,2.47,24.85
2022-04-17,,,,,,0.3,,,,74.09,,,,,,,,,,,,2.69,25.89
2022-04-18,,,,,,0.31,,,,,,,,,,,,,,,,2.41,23.06
2022-04-19,,,,,,0.27,,,,67.27,,,,,,,,,,,,3.0,29.2
2022-04-20,,0.0,,,,0.3,,,,73.8,,,,,,,,,,,,2.48,24.65
2022-04-21,,,,,,0.3,,,,52.08,,,,,,,,,,,,2.59,24.78
2022-04-22,,,,,,0.29,,,,,,,,,,,,,,,,2.65,25.73
2022-04-23,,,,,,0.29,,,,,,,,,,,,,,,,2.19,22.69
2022-04-24,,,,,,0.3,,,,,,,,,,,,,,,,2.24,23.4
2022-04-25,,,,,,,,,,,,,,,,,,,,,,1.73,17.45
2022-04-26,,0.0,,,,0.29,,,,78.49,,,,,,,,,,,,2.7,26.38
2022-04-27,,0.0,,,,0.3,,,,86.2,,,,,,,,,,,,2.57,25.85
2022-04-28,,0.0,,,,0.29,,,,85.47,,,,,,,,,,,,2.73,25.95
2022-04-29,,,,,,0.31,,,,83.77,,,,,,,,,,,,2.21,23.97
2022-04-30,,,,,,0.31,,,,76.06,,,,,,,,,,,,2.21,23.6
2022-05-01,,,,,,0.29,,,,,,,,,,,,,,,,2.4,25.14
2022-05-02,,,,,,0.32,,,,,,,,,,,,,,,,2.18,21.81
2022-05-03,,,,,,,,,,,,,,,,,,,,,,2.45,22.97
2022-05-04,,0.23,,,,0.3,,,,,,,,,,,,,,,,2.14,23.89
2022-05-05,,,,,,,,,,,,,,,,,,,,,,2.08,20.87
2022-05-06,,,,,,0.31,,,,71.97,,,,,,,,,,,,2.35,23.54
2022-05-07,,,,,,,,,,68.9,,,,,,,,,,,,2.47,25.07
2022-05-08,,,,,,0.3,,,,,,,,,,,,,,,,2.34,24.56
2022-05-09,,0.0,,,,0.29,,,,71.01,,,,,,,,,,,,2.79,27.17
2022-05-10,,,,,,,,,,74.01,,,,,,,,,,,,2.48,25.98
2022-05-11,,0.0,,,,0.29,,,,83.82,,,,,,,,,,,,2.56,24.84
2022-05-12,,,,,,0.27,,,,84.13,,,,,,,,,,,,2.82,27.52
2022-05-13,,0.11,,,,0.31,,,,,,,,,,,,,,,,2.6,25.92
2022-05-14,,,,,,0.3,,,,,,,,,,,,,,,,2.22,23.37
2022-05-15,,,,,,0.32,,,,,,,,,,,,,,,,2.48,23.7
2022-05-16,,0.01,,,,0.29,,,,82.68,,,,,,,,,,,,2.89,27.91
2022-05-17,,,,,,0.3,,,,,,,,,,,,,,,,2.52,24.28
2022-05-18,,0.0,,,,0.3,,,,75.14,,,,,,,,,,,,2.54,24.95
2022-05-19,,,,,,0.31,,,,,,,,,,,,,,,,2.43,23.52
2022-05-20,,,,,,0.3,,,,,,,,,,,,,,,,2.48,26.3
2022-05-21,,,,,,0.3,,,,,,,,,,,,,,,,2.28,23.27
2022-05-22,,,,,,0.3,,,,71.92,,,,,,,,,,,,2.37,23.76
2022-05-23,,0.0,,,,0.29,,,,14.73,,,,,,,,,,,,2.47,25.34
2022-05-24,,,,,,0.31,,,,,,,,,,,,,,,,1.93,20.91
2022-05-25,,,,,,0.3,,,,,,,,,,,,,,,,2.21,23.23
2022-05-26,,,,,,0.34,,,,,,,,,,,,,,,,1.67,19.61
2022-05-27,,,,,,0.3,,,,,,,,,,,,,,,,2.15,22.88
2022-05-28,,,,,,0.3,,,,,,,,,,,,,,,,2.38,24.48
2022-05-29,,0.06,,,,0.29,,,,,,,,,,,,,,,,2.33,23.5
2022-05-30,,,,,,0.28,,,,,,,,,,,,,,,,2.41,23.82
2022-05-31,,,,,,0.3,,,,,,,,,,,,,,,,2.26,23.79
2022-06-01,,,,,,0.32,,,,,,,,,,,,,,,,1.99,22.29
2022-06-02,,,,,,0.32,,,,,,,,,,,,,,,,1.97,23.2
2022-06-03,,,,,,0.31,,,,,,,,,,,,,,,,2.6,26.38
2022-06-04,,,,,,0.31,,,,,,,,,,,,,,,,2.22,23.37
2022-06-05,,,,,,0.29,,,,,,,,,,,,,,,,2.22,23.24
2022-06-06,,,,,,0.28,,,,,,,,,,,,,,,,2.21,21.52
2022-06-07,,,,,,0.3,,,,66.61,,,,,,,,,,,,2.63,26.73
2022-06-08,,,,,,,,,,,,,,,,,,,,,,2.47,22.83
2022-06-09,,0.0,,,,0.3,,,,59.98,,,,,,,,,,,,2.69,25.64
2022-06-10,,,,,,0.3,,,,,,,,,,,,,,,,2.33,24.56
2022-06-11,,0.0,,,,0.29,,,,,,,,,,,,,,,,2.29,24.12
2022-06-12,,,,,,0.31,,,,,,,,,,,,,,,,2.64,25.98
2022-06-13,,,,,,0.31,,,,,,,,,,,,,,,,2.32,24.22
2022-06-14,,,,,,,,,,,,,,,,,,,,,,2.24,21.95
2022-06-15,,,,,,0.28,,,,,,,,,,,,,,,,2.35,24.16
2022-06-16,,,,,,0.3,,,,,,,,,,,,,,,,2.72,26.52
2022-06-17,,0.0,,,,0.27,,,,,,,,,,,,,,,,2.7,25.79
2022-06-18,,,,,,0.3,,,,,,,,,,,,,,,,2.35,23.5
2022-06-19,,0.05,,,,0.3,,,,,,,,,,,,,,,,2.2,24.21
2022-06-21,,0.0,,,,0.29,,,,74.59,,,,,,,,,,,,2.64,25.97
2022-06-22,,0.0,,,,0.29,,,,28.79,,,,,,,,,,,,2.19,23.44
2022-06-23,,0.0,,,,0.28,,,,73.84,,,,,,,,,,,,2.73,26.48
2022-06-24,,0.01,,,,0.29,,,,,,,,,,,,,,,,2.31,23.99
2022-06-25,,0.02,,,,0.29,,,,,,,,,,,,,,,,2.71,28.45
2022-06-26,,,,,,0.29,,,,,,,,,,,,,,,,2.49,24.73
2022-06-27,,,,,,,,,,,,,,,,,,,,,,2.48,24.31
2022-06-28,,,,,,0.28,,,,73.9,,,,,,,,,,,,2.73,25.86
2022-06-29,,0.03,,,,0.3,,,,76.15,,,,,,,,,,,,2.18,24.57
2022-06-30,,0.0,,,,0.3,,,,76.42,,,,,,,,,,,,2.45,24.21
2022-07-01,,,,,,0.3,,,,,,,,,,,,,,,,2.37,24.14
2022-07-02,,,,,,0.31,,,,,,,,,,,,,,,,2.43,23.43
2022-07-03,,,,,,0.3,,,,,,,,,,,,,,,,2.23,23.74
2022-07-04,,,,,,0.31,,,,,,,,,,,,,,,,2.05,22.03
2022-07-05,,,,,,0.31,,,,,,,,,,,,,,,,1.86,21.02
2022-07-06,,,,,,0.3,,,,,,,,,,,,,,,,2.04,19.68
2022-07-07,,,,,,0.31,,,,,,,,,,,,,,,,2.48,23.96
2022-07-08,,,,,,0.31,,,,,,,,,,,,,,,,2.19,22.94
2022-07-09,,0.0,,,,0.3,,,,,,,,,,,,,,,,2.43,24.07
2022-07-10,,0.13,,,,0.3,,,,,,,,,,,,,,,,2.54,25.2
2022-07-11,,,,,,0.3,,,,,,,,,,,,,,,,2.32,24.28
2022-07-12,,0.1,,,,0.29,,,,76.54,,,,,,,,,,,,2.68,26.09
2022-07-13,,,,,,,,,,,,,,,,,,,,,,2.06,21.26
2022-07-14,,,,,,0.3,,,,,,,,,,,,,,,,2.51,25.02
2022-07-15,,,,,,,,,,,,,,,,,,,,,,2.35,23.23
2022-07-16,,0.0,,,,0.3,,,,,,,,,,,,,,,,2.25,23.77
2022-07-17,,,,,,0.32,,,,,,,,,,,,,,,,2.26,23.49
2022-07-18,,,,,,0.29,,,,,,,,,,,,,,,,2.31,23.32
2022-07-19,,,,,,0.3,,,,,,,,,,,,,,,,2.3,24.38
2022-07-20,,,,,,0.3,,,,,,,,,,,,,,,,2.41,24.95
2022-07-21,,,,,,0.31,,,,,,,,,,,,,,,,2.09,23.07
2022-07-22,,,,,,0.3,,,,,,,,,,,,,,,,2.42,24.28
2022-07-23,,,,,,0.29,,,,,,,,,,,,,,,,2.57,25.09
2022-07-24,,0.0,,,,0.29,,,,51.77,,,,,,,,,,,,2.47,24.77
2022-07-25,,,,,,0.29,,,,,,,,,,,,,,,,2.48,24.61
2022-07-26,,,,,,0.29,,,,,,,,,,,,,,,,2.61,24.51
2022-07-27,,,,,,0.3,,,,,,,,,,,,,,,,2.39,24.41
2022-07-28,,,,,,,,,,,,,,,,,,,,,,2.53,24.5
2022-07-29,,,,,,0.28,,,,,,,,,,,,,,,,2.77,27.02
2022-07-30,,,,,,0.31,,,,,,,,,,,,,,,,2.36,23.62
2022-07-31,,,,,,0.28,,,,,,,,,,,,,,,,2.5,24.86
2022-08-01,,,,,,0.32,,,,,,,,,,,,,,,,2.13,22.96
2022-08-02,,,,,,0.31,,,,,,,,,,,,,,,,2.3,23.38
2022-08-03,,,,,,0.31,,,,,,,,,,,,,,,,2.64,25.44
2022-08-04,,0.0,,,,0.28,,,,,,,,,,,,,,,,2.72,27.35
2022-08-05,,,,,,0.3,,,,,,,,,,,,,,,,2.66,25.96
2022-08-06,,0.0,,,,0.3,,,,,,,,,,,,,,,,2.53,25.05
2022-08-07,,,,,,0.29,,,,,,,,,,,,,,,,2.59,25.5
2022-08-08,,,,,,0.3,,,,,,,,,,,,,,,,2.4,24.39
2022-08-09,,,,,,0.27,,,,,,,,,,,,,,,,2.56,24.67
2022-08-10,,,,,,0.31,,,,,,,,,,,,,,,,2.45,24.58
2022-08-11,,0.0,,,,0.28,,,,,,,,,,,,,,,,2.68,26.91
2022-08-12,,,,,,0.31,,,,,,,,,,,,,,,,2.37,24.05
2022-08-13,,,,,,0.32,,,,,,,,,,,,,,,,2.38,24.06
2022-08-14,,,,,,0.29,,,,,,,,,,,,,,,,2.55,25.2
2022-08-16,,,,,,0.31,,,,,,,,,,,,,,,,1.96,22.31
2022-08-17,,0.0,,,,0.29,,,,0.0,,,,,,,,,,,,2.69,25.74
2022-08-18,,,,,,0.3,,,,,,,,,,,,,,,,2.16,23.39
2022-08-19,,,,,,,,,,,,,,,,,,,,,,2.42,23.62
2022-08-20,,,,,,0.3,,,,,,,,,,,,,,,,2.52,24.99
2022-08-21,,,,,,,,,,,,,,,,,,,,,,2.26,23.11
2022-08-22,,,,,,0.3,,,,,,,,,,,,,,,,2.39,24.02
2022-08-23,,,,,,0.26,,,,,,,,,,,,,,,,2.54,23.23
2022-08-24,,,,,,0.29,,,,,,,,,,,,,,,,2.42,24.36
2022-08-25,,,,,,0.3,,,,,,,,,,,,,,,,2.3,23.45
2022-08-26,,0.1,,,,0.3,,,,,,,,,,,,,,,,2.49,25.09
2022-08-27,,0.0,,,,0.29,,,,,,,,,,,,,,,,2.36,24.15
2022-08-28,,,,,,0.3,,,,,,,,,,,,,,,,2.45,24.89
2022-08-29,,,,,,0.29,,,,,,,,,,,,,,,,2.52,25.46
2022-08-30,,,,,,0.29,,,,,,,,,,,,,,,,2.6,25.71
2022-08-31,,,,,,0.3,,,,,,,,,,,,,,,,2.44,35.83
2022-09-01,,0.0,,,,0.29,,,,,,,,,,,,,,,,2.6,26.23
2022-09-02,,0.0,,,,0.29,,,,,,,,,,,,,,,,2.71,26.97
2022-09-03,,,,,,0.28,,,,,,,,,,,,,,,,2.47,25.24
2022-09-04,,,,,,0.31,,,,,,,,,,,,,,,,2.56,25.11
2022-09-05,,,,,,0.3,,,,,,,,,,,,,,,,2.37,24.53
2022-09-06,,0.0,,,,0.29,,,,,,,,,,,,,,,,2.39,24.28
2022-09-07,,,,,,0.29,,,,,,,,,,,,,,,,2.7,26.23
2022-09-08,,0.07,,,,0.29,,,,,,,,,,,,,,,,2.5,24.57
2022-09-09,,,,,,0.29,,,,,,,,,,,,,,,,2.25,22.72
2022-09-10,,,,,,0.3,,,,,,,,,,,,,,,,2.52,24.78
2022-09-11,,,,,,0.33,,,,,,,,,,,,,,,,2.49,25.59
2022-09-12,,0.0,,,,0.29,,,,,,,,,,,,,,,,2.36,24.59
2022-09-13,,,,,,0.29,,,,,,,,,,,,,,,,2.46,23.1
2022-09-14,,,,,,0.27,,,,,,,,,,,,,,,,2.88,27.03
2022-09-15,,,,,,0.29,,,,,,,,,,,,,,,,2.74,25.87
2022-09-16,,,,,,0.27,,,,,,,,,,,,,,,,2.91,27.99
2022-09-17,,0.0,,,,0.31,,,,,,,,,,,,,,,,2.18,22.99
2022-09-18,,,,,,0.31,,,,,,,,,,,,,,,,2.41,24.31
2022-09-19,,,,,,,,,,,,,,,,,,,,,,2.47,25.2
2022-09-20,,,,,,0.3,,,,,,,,,,,,,,,,2.54,24.07
2022-09-21,,,,,,0.3,,,,,,,,,,,,,,,,2.22,23.75
2022-09-22,,0.0,,,,0.3,,,,,,,,,,,,,,,,2.42,24.09
2022-09-23,,0.0,,,,0.29,,,,,,,,,,,,,,,,2.7,26.67
2022-09-24,,0.0,,,,0.31,,,,,,,,,,,,,,,,2.22,23.62
2022-09-25,,,,,,0.3,,,,,,,,,,,,,,,,2.41,24.95
2022-09-26,,,,,,0.28,,,,,,,,,,,,,,,,2.82,27.17
2022-09-27,,,,,,0.3,,,,,,,,,,,,,,,,2.59,25.75
2022-09-28,,,,,,0.31,,,,,,,,,,,,,,,,2.12,22.18
2022-09-29,,,,,,0.32,,,,,,,,,,,,,,,,2.29,22.83
2022-09-30,,0.73,,,,0.28,,,,,,,,,,,,,,,,2.39,25.07
2022-10-01,,,,,,,,,,,,,,,,,,,,,,2.52,24.8
2022-10-02,,,,,,,,,,,,,,,,,,,,,,2.45,24.34
2022-10-03,,,,,,0.29,,,,,,,,,,,,,,,,2.25,23.75
2022-10-04,,,,,,0.31,,,,,,,,,,,,,,,,2.43,24.61
2022-10-05,,,,,,0.29,,,,,,,,,,,,,,,,2.44,24.8
2022-10-06,,0.57,,,,0.3,,,,,,,,,,,,,,,,2.43,24.87
2022-10-07,,,,,,,,,,,,,,,,,,,,,,2.21,21.52
2022-10-08,,0.0,,,,0.28,,,,,,,,,,,,,,,,2.76,26.97
2022-10-09,,,,,,0.3,,,,,,,,,,,,,,,,2.17,22.77
2022-10-10,,,,,,,,,,,,,,,,,,,,,,2.11,22.2
2022-10-11,,,,,,0.27,,,,,,,,,,,,,,,,2.81,27.87
2022-10-12,,,,,,0.33,,,,,,,,,,,,,,,,2.28,23.71
2022-10-13,,,,,,0.3,,,,,,,,,,,,,,,,2.22,23.82
2022-10-14,,,,,,0.29,,,,,,,,,,,,,,,,2.69,26.55
2022-10-15,,,,,,0.31,,,,,,,,,,,,,,,,2.14,23.08
2022-10-16,,,,,,0.31,,,,,,,,,,,,,,,,2.18,23.15
2022-10-17,,,,,,,,,,,,,,,,,,,,,,1.68,20.08
2022-10-18,,,,,,0.3,,,,,,,,,,,,,,,,2.43,23.88
2022-10-19,,,,,,0.29,,,,,,,,,,,,,,,,2.8,26.77
2022-10-20,,,,,,,,,,,,,,,,,,,,,,2.74,25.81
2022-10-21,,0.0,,,,0.28,,,,,,,,,,,,,,,,2.52,25.27
2022-10-22,,0.0,,,,0.31,,,,,,,,,,,,,,,,2.32,24.37
2022-10-23,,0.0,,,,0.29,,,,80.4,,,,,,,,,,,,2.53,25.09
2022-10-24,,0.09,,,,0.31,,,,,,,,,,,,,,,,2.47,25.13
2022-10-25,,,,,,0.3,,,,76.02,,,,,,,,,,,,2.5,25.09
2022-10-27,,,,,,0.27,,,,72.83,,,,,,,,,,,,2.44,24.08
2022-10-28,,,,,,0.3,,,,,,,,,,,,,,,,2.17,24.34
2022-10-29,,,,,,0.31,,,,47.45,,,,,,,,,,,,2.25,24.2
2022-10-30,,0.0,,,,0.25,,,,73.45,,,,,,,,,,,,2.71,25.75
2022-10-31,,,,,,0.29,,,,,,,,,,,,,,,,2.35,24.18
2022-11-01,,0.0,,,,0.27,,,,73.53,,,,,,,,,,,,3.18,30.01
2022-11-02,,0.0,,,,0.28,,,,70.7,,,,,,,,,,,,2.94,28.24
2022-11-03,,0.0,,,,0.29,,,,70.68,,,,,,,,,,,,2.93,27.65
2022-11-04,,,,,,0.3,,,,69.01,,,,,,,,,,,,2.36,24.43
2022-11-05,,0.0,,,,0.3,,,,,,,,,,,,,,,,2.42,25.12
2022-11-06,,0.0,,,,0.29,,,,72.05,,,,,,,,,,,,2.43,24.55
2022-11-07,,,,,,0.3,,,,69.5,,,,,,,,,,,,2.38,24.18
2022-11-08,,,,,,,,,,,,,,,,,,,,,,2.0,21.34
2022-11-09,,0.0,,,,0.29,,,,68.69,,,,,,,,,,,,2.53,25.2
2022-11-10,,0.0,,,,0.28,,,,,,,,,,,,,,,,2.75,26.69
2022-11-11,,,,,,0.28,,,,,,,,,,,,,,,,2.39,25.07
2022-11-12,,,,,,0.32,,,,,,,,,,,,,,,,2.16,22.67
2022-11-13,,0.04,,,,0.3,,,,71.64,,,,,,,,,,,,2.46,25.26
2022-11-14,,0.0,,,,0.29,,,,70.85,,,,,,,,,,,,2.43,25.2
2022-11-15,,,,,,,,,,,,,,,,,,,,,,2.05,20.77
2022-11-16,,,,,,0.3,,,,74.57,,,,,,,,,,,,2.6,25.75
2022-11-17,,,,,,0.29,,,,,,,,,,,,,,,,2.37,26.62
2022-11-18,,0.4,,,,0.31,,,,,,,,,,,,,,,,2.28,23.15
2022-11-19,,,,,,0.32,,,,,,,,,,,,,,,,2.11,22.97
2022-11-20,,,,,,,,,,,,,,,,,,,,,,2.34,24.09
2022-11-21,,0.0,,,,0.3,,,,,,,,,,,,,,,,2.4,23.88
2022-11-22,,,,,,0.3,,,,73.48,,,,,,,,,,,,2.68,25.77
2022-11-23,,,,,,0.31,,,,,,,,,,,,,,,,2.63,26.06
2022-11-24,,,,,,0.31,,,,,,,,,,,,,,,,2.21,23.09
2022-11-25,,,,,,0.3,,,,,,,,,,,,,,,,2.24,22.44
2022-11-26,,0.0,,,,0.3,,,,,,,,,,,,,,,,2.49,23.96
2022-11-27,,,,,,0.3,,,,,,,,,,,,,,,,2.29,23.43
2022-11-28,,0.0,,,,0.27,,,,76.04,,,,,,,,,,,,3.04,28.62
2022-11-29,,0.0,,,,0.28,,,,65.04,,,,,,,,,,,,2.65,25.78
2022-11-30,,0.1,,,,0.29,,,,59.57,,,,,,,,,,,,2.41,25.34
2022-12-01,,0.07,,,,0.29,,,,67.31,,,,,,,,,,,,2.78,27.12
2022-12-02,,,,,,,,,,,,,,,,,,,,,,2.28,23.01
2022-12-03,,,,,,0.31,,,,,,,,,,,,,,,,2.28,22.48
2022-12-04,,0.03,,,,0.29,,,,,,,,,,,,,,,,2.56,25.03
2022-12-05,,0.0,,,,0.28,,,,59.98,,,,,,,,,,,,2.86,27.77
2022-12-06,,0.0,,,,0.28,,,,64.28,,,,,,,,,,,,2.72,26.0
2022-12-07,,,,,,,,,,,,,,,,,,,,,,2.36,23.03
2022-12-08,,0.0,,,,0.27,,,,,,,,,,,,,,,,2.8,27.03
2022-12-09,,0.0,,,,0.3,,,,,,,,,,,,,,,,2.78,26.68
2022-12-10,,,,,,0.26,,,,,,,,,,,,,,,,3.28,29.45
2022-12-11,,0.0,,,,0.31,,,,,,,,,,,,,,,,2.36,24.34
2022-12-12,,,,,,0.29,,,,,,,,,,,,,,,,2.51,24.41
2022-12-13,,0.0,,,,0.28,,,,50.65,,,,,,,,,,,,2.61,24.87
2022-12-14,,0.0,,,,0.26,,,,,,,,,,,,,,,,3.32,30.55
2022-12-15,,0.0,,,,0.26,,,,65.22,,,,,,,,,,,,2.73,27.36
2022-12-16,,0.0,,,,0.28,,,,,,,,,,,,,,,,2.64,25.53
2022-12-17,,,,,,0.3,,,,,,,,,,,,,,,,2.45,24.43
2022-12-18,,0.03,,,,0.29,,,,,,,,,,,,,,,,2.54,24.88
2022-12-19,,,,,,0.32,,,,,,,,,,,,,,,,2.62,25.09
2022-12-20,,,,,,0.3,,,,,,,,,,,,,,,,2.6,24.67
2022-12-21,,,,,,,,,,,,,,,,,,,,,,2.75,26.16
2022-12-22,,,,,,0.3,,,,,,,,,,,,,,,,2.39,23.78
2022-12-23,,,,,,0.3,,,,,,,,,,,,,,,,2.03,21.65
2022-12-24,,0.68,,,,0.32,,,,,,,,,,,,,,,,1.94,21.56
2022-12-25,,,,,,0.29,,,,,,,,,,,,,,,,2.64,24.93
2022-12-26,,0.0,,,,0.3,,,,,,,,,,,,,,,,2.58,25.41
2022-12-28,,,,,,0.29,,,,,,,,,,,,,,,,2.36,23.57
2022-12-29,,,,,,,,,,73.59,,,,,,,,,,,,1.96,21.85
2022-12-30,,,,,,0.31,,,,,,,,,,,,,,,,2.37,23.28
2022-12-31,,0.0,,,,0.3,,,,,,,,,,,,,,,,2.42,24.27
2023-01-01,,,,,,0.29,,,,,,,,,,,,,,,,2.47,24.37
2023-01-02,,,,,,0.29,,,,,,,,,,,,,,,,2.56,25.14
2023-01-03,,0.0,,,,0.29,,,,57.89,,,,,,,,,,,,2.74,26.97
2023-01-04,,,,,,0.29,,,,75.97,,,,,,,,,,,,2.77,27.21
2023-01-05,,0.0,,,,0.3,,,,77.74,,,,,,,,,,,,2.74,26.65
2023-01-06,,,,,,0.28,,,,,,,,,,,,,,,,2.92,27.72
2023-01-07,,,,,,0.3,,,,55.08,,,,,,,,,,,,2.17,22.77
2023-01-08,,,,,,0.28,,,,58.73,,,,,,,,,,,,2.62,24.51
2023-01-09,,,,,,0.28,,,,54.57,,,,,,,,,,,,2.67,28.17
2023-01-10,,0.0,,,,0.29,,,,65.23,,,,,,,,,,,,2.65,25.75
2023-01-11,,0.0,,,,0.3,,,,,,,,,,,,,,,,2.11,23.08
2023-01-12,,0.04,,,,0.29,,,,50.74,,,,,,,,,,,,2.63,25.93
2023-01-13,,0.0,,,,0.3,,,,,,,,,,,,,,,,2.78,27.08
2023-01-14,,,,,,0.29,,,,68.45,,,,,,,,,,,,2.43,24.72
2023-01-15,,0.0,,,,0.29,,,,77.97,,,,,,,,,,,,2.63,25.77
2023-01-16,,0.0,,,,0.29,,,,,,,,,,,,,,,,2.51,26.52
2023-01-17,,0.0,,,,0.29,,,,,,,,,,,,,,,,2.77,26.74
2023-01-18,,,,,,0.3,,,,,,,,,,,,,,,,2.61,25.98
2023-01-19,,0.0,,,,0.28,,,,,,,,,,,,,,,,2.68,25.59
2023-01-20,,0.0,,,,0.3,,,,78.99,,,,,,,,,,,,2.41,23.94
2023-01-21,,0.0,,,,0.3,,,,79.56,,,,,,,,,,,,2.44,24.39
2023-01-22,,0.0,,,,0.31,,,,,,,,,,,,,,,,2.19,22.8
2023-01-23,,,,,,0.31,,,,63.48,,,,,,,,,,,,2.3,23.19
2023-01-24,,0.0,,,,0.29,,,,75.08,,,,,,,,,,,,2.53,25.21
2023-01-25,,,,,,0.3,,,,69.95,,,,,,,,,,,,2.54,25.3
2023-01-26,,0.0,,,,0.29,,,,59.12,,,,,,,,,,,,2.59,26.15
2023-01-27,,0.0,,,,0.28,,,,77.63,,,,,,,,,,,,2.75,26.73
2023-01-28,,,,,,0.31,,,,80.84,,,,,,,,,,,,2.26,23.46
2023-01-29,,,,,,0.32,,,,,,,,,,,,,,,,2.3,23.57
2023-01-30,,,,,,0.3,,,,,,,,,,,,,,,,2.27,21.26
2023-01-31,,0.0,,,,0.3,,,,84.41,,,,,,,,,,,,2.44,24.06
2023-02-01,,,,,,0.26,,,,,,,,,,,,,,,,3.04,28.35
2023-02-02,,0.0,,,,0.29,,,,55.95,,,,,,,,,,,,2.61,26.05
2023-02-03,,0.0,,,,0.27,,,,83.74,,,,,,,,,,,,2.8,26.62
2023-02-04,,0.0,,,,0.3,,,,,,,,,,,,,,,,2.47,25.39
2023-02-05,,0.0,,,,0.29,,,,,,,,,,,,,,,,2.33,23.96
2023-02-06,,,,,,0.3,,,,,,,,,,,,,,,,2.48,25.52
2023-02-07,,0.0,,,,0.29,,,,83.98,,,,,,,,,,,,2.68,26.47
2023-02-08,,0.0,,,,0.29,,,,,,,,,,,,,,,,2.43,24.65
2023-02-09,,,,,,0.3,,,,,,,,,,,,,,,,2.17,21.52
2023-02-10,,0.0,,,,0.28,,,,,,,,,,,,,,,,2.65,27.63
2023-02-11,,0.14,,,,0.31,,,,,,,,,,,,,,,,2.28,24.11
2023-02-12,,,,,,0.3,,,,,,,,,,,,,,,,2.31,23.51
2023-02-13,,,,,,0.29,,,,,,,,,,,,,,,,2.3,23.9
2023-02-14,,0.23,,,,0.29,,,,83.74,,,,,,,,,,,,2.64,27.95
2023-02-15,,,,,,0.31,,,,,,,,,,,,,,,,2.1,22.44
2023-02-16,,,,,,0.27,,,,83.66,,,,,,,,,,,,2.5,25.79
2023-02-17,,0.08,,,,0.3,,,,,,,,,,,,,,,,2.36,24.02
2023-02-18,,0.0,,,,0.3,,,,69.77,,,,,,,,,,,,2.4,24.75
2023-02-19,,0.23,,,,0.31,,,,,,,,,,,,,,,,2.23,23.59
2023-02-20,,,,,,0.29,,,,,,,,,,,,,,,,2.36,24.83
2023-02-21,,,,,,0.31,,,,,,,,,,,,,,,,1.96,20.28
2023-02-22,,,,,,0.31,,,,,,,,,,,,,,,,2.31,23.08
2023-02-23,,,,,,0.29,,,,,,,,,,,,,,,,2.18,23.62
2023-02-24,,0.0,,,,0.3,,,,,,,,,,,,,,,,2.36,24.09
2023-02-25,,,,,,0.28,,,,,,,,,,,,,,,,2.93,28.35
2023-02-26,,,,,,0.29,,,,,,,,,,,,,,,,2.3,24.48
2023-02-27,,,,,,0.31,,,,,,,,,,,,,,,,2.29,23.91
2023-02-28,,0.3,,,,0.32,,,,,,,,,,,,,,,,1.95,22.05
2023-03-01,,0.0,,,,0.3,,,,84.28,,,,,,,,,,,,2.74,26.75
2023-03-02,,0.0,,,,0.3,,,,77.04,,,,,,,,,,,,2.48,26.03
2023-03-03,,0.0,,,,0.3,,,,,,,,,,,,,,,,2.38,24.3
2023-03-04,,,,,,0.3,,,,,,,,,,,,,,,,2.3,24.29
2023-03-05,,0.59,,,,0.3,,,,,,,,,,,,,,,,1.97,22.17
2023-03-06,,,,,,0.29,,,,57.2,,,,,,,,,,,,2.63,26.08
2023-03-07,,,,,,,,,,,,,,,,,,,,,,2.71,26.04
2023-03-08,,,,,,0.3,,,,,,,,,,,,,,,,2.24,22.55
2023-03-09,,0.0,,,,0.29,,,,,,,,,,,,,,,,2.42,24.32
2023-03-10,,0.0,,,,0.3,,,,,,,,,,,,,,,,2.47,24.41
2023-03-11,,0.24,,,,0.31,,,,,,,,,,,,,,,,2.12,22.83
2023-03-12,,,,,,0.3,,,,,,,,,,,,,,,,2.08,22.68
2023-03-13,,0.03,,,,0.29,,,,,,,,,,,,,,,,2.72,26.99
2023-03-14,,0.0,,,,0.29,,,,69.42,,,,,,,,,,,,2.65,25.83
2023-03-15,,0.0,,,,0.27,,,,,,,,,,,,,,,,2.74,26.24
2023-03-16,,,,,,0.31,,,,,,,,,,,,,,,,2.48,25.67
2023-03-17,,,,,,0.28,,,,,,,,,,,,,,,,2.56,25.09
2023-03-18,,0.09,,,,0.31,,,,70.68,,,,,,,,,,,,2.05,22.07
2023-03-19,,0.08,,,,0.3,,,,54.87,,,,,,,,,,,,2.45,24.51
2023-03-20,,,,,,0.31,,,,,,,,,,,,,,,,2.38,24.09
2023-03-21,,0.06,,,,0.29,,,,,,,,,,,,,,,,2.37,24.58
2023-03-22,,,,,,0.3,,,,,,,,,,,,,,,,2.45,24.75
2023-03-23,,0.0,,,,0.27,,,,,,,,,,,,,,,,2.44,24.69
2023-03-24,,0.05,,,,0.3,,,,,,,,,,,,,,,,2.29,24.03
2023-03-25,,0.06,,,,0.3,,,,,,,,,,,,,,,,2.36,24.95
2023-03-26,,0.08,,,,0.29,,,,,,,,,,,,,,,,2.25,24.58
2023-03-27,,0.0,,,,0.29,,,,,,,,,,,,,,,,2.37,24.98
2023-03-28,,0.01,,,,0.27,,,,,,,,,,,,,,,,2.73,28.11
2023-03-29,,0.03,,,,0.28,,,,,,,,,,,,,,,,2.5,25.64
2023-03-30,,0.0,,,,0.3,,,,80.55,,,,,,,,,,,,2.47,24.36
2023-03-31,,0.04,,,,0.3,,,,,,,,,,,,,,,,2.4,24.44
2023-04-01,,0.02,,,,0.3,,,,67.86,,,,,,,,,,,,2.44,24.49
2023-04-02,,0.01,,,,0.29,,,,,,,,,,,,,,,,2.5,25.13
2023-04-03,,0.0,,,,0.3,,,,64.54,,,,,,,,,,,,2.34,24.06
2023-04-04,,0.0,,,,0.29,,,,,,,,,,,,,,,,2.73,26.83
2023-04-05,,0.0,,,,0.29,,,,,,,,,,,,,,,,2.53,25.67
2023-04-06,,0.01,,,,0.3,,,,,,,,,,,,,,,,2.39,24.03
2023-04-07,,0.0,,,,0.3,,,,,,,,,,,,,,,,2.36,24.34
2023-04-08,,,,,,0.31,,,,,,,,,,,,,,,,2.32,23.86
2023-04-09,,0.05,,,,0.31,,,,,,,,,,,,,,,,2.45,24.11
2023-04-10,,0.01,,,,0.3,,,,,,,,,,,,,,,,2.47,24.59
2023-04-11,,0.12,,,,0.3,,,,,,,,,,,,,,,,2.43,23.56
2023-04-12,,0.0,,,,0.3,,,,,,,,,,,,,,,,2.43,23.84
2023-04-13,,,,,,,,,,,,,,,,,,,,,,2.26,22.83
2023-04-14,,,,,,0.3,,,,,,,,,,,,,,,,2.52,25.59
2023-04-15,,0.07,,,,0.31,,,,,,,,,,,,,,,,2.13,23.0
2023-04-16,,,,,,0.3,,,,,,,,,,,,,,,,2.14,23.11
2023-04-17,,0.0,,,,0.29,,,,61.78,,,,,,,,,,,,2.91,28.15
2023-04-18,,,,,,0.32,,,,,,,,,,,,,,,,1.97,20.47
2023-04-19,,0.0,,,,0.29,,,,71.91,,,,,,,,,,,,2.51,25.14
2023-04-20,,,,,,0.3,,,,,,,,,,,,,,,,2.36,22.24
2023-04-21,,0.0,,,,0.29,,,,69.41,,,,,,,,,,,,2.69,26.5
2023-04-22,,0.0,,,,0.31,,,,,,,,,,,,,,,,2.23,23.8
2023-04-23,,,,,,0.31,,,,,,,,,,,,,,,,2.23,23.91
2023-04-24,,0.0,,,,0.3,,,,72.31,,,,,,,,,,,,2.46,24.67
2023-04-25,86.78,0.03,1463.73,,,0.3,,,,,,,,,,,,,,,,2.3,24.85
2023-04-26,55.88,0.01,1700.57,,,0.29,,,,,,,,,,,,,,,,2.35,23.62
2023-04-27,161.8,0.01,1665.87,,,0.29,,,,,,,,,,,,,,,,2.47,24.49
2023-04-28,157.8,0.01,1609.28,,,0.3,,,,,,,,,,,,,,,,2.27,22.87
2023-04-29,247.48,0.01,1675.57,,,0.3,,,,66.4,,,,,,,,,,,,2.17,22.23
2023-04-30,100.11,0.01,1669.31,,,0.3,,,,,,,,,,,,,,,,2.28,22.71
2023-05-01,22.43,,1690.09,,,0.3,,,,,,,,,,,,,,,,2.1,21.39
2023-05-02,52.1,0.01,1608.48,,,0.29,,,,60.15,,,,,,,,,,,,2.39,23.85
2023-05-03,57.17,0.03,1649.92,,,0.3,,,,,,,,,,,,,,,,2.27,22.83
2023-05-04,62.66,0.0,1640.42,,,0.29,,,,,,,,,,,,,,,,2.41,23.7
2023-05-05,100.72,0.01,1681.06,,,0.3,,,,,,,,,,,,,,,,2.24,23.84
2023-05-06,204.42,0.04,1640.69,,,0.3,,,,,,,,,,,,,,,,2.14,22.84
2023-05-07,120.3,0.01,1639.54,,,0.31,,,,,,,,,,,,,,,,2.08,22.86
2023-05-08,73.61,0.04,1659.05,,,0.3,,,,,,,,,,,,,,,,2.34,23.91
2023-05-09,144.03,0.05,1673.58,,,0.3,,,,,,,,,,,,,,,,2.15,23.09
2023-05-10,49.06,0.1,1650.0,,,0.3,,,,,,,,,,,,,,,,2.17,21.65
2023-05-11,54.93,0.02,1679.86,,,0.29,,,,,,,,,,,,,,,,2.46,23.36
2023-05-12,144.56,0.02,1636.14,,,0.3,,,,,,,,,,,,,,,,2.34,22.95
2023-05-13,124.53,0.06,1667.69,,,0.3,,,,,,,,,,,,,,,,2.42,24.58
2023-05-14,112.56,0.0,1671.76,,,0.3,,,,,,,,,,,,,,,,2.3,23.76
2023-05-15,100.91,0.03,1657.96,,,0.29,,,,64.48,,,,,,,,,,,,2.33,23.33
2023-05-16,138.69,0.03,1651.48,,,0.3,,,,,,,,,,,,,,,,2.42,24.47
2023-05-17,212.25,0.0,1654.88,,,0.29,,,,,,,,,,,,,,,,2.62,25.44
2023-05-18,115.08,0.0,1651.91,,,0.3,,,,,,,,,,,,,,,,2.22,21.76
2023-05-19,129.03,0.0,1680.71,,,0.29,,,,70.12,,,,,,,,,,,,2.42,24.56
2023-05-20,170.83,0.05,1639.94,,,0.3,,,,,,,,,,,,,,,,2.17,22.84
2023-05-21,251.92,0.04,1708.69,,,0.3,,,,,,,,,,,,,,,,2.31,23.76
2023-05-22,102.47,0.04,1650.81,,,0.31,,,,,,,,,,,,,,,,2.14,22.51
2023-05-23,85.9,0.02,1688.98,,,0.3,,,,61.3,,,,,,,,,,,,2.14,22.85
2023-05-24,57.48,0.01,1641.53,,,0.3,,,,66.44,,,,,,,,,,,,2.18,22.65
2023-05-25,301.38,0.0,1636.7,,,0.29,,,,,,,,,,,,,,,,2.51,25.18
2023-05-26,67.12,0.0,1681.31,,,0.3,,,,,,,,,,,,,,,,2.35,23.44
2023-05-27,155.73,0.06,1659.35,,,0.3,,,,,,,,,,,,,,,,2.11,22.31
2023-05-28,557.11,0.01,1740.54,,,0.3,,,,,,,,,,,,,,,,2.35,24.0
2023-05-29,207.95,0.01,1657.06,,,0.3,,,,,,,,,,,,,,,,2.44,24.61
2023-05-30,934.41,0.0,1747.86,,,0.28,,,,,,,,,,,,,,,,2.86,27.04
2023-05-31,160.98,0.02,1658.96,,,0.29,,,,,,,,,,,,,,,,2.53,25.47
2023-06-01,128.88,0.02,1679.94,,,0.3,,,,,,,,,,,,,,,,2.37,23.13
2023-06-02,86.68,0.05,1637.34,,,0.3,,,,,,,,,,,,,,,,2.24,23.24
2023-06-03,192.53,0.01,1695.59,,,0.3,,,,,,,,,,,,,,,,2.4,24.49
2023-06-04,145.86,0.01,1636.2,,,0.3,,,,,,,,,,,,,,,,2.42,23.52
2023-06-05,81.34,0.02,1674.12,,,0.3,,,,,,,,,,,,,,,,2.2,22.28
2023-06-06,31.37,0.03,1678.77,,,0.29,,,,,,,,,,,,,,,,2.43,23.57
2023-06-07,221.86,0.01,1600.96,,,0.29,,,,,,,,,,,,,,,,2.48,24.55
2023-06-08,128.72,0.01,1681.28,,,0.29,,,,66.67,,,,,,,,,,,,2.41,23.39
2023-06-09,132.72,0.01,1682.14,,,0.29,,,,65.87,,,,,,,,,,,,2.41,23.98
2023-06-10,109.09,0.03,1607.31,,,0.29,,,,,,,,,,,,,,,,2.5,25.44
2023-06-11,285.53,0.11,1741.92,,,0.31,,,,,,,,,,,,,,,,1.99,22.03
2023-06-12,193.41,0.0,1621.68,,,0.29,,,,75.89,,,,,,,,,,,,2.53,25.06
2023-06-13,175.92,0.0,1642.93,,,0.29,,,,73.9,,,,,,,,,,,,2.46,24.13
2023-06-14,39.25,,1642.86,,,0.3,,,,,,,,,,,,,,,,2.25,23.23
2023-06-15,148.96,0.02,1694.17,,3.33,0.3,,,17.0,66.9,,,,,,,,,,,5544.0,2.26,22.4
2023-06-16,103.7,0.01,1610.28,,2.16,0.29,,,4.0,77.7,,,,,,,,,,,3805.0,2.41,24.49
2023-06-17,151.71,0.06,1668.48,,3.74,0.3,,,6.0,,,,,,,,,,,,6414.0,2.34,23.83
2023-06-18,244.9,0.01,1673.71,,6.36,0.3,,,9.0,,,,,,,,,,,,10521.0,2.38,23.59
2023-06-19,206.83,0.0,1643.5,,3.28,0.29,43.99,,19.0,55.56,,15.05,,,,,,,0.98,2.0,4732.0,2.3,22.78
2023-06-20,662.48,0.1,1948.22,,6.73,0.31,56.4,49.0,22.0,70.71,,14.82,,,,,,1.09,0.94,155.0,8733.0,2.19,22.77
2023-06-21,868.73,0.0,1950.45,,5.53,0.31,58.6,99.0,19.0,66.77,,15.43,,,,,,1.14,0.89,150.0,8132.0,2.23,22.47
2023-06-22,827.18,0.03,1958.87,,7.48,0.3,60.52,99.0,30.0,63.67,,14.68,,,,,,1.07,0.88,166.0,10564.0,2.43,23.69
2023-06-23,1358.67,0.02,1951.13,,16.5,0.31,61.7,76.0,41.0,,,14.41,297.92,223.38,5.6,0.94,9.84,0.95,0.9,140.0,13868.0,2.34,23.47
2023-06-24,680.67,0.02,1958.43,,12.19,0.31,60.51,65.0,21.0,,,,,,,,,1.18,0.89,181.0,17871.0,2.17,22.36
2023-06-25,1424.58,0.04,2016.11,,19.47,0.31,60.2,66.0,56.0,67.41,,14.05,315.26,201.11,5.02,0.87,9.28,1.01,0.85,228.0,18590.0,2.29,24.24
2023-06-26,829.83,0.0,1956.7,,8.38,0.3,57.28,69.0,23.0,59.6,,14.18,,,,,,1.01,0.87,124.0,9435.0,2.35,22.5
2023-06-27,1281.57,0.18,1929.28,,14.05,0.31,55.06,70.0,39.0,,,14.32,296.98,224.14,5.69,0.93,9.67,0.94,0.91,101.0,10309.0,2.06,20.96
2023-06-28,1073.83,0.07,1935.78,,12.78,0.3,62.96,94.0,24.0,67.72,,16.14,,,,,,1.1,1.02,193.0,15778.0,2.21,23.61
2023-06-29,1249.81,0.06,1870.36,,21.42,0.31,71.97,62.0,5.0,,,,306.29,203.14,5.45,0.89,9.88,1.35,0.83,176.0,20267.0,2.2,22.79
2023-06-30,1439.6,0.03,1851.4,,28.6,0.3,68.92,74.0,14.0,,,,310.38,212.08,5.66,0.84,9.54,0.79,0.77,141.0,26789.0,2.32,23.73
2023-07-01,1077.14,0.01,1848.29,,16.74,0.31,59.47,55.0,37.0,,,18.03,311.12,215.8,5.49,0.91,9.68,0.99,0.88,91.0,15220.0,2.17,21.9
2023-07-02,1053.36,0.05,1955.42,,14.06,0.31,60.27,88.0,26.0,,,14.63,,,,,,1.2,1.12,186.0,17624.0,2.22,23.04
2023-07-03,836.41,0.04,1903.31,,6.95,0.31,55.39,70.0,12.0,82.86,,13.97,,,,,,1.09,0.91,104.0,7457.0,2.09,21.72
2023-07-04,878.05,0.03,1941.38,,7.96,0.31,55.52,103.0,13.0,64.16,,14.83,,,,,,1.18,0.9,150.0,11029.0,2.21,22.49
2023-07-05,1014.85,0.02,1901.56,,11.78,0.3,55.78,78.0,18.0,63.63,,13.9,,,,,,1.05,0.93,142.0,13047.0,2.4,23.79
2023-07-06,1077.95,0.02,1956.25,,12.94,0.31,59.39,98.0,25.0,62.04,,15.39,,,,,,1.13,0.91,182.0,15634.0,2.15,22.83
2023-07-07,1058.34,0.02,2018.62,,13.46,0.3,64.33,77.0,43.0,,,13.59,,,,,,1.18,0.97,176.0,17143.0,2.31,22.83
2023-07-08,664.57,0.06,1996.29,,10.77,0.29,64.28,22.0,14.0,,,16.97,,,,,,1.3,1.1,239.0,14398.0,2.49,24.35
2023-07-09,137.69,0.06,1781.64,,2.49,0.32,49.26,9.0,13.0,,,14.61,,,,,,1.34,0.9,29.0,3884.0,2.09,21.85
2023-07-10,882.34,0.0,1904.26,,11.85,0.3,54.07,73.0,40.0,65.02,,14.68,,,,,,1.09,0.96,126.0,13771.0,2.48,24.46
2023-07-11,1027.13,0.01,1936.89,,11.38,0.3,56.11,105.0,24.0,63.21,,14.77,,,,,,0.96,0.89,166.0,13595.0,2.42,23.98
2023-07-12,874.11,0.02,1854.0,,8.16,0.29,57.23,88.0,22.0,65.82,,14.02,,,,,,1.04,0.9,121.0,8894.0,2.57,25.88
2023-07-13,1759.57,0.0,1869.75,,22.46,0.31,56.55,78.0,42.0,,,15.47,293.32,222.22,5.82,0.92,9.9,1.0,0.89,103.0,13349.0,2.07,20.87
2023-07-14,1081.79,0.01,1909.14,,14.27,0.3,59.29,84.0,16.0,83.16,,14.07,,,,,,0.84,1.05,213.0,17776.0,2.28,23.17
2023-07-15,458.79,0.05,1951.42,,7.28,0.31,61.28,14.0,12.0,,,14.69,,,,,,1.17,0.79,124.0,10587.0,2.15,22.51
2023-07-16,1936.79,0.03,1954.69,,25.46,0.31,58.5,134.0,42.0,66.37,,15.0,292.07,220.06,5.72,0.89,9.87,1.07,0.93,222.0,20686.0,2.16,22.43
2023-07-17,616.45,0.0,1885.93,,5.13,0.3,56.67,56.0,14.0,72.84,,14.57,,,,,,1.11,0.98,118.0,7276.0,2.59,25.26
2023-07-18,565.65,0.02,1867.96,,5.45,0.31,56.61,64.0,21.0,69.2,,16.48,,,,,,1.27,0.83,104.0,7954.0,2.26,23.66
2023-07-19,880.78,0.01,1894.72,,8.6,0.3,55.5,78.0,21.0,63.25,,14.7,,,,,,1.0,0.87,120.0,9583.0,2.35,24.53
2023-07-20,1843.89,,1878.97,,23.31,0.31,53.91,80.0,44.0,65.63,,14.17,281.84,235.24,6.14,0.95,10.26,0.96,0.81,114.0,14114.0,2.13,22.09
2023-07-21,1071.96,0.01,2028.95,,17.49,0.3,61.63,151.0,31.0,,,14.27,,,,,,1.13,0.95,178.0,23432.0,2.45,24.2
2023-07-22,552.69,0.04,1866.55,,11.15,0.3,71.42,34.0,11.0,,,16.78,,,,,,0.92,0.85,153.0,16138.0,2.33,23.99
2023-07-23,316.41,0.01,1851.15,,5.43,0.31,58.86,26.0,6.0,,,16.41,,,,,,0.93,0.86,70.0,8083.0,2.11,22.01
2023-07-24,606.87,0.0,1848.15,,4.42,0.3,61.46,62.0,19.0,,,15.91,,,,,,1.11,0.91,105.0,6421.0,2.36,22.56
2023-07-25,732.78,0.04,1892.03,,8.93,0.31,56.66,85.0,23.0,46.25,,13.95,,,,,,1.19,0.97,154.0,12531.0,2.19,23.39
2023-07-26,693.19,0.14,1936.53,,7.45,0.31,55.28,81.0,16.0,63.2,,13.58,,,,,,1.1,0.89,175.0,10588.0,2.21,23.13
2023-07-27,2026.77,0.04,1925.58,,29.72,0.31,55.1,98.0,35.0,66.02,,13.8,277.94,244.7,6.27,0.96,9.74,0.99,0.84,188.0,23040.0,2.2,23.31
2023-07-28,622.67,0.03,1903.07,,6.4,0.3,61.79,62.0,16.0,66.67,,15.02,,,,,,1.09,0.81,105.0,9007.0,2.52,24.76
2023-07-29,1104.3,0.09,2037.34,,17.61,0.31,63.27,102.0,33.0,56.26,,15.19,,,,,,1.18,0.99,257.0,26140.0,2.14,23.36
2023-07-30,609.58,0.02,1856.23,,10.14,0.3,54.94,65.0,21.0,,,14.79,,,,,,1.05,1.04,138.0,14852.0,2.26,22.81
2023-07-31,1762.48,,1859.34,,23.5,0.31,55.4,71.0,39.0,66.63,,14.06,263.48,249.1,6.57,1.0,10.09,0.96,0.89,114.0,13905.0,2.16,22.05
2023-08-01,745.3,0.03,1857.31,,6.41,0.3,54.55,73.0,18.0,57.52,,14.77,,,,,,1.06,0.96,140.0,9252.0,2.31,23.62
2023-08-02,561.49,0.0,1850.3,,4.29,0.3,53.81,71.0,12.0,68.6,,14.98,,,,,,1.17,1.11,100.0,6112.0,2.49,24.8
2023-08-03,721.99,0.05,1896.53,,7.53,0.3,57.52,73.0,19.0,,,15.08,,,,,,1.0,0.9,145.0,10475.0,2.38,23.88
2023-08-04,1917.78,0.02,1898.51,,28.66,0.3,56.18,89.0,40.0,65.1,,15.06,266.38,247.11,6.61,0.99,9.53,1.0,0.9,152.0,21423.0,2.19,22.53
2023-08-05,480.17,0.03,1855.05,,12.19,0.3,59.48,21.0,24.0,59.39,,15.41,,,,,,1.04,0.87,157.0,18012.0,2.27,23.28
2023-08-06,670.47,0.03,1925.37,,15.97,0.3,66.05,45.0,18.0,,,14.99,,,,,,1.14,0.87,174.0,23732.0,2.23,23.39
2023-08-07,607.39,0.03,1853.13,,16.2,0.3,61.0,48.0,22.0,,,14.82,,,,,,1.06,0.89,200.0,22418.0,2.29,24.08
2023-08-08,492.14,0.03,1886.48,,9.78,0.31,62.71,28.0,19.0,72.15,,15.26,,,,,,0.84,0.98,119.0,14625.0,2.27,23.69
2023-08-09,169.73,0.02,1747.36,,4.57,0.31,54.56,9.0,20.0,,,14.79,,,,,,1.05,0.89,31.0,6754.0,2.28,23.32
2023-08-10,1874.14,,1891.04,,25.09,0.32,53.42,95.0,41.0,66.21,,14.49,281.37,216.53,5.67,0.94,9.55,0.98,0.94,166.0,16982.0,1.98,21.11
2023-08-11,847.83,0.0,1916.45,,8.39,0.3,59.42,86.0,24.0,64.39,,14.59,,,,,,1.0,0.9,169.0,11636.0,2.48,24.15
2023-08-12,566.99,0.06,1914.88,,10.01,0.31,59.55,28.0,21.0,,,14.73,,,,,,1.14,0.81,186.0,14782.0,2.14,23.03
2023-08-13,775.71,0.02,1927.65,,10.42,0.3,63.96,70.0,19.0,68.07,,14.9,,,,,,1.17,0.87,199.0,14952.0,2.39,24.21
2023-08-14,713.02,0.0,1832.62,,9.75,0.29,53.21,92.0,34.0,73.85,,14.96,,,,,,0.98,0.9,128.0,13310.0,2.56,25.76
2023-08-15,1870.52,0.03,1871.08,,28.09,0.31,54.73,88.0,34.0,66.0,,15.03,271.21,241.43,6.51,0.99,9.78,0.99,0.84,150.0,20258.0,2.21,23.92
2023-08-16,760.41,0.0,1864.56,,6.47,0.29,57.49,91.0,20.0,,,14.91,,,,,,1.03,0.86,131.0,9072.0,2.4,23.5
2023-08-17,730.08,0.01,1904.16,,7.33,0.29,60.17,79.0,32.0,69.54,,15.35,,,,,,1.09,0.94,138.0,10584.0,2.49,24.17
2023-08-18,1883.9,0.06,1822.7,,27.41,0.3,57.3,81.0,36.0,65.98,,15.93,255.65,258.75,7.01,1.03,9.8,1.02,0.91,143.0,19035.0,2.16,22.27
2023-08-19,430.13,0.08,1872.82,,10.69,0.3,58.92,13.0,18.0,,,14.87,,,,,,1.2,0.86,130.0,15980.0,2.18,22.55
2023-08-20,618.57,0.03,1921.08,,8.99,0.31,56.41,57.0,14.0,64.13,,14.36,,,,,,1.05,0.83,158.0,13104.0,2.14,22.11
2023-08-21,620.94,0.02,1808.22,,6.04,0.31,56.65,71.0,21.0,,,15.42,,,,,,1.15,0.95,130.0,8763.0,2.06,21.69
2023-08-22,1896.77,0.04,1859.66,,27.52,0.3,54.7,101.0,50.0,66.81,,14.91,271.44,239.16,6.41,0.98,9.54,1.02,0.87,158.0,19614.0,2.31,23.87
2023-08-23,908.74,0.01,1879.7,,14.13,0.28,57.77,113.0,31.0,70.38,,15.24,,,,,,1.1,0.95,171.0,18487.0,2.87,26.96
2023-08-24,647.64,0.02,1785.18,,9.02,0.3,52.69,91.0,35.0,69.44,,15.04,,,,,,1.0,0.85,113.0,12575.0,2.38,23.81
2023-08-25,1564.71,0.02,1891.3,,19.14,0.31,57.75,91.0,57.0,70.42,,14.76,301.25,160.79,4.02,0.96,10.4,1.03,1.01,165.0,15413.0,2.17,23.14
2023-08-26,471.74,0.03,1840.17,,11.42,0.3,62.46,15.0,9.0,,,14.94,,,,,,0.97,0.75,166.0,17144.0,2.28,23.31
2023-08-27,667.5,0.01,1894.7,,7.5,0.3,63.05,69.0,12.0,82.51,,14.94,,,,,,1.1,0.93,147.0,11217.0,2.28,23.22
2023-08-28,1889.65,0.0,1851.29,,25.76,0.31,52.48,91.0,50.0,71.84,,15.45,264.99,254.83,6.89,1.02,9.61,0.96,0.88,134.0,16423.0,2.25,22.4
2023-08-29,923.41,0.01,1843.52,,9.17,0.3,55.54,108.0,40.0,66.68,,15.62,,,,,,1.01,0.87,146.0,12697.0,2.3,23.12
2023-08-30,639.15,0.01,1835.05,,5.53,0.29,55.21,67.0,12.0,71.31,,14.89,,,,,,1.22,0.9,113.0,7598.0,2.54,23.83
2023-08-31,605.73,0.0,1862.6,,4.81,0.3,56.41,66.0,14.0,48.5,,14.25,,,,,,1.11,0.92,115.0,6803.0,2.2,22.2
2023-09-01,2431.15,0.03,1903.96,,31.86,0.29,58.58,127.0,61.0,70.78,,14.69,317.12,184.59,4.78,0.86,9.28,1.0,0.86,172.0,20999.0,2.41,24.47
2023-09-02,596.85,0.01,1920.09,,10.9,0.3,60.7,26.0,12.0,,,14.36,,,,,,1.24,0.98,176.0,15764.0,2.33,23.36
2023-09-03,761.47,0.02,1948.58,,10.01,0.31,62.14,83.0,12.0,53.41,,14.54,,,,,,1.24,0.99,190.0,14844.0,2.33,23.73
2023-09-04,1961.2,0.02,1858.94,,31.58,0.3,57.55,80.0,41.0,71.32,,14.69,263.52,266.56,7.15,1.04,9.92,1.06,0.9,197.0,25139.0,2.31,23.16
2023-09-05,823.48,0.01,1871.05,,9.2,0.3,59.1,92.0,53.0,68.84,,15.62,,,,,,1.07,0.93,143.0,12769.0,2.31,22.81
2023-09-06,673.81,0.02,1836.06,,6.25,0.3,55.93,69.0,21.0,76.61,,15.33,,,,,,1.05,0.95,150.0,9259.0,2.37,23.71
2023-09-07,670.92,0.03,1841.87,,6.56,0.3,58.11,69.0,32.0,69.44,,15.52,,,,,,1.09,0.85,147.0,9171.0,2.28,23.68
2023-09-08,2378.71,0.01,1864.55,,32.55,0.29,63.17,130.0,47.0,65.51,,15.11,315.07,182.75,4.9,0.86,9.45,0.87,0.81,170.0,22315.0,2.35,22.97
2023-09-09,476.8,0.03,1865.46,,9.66,0.3,63.25,26.0,13.0,,,14.08,,,,,,1.17,0.99,141.0,14211.0,2.28,23.26
2023-09-10,228.69,0.02,1742.35,,4.94,0.3,56.37,10.0,22.0,,,14.02,,,,,,1.16,0.94,75.0,7602.0,2.18,22.28
2023-09-11,572.58,0.08,1827.58,,5.18,0.3,58.2,61.0,16.0,,,13.26,,,,,,1.16,0.91,132.0,7680.0,2.25,23.11
2023-09-12,684.82,0.02,1838.07,,6.24,0.3,56.26,74.0,17.0,66.53,,14.37,,,,,,1.09,0.89,142.0,9084.0,2.32,23.33
2023-09-13,261.26,0.04,1774.58,,3.87,0.3,54.36,14.0,14.0,,,14.81,,,,,,1.01,0.91,60.0,5570.0,2.39,23.46
2023-09-14,1755.61,0.01,1874.05,,27.58,0.31,56.42,83.0,49.0,71.62,,13.56,278.82,237.38,6.46,0.99,10.21,0.99,0.92,206.0,23130.0,2.08,21.7
2023-09-15,593.25,0.03,1888.36,,13.3,0.31,73.12,16.0,16.0,,,19.5,,,,,,1.2,0.99,186.0,20431.0,2.2,23.05
2023-09-16,355.57,0.02,1919.71,,6.23,0.29,73.61,10.0,6.0,,,15.18,,,,,,,1.2,59.0,9298.0,2.46,24.77
2023-09-17,1693.33,0.04,1917.48,,24.17,0.3,62.11,76.0,15.0,73.87,,14.86,271.77,213.11,6.01,0.98,9.93,1.06,0.85,226.0,19163.0,2.15,22.99
2023-09-18,355.59,0.04,1780.46,,5.79,0.3,60.87,19.0,12.0,,,14.59,,,,,,1.04,0.91,81.0,8657.0,2.09,22.31
2023-09-19,1242.81,0.04,1879.74,,15.24,0.3,59.52,126.0,174.0,63.69,,14.47,,,,,,1.1,0.9,255.0,22326.0,2.4,24.27
2023-09-20,235.64,0.08,1742.06,,4.81,0.3,55.82,10.0,9.0,,,14.62,,,,,,,1.08,55.0,7285.0,2.23,22.91
2023-09-21,2516.96,0.02,1865.36,,39.46,0.3,61.26,104.0,9.0,90.34,,15.61,278.53,224.45,6.4,0.94,9.62,0.86,0.8,195.0,26546.0,2.46,23.99
2023-09-22,468.82,0.1,1886.56,,7.02,0.3,61.7,16.0,4.0,,,15.84,,,,,,,0.89,144.0,10251.0,2.15,22.12
2023-09-23,1290.32,0.02,1848.92,,22.5,0.3,58.69,60.0,15.0,,,13.65,301.58,199.5,5.49,0.88,9.35,0.91,0.91,182.0,22192.0,2.16,23.75
2023-09-24,989.03,0.02,1826.33,,15.9,0.3,58.25,46.0,177.0,,,13.9,,115.46,2.25,,9.55,0.94,0.83,142.0,20124.0,2.31,24.8
2023-09-25,1707.19,0.07,1765.64,,26.28,0.31,56.84,81.0,3.0,72.49,,14.39,281.24,215.98,6.18,0.92,10.13,0.85,0.76,115.0,16376.0,2.22,22.51
2023-09-26,632.87,0.03,1826.11,,7.62,0.3,58.01,70.0,4.0,,,14.69,,,,,,0.69,0.8,173.0,9884.0,2.31,23.68
2023-09-27,496.75,0.02,1861.67,,10.63,0.3,62.47,19.0,21.0,,,14.04,,,,,,1.13,1.11,142.0,15521.0,2.36,24.39
2023-09-28,1647.2,0.02,1885.4,,30.7,0.29,66.3,98.0,107.0,,,14.61,301.59,187.84,4.79,0.93,9.87,1.03,0.92,218.0,30790.0,2.75,26.57
2023-09-29,768.85,0.03,1916.41,,18.29,0.3,64.57,67.0,30.0,,,14.16,,,,,,0.93,0.75,227.0,26161.0,2.36,24.22
2023-09-30,334.56,0.04,1814.1,,7.69,0.3,72.58,15.0,20.0,,,16.74,,,,,,1.36,0.83,69.0,11576.0,2.41,24.69
2023-10-01,443.77,0.05,1881.67,,6.73,0.3,60.68,19.0,9.0,,,14.55,,,,,,,0.92,149.0,10066.0,2.34,23.31
2023-10-02,453.34,0.01,1813.71,,7.35,0.29,58.24,43.0,6.0,,,14.74,,,,,,0.99,,126.0,10158.0,2.63,26.27
2023-10-03,472.38,0.02,1843.8,,10.55,0.3,58.8,27.0,6.0,,,14.5,,,,,,1.13,0.93,136.0,15831.0,2.37,24.39
2023-10-04,408.92,0.01,1886.46,,5.42,0.3,62.52,3.0,5.0,,,15.63,,,,,,0.79,0.67,118.0,7888.0,2.46,24.55
2023-10-05,318.88,0.05,1827.4,,4.68,0.31,68.38,10.0,3.0,,,18.12,,,,,,1.08,0.92,105.0,6993.0,2.21,23.03
2023-10-06,392.64,0.03,1499.45,,10.93,0.3,59.33,7.0,5.0,75.35,,15.36,,,,,,0.79,0.98,125.0,17292.0,2.29,23.52
2023-10-07,13.28,0.04,150.65,,2.73,0.3,46.47,1.0,11.0,84.39,,16.2,,,,,,1.1,0.72,4.0,4537.0,2.3,23.31
2023-10-08,446.3,,1863.31,,5.91,0.31,56.06,23.0,18.0,,,15.61,,,,,,1.14,0.98,125.0,8177.0,2.2,23.36
2023-10-09,243.56,0.02,1842.73,,3.89,0.3,56.01,7.0,10.0,,,15.27,,,,,,1.28,0.96,51.0,5876.0,2.21,22.28
2023-10-10,232.62,0.05,1785.4,,3.08,0.3,55.01,4.0,11.0,,,14.83,,,,,,1.24,0.94,65.0,4563.0,2.16,21.38
2023-10-11,671.38,0.01,1881.27,,7.87,0.3,56.18,66.0,13.0,84.23,,13.47,,,,,,1.39,0.97,139.0,8605.0,2.26,22.78
2023-10-12,613.86,0.04,1795.14,,10.56,0.3,54.95,53.0,26.0,61.28,,14.01,,,,,,1.15,1.03,127.0,12295.0,2.44,24.99
2023-10-13,1187.98,0.0,1898.01,,19.32,0.3,60.12,70.0,26.0,,,13.85,309.89,183.84,4.99,0.87,9.92,1.04,1.1,200.0,19729.0,2.42,24.35
2023-10-14,788.92,0.06,1871.19,,10.35,0.3,63.21,52.0,10.0,79.78,,14.12,,,,,,1.2,0.88,159.0,11909.0,2.45,24.86
2023-10-15,438.34,0.13,1851.75,,8.86,0.3,63.94,15.0,9.0,,,15.59,,,,,,1.02,0.98,170.0,13240.0,2.14,23.06
2023-10-16,646.08,0.01,1822.19,,7.65,0.3,55.14,55.0,17.0,0.0,,14.59,,,,,,1.08,0.95,106.0,7933.0,2.41,23.99
2023-10-17,640.19,0.02,1778.8,,12.2,0.3,54.21,80.0,34.0,80.27,,13.37,,,,,,1.07,0.94,140.0,14842.0,2.44,24.48
2023-10-18,623.46,0.04,1833.03,,5.44,0.3,56.06,67.0,26.0,71.8,,14.26,,,,,,1.05,0.85,145.0,7793.0,2.09,21.36
2023-10-19,585.85,0.04,1806.76,,8.95,0.31,58.62,62.0,18.0,,,15.28,,,,,,,1.21,141.0,10356.0,2.19,22.61
2023-10-20,1881.45,0.02,1834.73,,27.88,0.3,56.2,83.0,40.0,72.68,,13.62,276.49,229.7,6.33,0.96,10.27,0.93,0.93,153.0,19519.0,2.26,23.36
2023-10-21,161.42,0.03,1703.07,,5.67,0.3,54.66,8.0,12.0,,,13.78,,,,,,1.46,0.91,62.0,8857.0,2.23,23.33
2023-10-22,778.08,0.01,1856.11,,16.02,0.3,63.39,83.0,27.0,66.81,,15.0,,,,,,1.22,0.92,209.0,20459.0,2.32,23.6
2023-10-23,626.05,0.0,1781.89,,7.96,0.3,56.86,62.0,20.0,70.17,,14.61,,,,,,1.11,0.97,97.0,8351.0,2.24,23.07
2023-10-24,803.62,0.0,1900.86,,11.38,0.3,60.84,75.0,25.0,72.75,,14.32,,,,,,1.05,0.98,162.0,12632.0,2.48,24.06
2023-10-25,845.08,0.01,1862.03,,15.51,0.29,58.41,90.0,20.0,81.73,,14.18,,,,,,1.18,0.9,176.0,18478.0,2.48,24.41
2023-10-26,383.25,0.05,1763.43,,5.39,0.31,57.8,20.0,15.0,,,14.75,,,,,,1.27,1.01,72.0,7802.0,2.12,22.53
2023-10-27,509.84,0.06,1880.4,,12.25,0.3,58.19,36.0,34.0,83.47,,13.24,,,,,,1.27,1.14,135.0,18122.0,2.35,24.01
2023-10-28,1924.48,0.0,1805.62,,27.88,0.3,63.39,105.0,58.0,72.91,,16.09,286.12,218.55,6.1,0.94,9.92,0.97,1.05,162.0,19832.0,2.05,20.63
2023-10-29,651.22,0.04,1811.44,,9.65,0.31,54.21,74.0,15.0,48.77,,14.13,,,,,,1.22,0.99,136.0,10935.0,2.2,22.48
2023-10-30,298.57,0.04,1695.66,,4.66,0.31,55.14,12.0,13.0,,,13.66,,,,,,1.11,1.08,68.0,6896.0,2.05,21.86
2023-10-31,,0.28,,,3.93,0.31,,,9.0,,,,,,,,,,,,6777.0,1.93,21.8
2023-11-01,,,,,1.0,0.31,,,4.0,,,,,,,,,,,,1732.0,2.01,19.29
2023-11-02,,,,,1.02,0.29,,,8.0,,,,,,,,,,,,1711.0,2.31,22.64
2023-11-03,281.69,0.02,1146.18,,5.14,0.3,59.2,9.0,11.0,,,14.61,,,,,,1.13,0.8,68.0,7510.0,2.44,24.31
2023-11-04,265.33,0.03,1790.01,,7.16,0.29,60.86,11.0,14.0,,,14.14,,,,,,1.14,1.21,88.0,11012.0,2.34,23.39
2023-11-05,438.54,0.03,1776.91,,11.25,0.3,64.31,8.0,17.0,,,15.03,,,,,,1.05,1.06,140.0,16445.0,2.39,23.61
2023-11-06,262.35,0.01,1746.11,,3.89,0.3,57.33,16.0,27.0,,,14.43,,,,,,1.2,0.98,58.0,5602.0,2.24,22.38
2023-11-07,415.35,0.01,1787.21,,7.16,0.29,61.57,21.0,19.0,14.86,,14.72,,,,,,1.17,0.97,95.0,10229.0,2.5,24.24
2023-11-08,233.63,0.02,1689.65,,8.17,0.28,68.32,38.0,5.0,,,14.56,,,,,,,,49.0,11088.0,2.78,27.24
2023-11-09,674.32,0.03,1800.93,,18.08,0.29,58.17,64.0,23.0,,,15.96,,,,,,0.82,1.14,168.0,25205.0,2.5,25.9
2023-11-10,768.89,0.02,1833.19,,10.29,0.3,59.68,60.0,7.0,62.93,,15.45,231.19,166.81,4.82,1.04,10.6,1.79,,150.0,12811.0,2.42,25.01
2023-11-11,887.39,0.02,1821.1,,10.11,0.3,55.14,77.0,9.0,76.28,,14.91,,,,,,0.83,0.98,141.0,11369.0,2.56,25.13
2023-11-12,621.71,0.0,1761.17,,7.46,0.29,51.12,49.0,,75.21,,16.34,,,,,,,,93.0,7932.0,2.67,26.24
2023-11-13,989.26,0.01,1848.58,,13.81,0.28,61.99,76.0,21.0,81.37,,16.55,,,,,,1.27,1.78,155.0,16373.0,2.93,28.64
2023-11-14,1060.71,0.03,1922.41,,25.41,0.3,66.79,101.0,68.0,80.21,,19.67,,,,,,1.12,1.02,250.0,34680.0,2.53,25.61
2023-11-15,922.9,0.02,1926.52,,16.89,0.29,61.15,63.0,17.0,71.59,,16.51,,,,,,1.14,1.13,186.0,20873.0,2.62,26.5
2023-11-16,594.58,0.01,1908.32,,11.76,0.29,69.9,25.0,10.0,76.88,,15.73,,,,,,1.35,0.96,157.0,17093.0,2.66,25.86
2023-11-17,247.28,0.04,1784.77,,6.11,0.3,56.43,24.0,30.0,,,15.96,,,,,,1.06,0.92,52.0,8633.0,2.53,25.02
2023-11-18,837.0,0.02,1907.37,,14.91,0.3,66.44,71.0,33.0,74.01,,16.25,,,,,,1.18,1.0,215.0,18589.0,2.35,23.59
2023-11-19,532.29,0.0,1897.86,,8.96,0.31,58.6,26.0,19.0,67.52,,15.14,,,,,,1.14,0.91,149.0,13017.0,2.13,22.2
2023-11-20,8.38,0.02,1677.53,,1.18,0.31,40.8,1.0,3.0,,,13.5,,,,,,,,1.0,2085.0,2.17,22.19
2023-11-21,567.96,0.02,1915.07,,10.84,0.3,59.4,39.0,16.0,63.81,,14.59,,,,,,1.19,0.95,115.0,12829.0,2.42,24.44
2023-11-22,695.25,0.0,1819.53,,9.68,0.28,57.2,67.0,20.0,,,14.43,,,,,,1.24,1.03,134.0,10684.0,2.7,26.67
2023-11-23,514.01,0.0,1884.73,,10.07,0.28,60.96,30.0,23.0,,,14.58,,,,,,1.4,0.95,183.0,13252.0,2.4,24.8
2023-11-24,490.25,0.0,1825.28,,9.4,0.29,54.39,60.0,16.0,70.98,,13.94,,,,,,1.12,1.03,91.0,10417.0,2.74,26.71
2023-11-25,640.5,0.08,1818.92,,9.54,0.3,64.58,55.0,21.0,71.39,,14.04,,,,,,1.31,0.84,125.0,10664.0,2.37,23.39
2023-11-26,538.09,,1944.6,,7.47,0.31,59.3,30.0,34.0,,,13.5,,,,,,1.35,1.01,125.0,10719.0,2.19,21.69
2023-11-27,694.16,0.0,1862.17,,7.65,0.3,58.29,64.0,25.0,72.56,,13.72,,,,,,1.16,1.16,105.0,8052.0,2.47,24.59
2023-11-28,377.69,0.01,1859.93,,5.22,0.3,53.25,21.0,26.0,,,14.12,,,,,,1.16,1.0,76.0,7534.0,2.44,23.82
2023-11-29,833.79,0.01,1831.04,,9.03,0.29,55.14,107.0,17.0,62.99,,13.92,,,,,,1.21,0.99,140.0,9790.0,2.45,25.0
2023-11-30,390.09,0.01,1571.85,,4.8,0.3,57.22,25.0,32.0,,,13.38,,,,,,1.1,0.98,60.0,6860.0,2.11,21.22
2023-12-01,,0.02,,,1.89,0.31,,,18.0,,,,,,,,,,,,3279.0,2.07,21.09
2023-12-02,864.42,0.02,1281.26,,16.51,0.3,64.55,80.0,29.0,74.7,,14.12,,,,,,1.38,1.05,230.0,20995.0,2.43,24.15
2023-12-03,591.53,,1759.66,,7.42,0.31,57.64,32.0,31.0,67.08,,13.3,,,,,,1.23,1.17,163.0,10340.0,2.14,21.41
2023-12-04,,,1196.65,,1.13,0.29,,,6.0,,,,,,,,,,,,1821.0,2.54,23.75
2023-12-05,610.46,0.01,1766.21,,8.61,0.29,58.76,68.0,13.0,70.73,,16.07,,,,,,1.12,0.96,118.0,9056.0,2.57,25.5
2023-12-06,242.51,,1655.82,,2.51,0.31,54.0,8.0,13.0,,,14.34,,,,,,1.21,0.87,41.0,3747.0,1.83,19.09
2023-12-07,,0.01,,,1.31,0.31,,,6.0,,,,,,,,,,,,2153.0,2.12,22.32
2023-12-08,,,1126.26,,0.94,0.3,,,13.0,,,,,,,,,,,,1608.0,2.34,23.12
2023-12-09,822.23,0.03,1949.94,,12.08,0.3,67.88,68.0,45.0,76.97,,15.55,,,,,,1.2,0.99,176.0,17137.0,2.35,23.53
2023-12-10,16.21,0.02,401.14,,3.45,0.31,43.64,1.0,10.0,,,13.83,,,,,,,,1.0,6139.0,2.12,22.7
2023-12-11,,0.01,985.47,,1.65,0.31,,,12.0,,,,,,,,,,,,2885.0,2.07,20.96
2023-12-12,283.32,0.01,1795.51,,5.91,0.3,63.78,10.0,18.0,,,16.43,,,,,,1.11,1.08,76.0,8868.0,2.44,24.26
2023-12-13,705.35,0.02,1873.63,,10.3,0.3,56.34,70.0,24.0,71.6,,14.03,,,,,,1.28,1.01,145.0,11770.0,2.27,22.63
2023-12-14,3.46,0.01,278.54,,3.08,0.29,47.43,,14.0,76.13,,13.35,,,,,,,,,4763.0,2.74,26.35
2023-12-15,212.98,0.06,911.5,,4.86,0.31,58.23,3.0,17.0,,,15.0,,,,,,1.27,0.93,69.0,7306.0,2.03,20.76
2023-12-16,1001.26,0.01,1987.92,,14.62,0.29,59.21,99.0,36.0,76.59,,13.39,,,,,,1.12,1.06,227.0,18167.0,2.59,25.46
2023-12-17,666.48,0.01,1799.33,,9.55,0.29,53.95,67.0,23.0,71.67,,15.06,,,,,,1.1,1.07,101.0,11165.0,2.49,24.12
2023-12-18,848.86,0.01,1886.22,,11.06,0.31,54.19,84.0,55.0,74.37,,14.33,,,,,,1.12,1.07,149.0,13057.0,2.24,22.52
2023-12-19,840.21,0.01,1893.74,,11.36,0.3,59.82,88.0,20.0,72.45,,15.04,,,,,,1.23,1.04,162.0,13487.0,2.31,23.88
2023-12-20,580.37,0.02,1808.02,,7.74,0.3,56.24,72.0,22.0,71.12,,13.49,,,,,,1.1,1.2,105.0,10511.0,2.34,23.17
2023-12-21,192.07,,1782.55,,2.41,0.31,52.32,5.0,4.0,,,14.57,,,,,,,1.09,37.0,3394.0,2.24,20.08
2023-12-22,346.31,0.06,1868.47,,6.74,0.3,59.7,19.0,20.0,,,14.9,,,,,,1.13,0.99,79.0,10071.0,2.32,23.53
2023-12-23,40.82,0.08,975.66,,2.09,0.31,47.64,4.0,14.0,,,,,,,,,1.52,0.99,11.0,3503.0,1.94,20.26
2023-12-24,,0.03,,,3.94,0.3,,,18.0,,,,,,,,,,,,6892.0,2.38,23.73
2023-12-25,182.08,,674.55,,3.98,0.31,60.32,7.0,23.0,,,15.5,,,,,,,1.72,44.0,6510.0,2.04,19.54
2023-12-26,575.34,0.05,1964.48,,8.32,0.31,61.57,32.0,46.0,,,15.2,,,,,,1.3,1.22,175.0,12310.0,2.02,21.71
2023-12-27,1.38,0.0,1648.75,,1.61,0.3,43.59,,10.0,,,13.0,,,,,,,,,2819.0,2.11,21.15
2023-12-28,487.2,0.02,1813.17,,10.59,0.3,71.07,30.0,28.0,,,,,,,,,1.19,1.16,126.0,15539.0,2.28,22.93
2023-12-29,441.78,0.01,1871.69,,6.71,0.31,59.95,28.0,34.0,,,15.76,,,,,,1.24,1.05,99.0,10005.0,2.02,21.16
2023-12-30,379.62,0.05,1511.68,,6.76,0.3,59.79,17.0,19.0,,,13.36,,,,,,1.12,1.09,101.0,9848.0,2.41,24.65
2023-12-31,,0.1,,,3.2,0.31,,,13.0,,,,,,,,,,,,5762.0,1.9,21.76
2024-01-01,203.49,0.01,763.91,,5.23,0.3,64.52,11.0,15.0,,,16.39,,,,,,1.15,0.75,39.0,8134.0,2.42,23.96
2024-01-02,727.25,0.01,1820.81,,10.17,0.3,54.75,91.0,25.0,77.7,,13.85,,,,,,0.91,1.08,130.0,11301.0,2.41,24.98
2024-01-03,808.04,0.01,1880.65,,10.18,0.3,57.63,81.0,32.0,76.11,,14.21,,,,,,1.09,1.01,156.0,10852.0,2.34,22.79
2024-01-04,759.27,0.01,1869.73,,8.48,0.3,54.58,86.0,21.0,,,13.45,,,,,,1.23,0.99,133.0,8413.0,2.46,24.48
2024-01-05,688.17,0.01,1745.66,,10.04,0.3,64.58,85.0,36.0,68.14,,,,,,,,0.8,0.96,103.0,11098.0,2.49,25.25
2024-01-06,346.47,0.06,1782.26,,8.94,0.31,64.56,17.0,19.0,,,17.18,,,,,,1.29,0.98,100.0,13760.0,2.27,24.28
2024-01-07,853.8,0.06,1880.5,,17.02,0.3,60.95,75.0,36.0,84.9,,14.44,,,,,,0.97,1.17,210.0,21385.0,2.39,24.82
2024-01-08,700.87,0.04,1749.63,,10.73,0.3,60.08,78.0,45.0,86.23,,17.67,,,,,,1.01,0.91,103.0,12091.0,2.44,24.26
2024-01-09,778.14,0.0,1843.91,,11.07,0.29,54.93,70.0,28.0,81.82,,13.71,,,,,,1.05,0.99,174.0,12091.0,2.49,23.71
2024-01-10,808.82,0.03,1856.62,,8.9,0.3,55.21,82.0,25.0,80.34,,15.19,,,,,,1.3,0.95,141.0,9200.0,2.62,26.11
2024-01-11,31.53,0.0,1688.94,,2.26,0.29,48.09,1.0,9.0,84.6,,14.16,,,,,,,0.93,8.0,3651.0,2.5,23.81
2024-01-12,747.28,0.01,1873.35,,9.82,0.3,54.86,67.0,37.0,83.89,,15.29,,,,,,1.3,1.01,115.0,10444.0,2.4,23.9
2024-01-13,119.84,0.04,1756.27,,4.98,0.3,52.56,8.0,17.0,,,13.95,,,,,,1.31,1.11,26.0,7967.0,2.35,23.81
2024-01-14,277.95,0.02,1844.69,,5.27,0.3,70.19,11.0,15.0,,,17.42,,,,,,1.41,0.89,87.0,7764.0,2.44,24.33
2024-01-15,354.88,0.03,1770.53,,4.35,0.3,61.95,16.0,24.0,,,15.88,,,,,,1.29,1.07,55.0,6130.0,2.27,23.19
2024-01-16,495.1,0.03,1225.25,,6.72,0.3,53.28,57.0,23.0,,,12.96,,,,,,1.04,0.92,78.0,6918.0,2.46,24.49
2024-01-17,,0.12,1126.26,,3.04,0.31,,,17.0,,,,,,,,,,,,4983.0,2.1,21.83
2024-01-18,447.04,0.03,1795.63,,5.87,0.31,63.78,34.0,43.0,,,16.45,,,,,,1.41,0.97,91.0,8101.0,2.07,21.14
2024-01-19,344.47,0.03,1778.47,,10.87,0.31,59.22,25.0,17.0,,,13.92,,,,,,1.71,1.15,181.0,14145.0,2.25,22.82
2024-01-20,161.49,0.03,1764.89,,4.24,0.3,63.85,10.0,15.0,,,16.5,,,,,,1.3,1.04,33.0,6714.0,2.28,23.32
2024-01-21,777.29,0.09,1875.03,,12.72,0.3,64.29,53.0,20.0,71.94,,16.6,,,,,,0.95,0.92,167.0,15284.0,2.28,23.41
2024-01-22,151.95,0.2,1045.5,,2.93,0.31,53.29,5.0,18.0,,,14.47,,,,,,1.04,1.05,14.0,4522.0,2.0,20.8
2024-01-23,,0.05,,,1.45,0.31,,,7.0,,,,,,,,,,,,2359.0,2.23,22.13
2024-01-24,215.01,,1288.13,,2.15,0.31,56.89,12.0,17.0,,,17.43,,,,,,1.14,0.97,32.0,3147.0,2.07,21.26
2024-01-25,61.47,0.2,1698.31,,1.29,0.31,49.52,3.0,11.0,,,13.94,,,,,,1.48,,11.0,2052.0,1.97,19.32
2024-01-26,267.08,,1829.79,,2.86,0.31,60.35,3.0,10.0,,,15.5,,,,,,1.14,1.06,62.0,4064.0,2.06,20.77
2024-01-27,340.59,0.03,1840.69,,7.85,0.3,61.12,9.0,20.0,,,14.81,,,,,,1.04,0.97,131.0,11883.0,2.24,22.56
2024-01-28,752.01,0.01,1855.0,,11.38,0.31,62.46,84.0,25.0,76.75,,17.28,,,,,,1.16,1.0,147.0,12700.0,2.28,23.44
2024-01-29,358.65,0.01,1818.3,,6.34,0.29,55.0,19.0,31.0,,,15.43,,,,,,1.28,1.14,88.0,9184.0,2.36,24.26
2024-01-30,265.2,0.0,1808.6,,4.06,0.3,50.18,20.0,20.0,78.61,,13.97,,,,,,1.33,1.12,46.0,5922.0,2.29,23.08
2024-01-31,576.07,0.04,1780.84,,8.71,0.3,59.65,62.0,25.0,85.3,,17.23,,,,,,1.34,1.15,98.0,9091.0,2.4,23.96
2024-02-01,284.23,0.0,1806.31,,2.94,0.32,54.91,14.0,17.0,,,15.01,,,,,,1.28,0.9,40.0,4218.0,1.95,20.04
2024-02-02,628.59,0.0,1354.75,,7.78,0.3,51.88,70.0,21.0,79.37,,13.71,,,,,,1.34,1.15,98.0,7506.0,2.38,24.27
2024-02-03,,0.05,1055.86,,3.72,0.31,,,18.0,,,,,,,,,,,,5936.0,2.24,24.22
2024-02-04,595.98,0.01,1864.86,,13.14,0.3,62.19,59.0,41.0,71.38,,17.27,,,,,,1.14,0.98,157.0,18458.0,2.47,24.6
2024-02-05,173.73,,1737.23,,1.95,0.31,52.07,9.0,11.0,,,13.91,,,,,,0.96,1.06,32.0,2861.0,2.06,20.57
2024-02-06,350.6,0.01,1816.64,,6.08,0.3,51.79,31.0,23.0,,,15.2,,,,,,1.12,1.25,62.0,9046.0,2.51,24.17
2024-02-07,73.82,0.0,664.97,,1.21,0.31,45.28,4.0,11.0,,,14.28,,,,,,0.87,1.18,13.0,1897.0,2.18,21.88
2024-02-08,,0.0,,,1.35,0.3,,,13.0,,,,,,,,,,,,2281.0,2.3,22.47
2024-02-09,,0.01,,,2.17,0.29,,,10.0,,,,,,,,,,,,3508.0,2.64,26.77
2024-02-10,,0.02,,,3.53,0.3,,,3.0,,,,,,,,,,,,6116.0,2.25,23.43
2024-02-11,1.99,0.02,196.52,,2.24,0.3,45.21,,10.0,,,14.03,,,,,,,,,3963.0,2.24,22.13
2024-02-12,288.58,0.0,1738.5,,4.41,0.29,54.98,15.0,19.0,,,14.84,,,,,,1.12,1.06,51.0,6268.0,2.5,25.07
2024-02-13,38.89,0.02,499.56,,2.21,0.3,47.61,4.0,7.0,,,14.87,,,,,,,,9.0,3622.0,2.31,23.91
2024-02-14,,0.03,1161.01,,1.19,0.26,,,8.0,,,,,,,,,,,,1978.0,2.89,26.67
2024-02-15,226.83,,1696.53,,1.53,0.31,55.3,7.0,16.0,,,15.59,,,,,,1.19,1.18,19.0,2196.0,1.69,18.24
2024-02-16,171.16,0.02,1708.52,,3.26,0.3,54.13,7.0,11.0,,,14.26,,,,,,1.36,0.89,33.0,4837.0,2.33,23.91
2024-02-17,380.11,0.03,1847.47,,7.1,0.3,59.69,6.0,19.0,,,13.87,,,,,,1.12,1.07,100.0,10718.0,2.36,24.43
2024-02-18,344.64,0.03,1706.37,,8.63,0.29,62.53,23.0,22.0,,,16.86,,,,,,1.45,1.14,126.0,13186.0,2.47,25.67
2024-02-19,216.9,0.04,1031.76,,6.06,0.29,56.69,11.0,23.0,,,13.57,,,,,,1.17,1.11,44.0,9406.0,2.51,25.84
2024-02-20,,,,,0.74,0.31,,,10.0,77.53,,,,,,,,,,,1318.0,1.87,18.11
2024-02-21,285.73,0.03,1255.47,,6.3,0.29,59.42,18.0,16.0,,,17.29,,,,,,1.35,0.98,69.0,9413.0,2.47,24.9
2024-02-22,96.39,0.0,802.18,,1.36,0.31,49.14,5.0,16.0,,,14.04,,,,,,,1.08,12.0,2059.0,2.15,21.0
2024-02-23,,0.06,,,1.49,0.31,,,9.0,,,,,,,,,,,,2608.0,2.14,22.88
2024-02-24,,0.11,,,3.22,0.3,,,5.0,,,,,,,,,,,,5406.0,2.28,23.75
2024-02-25,375.04,0.05,1250.01,,5.83,0.29,65.37,24.0,30.0,,,16.82,,,,,,1.36,1.16,109.0,8675.0,2.48,24.79
2024-02-26,135.99,,908.99,,2.47,0.3,50.05,7.0,23.0,,,14.43,,,,,,1.02,1.01,16.0,3945.0,2.01,21.95
2024-02-27,,,,,0.82,0.31,,,10.0,,,,,,,,,,,,1389.0,1.8,18.31
2024-02-28,204.65,0.0,1335.71,,2.78,0.3,52.75,2.0,20.0,,,15.52,,,,,,1.1,1.06,39.0,4012.0,2.16,22.72
2024-02-29,506.75,0.02,1604.78,,12.67,0.28,64.71,35.0,12.0,,,14.74,,,,,,1.19,1.02,243.0,15768.0,2.26,22.2
2024-03-01,1.7,0.02,99.87,,3.0,0.3,47.5,,17.0,,,14.38,,,,,,,,,5033.0,2.25,23.27
2024-03-02,561.87,0.02,1813.74,,13.89,0.29,59.92,36.0,31.0,,,14.35,,,,,,1.44,1.11,176.0,20403.0,2.44,24.82
2024-03-03,65.22,0.03,581.95,,4.97,0.3,47.58,3.0,6.0,,,14.14,,,,,,1.57,0.76,15.0,7809.0,2.46,25.27
2024-03-04,,0.03,,,2.79,0.3,,,17.0,,,,,,,,,,,,4759.0,2.16,22.49
2024-03-05,104.15,,570.03,,2.63,0.31,56.47,5.0,16.0,,,15.48,,,,,,1.11,0.93,42.0,4108.0,2.07,21.88
2024-03-06,371.85,0.07,1420.73,,7.43,0.29,59.99,24.0,19.0,,,14.39,,,,,,1.09,1.0,103.0,10254.0,2.63,25.89
2024-03-07,,0.05,,,0.91,0.3,,,14.0,,,,,,,,,,,,1510.0,2.34,22.15
2024-03-08,,0.05,,,3.4,0.3,,,6.0,,,,,,,,,,,,6026.0,2.41,24.71
2024-03-09,,0.11,,,2.97,0.3,,,19.0,,,,,,,,,,,,5245.0,2.14,22.74
2024-03-10,,0.01,,,3.59,0.3,,,10.0,,,,,,,,,,,,6329.0,2.31,24.02
2024-03-11,,,,,0.5,0.31,,,8.0,,,,,,,,,,,,844.0,2.2,23.03
2024-03-12,,,,,1.14,0.3,,,6.0,,,,,,,,,,,,1892.0,2.1,21.56
2024-03-13,,0.01,,,1.56,0.3,,,10.0,,,,,,,,,,,,2712.0,2.27,23.01
2024-03-14,,0.15,,,1.64,0.31,,,6.0,,,,,,,,,,,,2657.0,2.01,22.6
2024-03-15,,,,,0.49,0.3,,,6.0,,,,,,,,,,,,809.0,2.18,21.65
2024-03-16,,0.02,,,3.02,0.29,,,10.0,,,,,,,,,,,,4596.0,2.49,24.75
2024-03-17,,0.03,,,5.63,0.3,,,10.0,,,,,,,,,,,,9798.0,2.14,22.9
2024-03-18,,0.05,,,2.26,0.3,,,9.0,,,,,,,,,,,,3961.0,2.22,22.83
2024-03-19,,,,,1.03,0.31,,,10.0,,,,,,,,,,,,1742.0,2.03,19.86
2024-03-20,,0.06,,,4.49,0.3,,,3.0,,,,,,,,,,,,7648.0,2.41,25.47
2024-03-21,,,,,1.33,0.31,,,8.0,,,,,,,,,,,,2232.0,2.0,20.82
2024-03-22,,0.05,,,1.71,0.3,,,12.0,,,,,,,,,,,,2885.0,2.29,23.43
2024-03-23,,0.02,,,4.8,0.3,,,14.0,,,,,,,,,,,,8348.0,2.3,24.05
2024-03-24,,0.02,,,3.38,0.3,,,15.0,,,,,,,,,,,,5732.0,2.45,25.56
2024-03-25,,0.14,,,1.8,0.31,,,12.0,,,,,,,,,,,,3210.0,2.16,23.57
2024-03-26,,0.07,,,2.73,0.3,,,10.0,,,,,,,,,,,,4759.0,2.21,23.77
2024-03-27,,0.0,,,1.1,0.29,,,10.0,,,,,,,,,,,,1771.0,2.44,24.36
2024-03-28,,0.03,,,0.82,0.3,,,4.0,,,,,,,,,,,,1435.0,2.44,24.67
2024-03-29,,0.06,,,3.62,0.3,,,7.0,,,,,,,,,,,,6154.0,2.12,22.79
2024-03-30,,0.02,,,2.57,0.29,,,16.0,,,,,,,,,,,,4220.0,2.44,24.34
2024-03-31,,0.1,,,3.68,0.3,,,5.0,,,,,,,,,,,,6237.0,2.16,22.15
2024-04-01,,0.02,,,2.69,0.3,,,6.0,,,,,,,,,,,,4394.0,2.31,24.02
2024-04-02,,0.0,,,1.4,0.29,,,20.0,,,,,,,,,,,,2356.0,2.62,26.54
2024-04-03,,0.07,,,2.07,0.3,,,13.0,,,,,,,,,,,,3433.0,2.33,25.44
2024-04-04,,0.04,750.17,,2.98,0.3,,,8.0,,,,,,,,,,,,5049.0,2.34,24.71
2024-04-05,0.04,0.04,1636.92,,3.44,0.3,,,19.0,,,,,,,,,,,,5890.0,2.36,24.14
2024-04-06,326.24,0.02,1732.92,,7.23,0.29,68.6,9.0,10.0,,,16.04,,,,,,1.0,0.92,83.0,11125.0,2.57,25.41
2024-04-07,607.34,0.01,1774.22,,20.89,0.29,65.14,73.0,24.0,,,,,,,,,0.91,1.03,188.0,30591.0,2.57,26.7
2024-04-08,655.62,0.04,1799.79,,19.46,0.31,60.16,23.0,32.0,,,16.89,,,,,,0.89,0.87,244.0,28852.0,2.16,24.07
2024-04-09,71.62,0.02,1647.36,,4.51,0.29,65.83,2.0,6.0,,,,,,,,,1.78,0.77,17.0,7176.0,2.48,26.06
2024-04-10,743.22,0.03,1830.76,,21.17,0.29,63.52,43.0,21.0,,,15.32,,,,,,0.89,0.78,223.0,32267.0,2.44,25.21
2024-04-11,321.13,0.02,577.37,,12.33,0.3,71.19,9.0,5.0,,,,,,,,,0.87,0.75,102.0,18409.0,2.37,25.42
2024-04-12,,0.02,,,4.16,0.3,,,7.0,,,,,,,,,,,,6821.0,2.47,24.9
2024-04-13,,0.06,,,4.79,0.3,,,14.0,,,,,,,,,,,,8276.0,2.19,23.25
2024-04-14,,0.0,,,4.3,0.29,,,16.0,,,,,,,,,,,,7337.0,2.32,22.96
2024-04-15,890.04,0.02,801.23,,13.8,0.29,56.8,44.0,37.0,69.14,,14.32,289.97,203.8,5.6,0.99,10.64,0.99,0.88,65.0,9759.0,2.55,24.68
2024-04-16,432.77,0.0,1745.05,,8.08,0.29,53.5,49.0,23.0,71.27,,13.52,,,,,,1.18,1.2,89.0,9032.0,2.44,23.52
2024-04-17,885.92,0.04,1659.29,,13.53,0.3,55.88,40.0,43.0,71.27,,14.96,287.46,206.83,5.71,0.97,10.18,0.97,0.89,72.0,9815.0,2.28,22.95
2024-04-18,678.18,0.0,1366.1,,12.15,0.28,58.76,77.0,45.0,72.82,,12.62,,,,,,1.06,0.97,133.0,14359.0,2.56,25.62
2024-04-19,,0.01,,,2.64,0.29,,,10.0,,,,,,,,,,,,4544.0,2.46,25.05
2024-04-20,,0.03,,,3.43,0.3,,,11.0,,,,,,,,,,,,5421.0,2.36,23.73
2024-04-21,397.89,0.05,1170.57,,11.13,0.3,64.86,13.0,26.0,,,15.15,,,,,,1.34,1.0,143.0,16427.0,2.34,24.52
2024-04-22,1209.25,0.03,1314.85,,20.8,0.3,62.6,69.0,46.0,67.97,,12.73,284.48,211.89,5.82,0.99,10.54,1.09,0.94,155.0,20073.0,2.35,24.41
2024-04-23,,0.1,1227.55,,1.36,0.3,,,11.0,,,,,,,,,,,,2314.0,2.26,22.71
2024-04-24,0.09,0.0,409.37,,1.07,0.31,,,10.0,,,,,,,,,,,,1909.0,2.19,22.17
2024-04-25,,0.15,,,1.56,0.31,,,8.0,,,,,,,,,,,,2755.0,2.13,23.06
2024-04-26,,0.04,1091.15,,2.49,0.3,,,15.0,,,,,,,,,,,,4431.0,2.23,23.45
2024-04-27,0.32,0.02,1647.56,,3.05,0.3,,,8.0,,,,,,,,,,,,5463.0,2.24,23.25
2024-04-28,0.1,0.09,729.75,,3.39,0.3,,,11.0,,,,,,,,,,,,6080.0,2.2,23.96
2024-04-29,0.07,,1636.92,,0.96,0.31,,,10.0,,,,,,,,,,,,1669.0,1.99,19.55
2024-04-30,0.17,0.0,1629.49,,1.05,0.3,,,9.0,,,,,,,,,,,,1715.0,2.08,21.68
2024-05-01,148.0,0.01,1703.79,54.0,3.19,0.29,58.94,10.0,14.0,,3.45,16.31,,,,,,1.18,0.95,36.0,4719.0,2.61,25.59
2024-05-02,332.14,0.04,1807.3,193.0,5.15,0.29,56.32,18.0,22.0,,3.34,14.77,,,,,,1.05,0.92,87.0,7349.0,2.43,23.89
2024-05-03,239.7,0.01,1702.12,263.0,6.25,0.3,54.86,26.0,29.0,,4.07,15.31,,,,,,1.14,1.08,53.0,9474.0,2.27,23.45
2024-05-04,406.85,0.06,1714.36,159.0,10.62,0.3,68.11,33.0,30.0,,3.72,13.55,,,,,,0.68,1.05,119.0,16218.0,2.18,23.89
2024-05-05,728.51,0.03,1417.15,170.0,18.51,0.29,61.56,79.0,55.0,,3.93,13.64,,,,,,0.91,0.86,200.0,26337.0,2.41,25.21
2024-05-06,1054.43,0.01,1302.73,300.0,14.95,0.31,60.73,53.0,44.0,71.36,6.29,18.06,298.11,203.7,5.68,0.98,10.07,1.03,0.92,96.0,11652.0,2.13,22.57
2024-05-07,1106.16,0.12,1818.16,131.0,16.73,0.3,62.86,58.0,46.0,70.41,5.58,16.65,284.72,207.27,5.71,1.0,10.42,0.99,0.97,114.0,14314.0,2.26,22.83
2024-05-08,346.72,0.02,1731.31,89.0,6.35,0.3,60.77,17.0,29.0,43.79,3.49,16.88,,,,,,1.11,0.9,83.0,9290.0,2.37,23.97
2024-05-09,165.59,0.05,800.83,72.0,4.19,0.3,50.23,15.0,11.0,,3.85,14.16,,,,,,0.9,0.89,31.0,6413.0,2.33,23.83
2024-05-10,,0.04,,,2.28,0.3,,,14.0,,,,,,,,,,,,3567.0,2.39,23.23
2024-05-11,392.44,0.02,1475.06,174.0,8.64,0.3,70.37,22.0,10.0,,3.49,13.85,,,,,,0.97,,153.0,12633.0,2.32,23.55
2024-05-12,419.38,0.02,1812.35,222.0,10.45,0.29,64.89,32.0,19.0,,3.45,14.85,,,,,,1.06,1.06,130.0,14811.0,2.43,24.63
2024-05-13,202.83,0.06,1762.87,83.0,4.76,0.3,59.63,12.0,20.0,,3.59,12.66,,,,,,1.15,0.99,41.0,7450.0,2.15,21.85
2024-05-14,333.31,0.0,1704.61,30.0,6.74,0.29,60.85,28.0,26.0,,3.62,16.2,,,,,,1.13,0.97,65.0,9490.0,2.38,23.33
2024-05-15,182.95,0.0,839.5,43.0,4.78,0.3,59.82,15.0,19.0,,3.49,13.03,,,,,,1.08,0.83,42.0,7026.0,2.34,23.3
2024-05-16,,0.01,,,8.63,0.29,,,29.0,,,,,,,,,,,,12828.0,2.58,25.06
2024-05-17,537.29,0.07,1373.72,136.0,11.0,0.3,69.89,16.0,20.0,,3.38,13.42,,,,,,1.0,1.02,232.0,16018.0,2.32,22.99
2024-05-18,213.88,0.09,702.89,29.0,9.73,0.3,62.93,17.0,17.0,,3.63,12.86,,,,,,0.91,,94.0,15194.0,2.28,23.77
2024-05-19,,0.03,,,4.21,0.3,,,2.0,,,,,,,,,,,,7248.0,2.04,22.31
2024-05-20,,0.04,,,4.54,0.31,,,15.0,,,,,,,,,,,,8119.0,2.12,22.36
2024-05-21,408.99,0.02,1390.32,1.0,5.35,0.29,62.89,17.0,16.0,,3.42,15.72,,,,,,1.25,0.94,152.0,7694.0,2.38,23.75
2024-05-22,1221.39,0.04,1793.08,429.0,19.01,0.3,62.01,65.0,41.0,73.35,4.85,12.95,298.28,205.0,5.69,0.99,10.09,1.08,0.97,161.0,17417.0,2.53,25.04
2024-05-23,1104.75,0.0,1744.47,382.0,15.57,0.29,57.0,55.0,51.0,65.84,5.93,17.52,290.95,211.48,5.88,1.03,10.41,1.07,0.94,118.0,12478.0,2.63,24.87
2024-05-24,1115.4,0.01,1772.77,56.0,14.93,0.3,56.22,54.0,44.0,71.37,5.58,15.99,289.44,208.36,5.79,1.0,9.94,0.93,0.88,113.0,11289.0,2.18,21.14
2024-05-25,0.26,0.04,,,4.74,0.3,44.16,,12.0,,,14.5,,,,,,,,,7968.0,2.29,23.36
2024-05-26,390.74,0.02,1266.53,16.0,7.48,0.3,66.66,21.0,25.0,,3.38,14.94,,,,,,1.13,1.06,122.0,11294.0,2.17,21.15
2024-05-27,133.4,0.04,1727.65,23.0,4.34,0.3,58.83,10.0,19.0,,3.52,13.13,,,,,,1.29,0.89,27.0,6844.0,2.3,23.16
2024-05-28,384.6,0.03,1656.9,49.0,4.37,0.3,52.38,50.0,10.0,80.71,4.99,14.12,,,,,,0.93,0.97,70.0,6098.0,2.45,23.73
2024-05-29,814.53,0.01,1849.14,309.0,9.21,0.31,60.26,67.0,21.0,76.41,4.09,14.35,,,,,,1.23,0.94,176.0,13257.0,2.23,22.53
2024-05-30,0.75,0.07,1649.18,,2.07,0.3,44.6,,7.0,,1.0,14.3,,,,,,,,,3532.0,2.57,25.34
2024-05-31,456.41,0.03,1908.91,385.0,7.05,0.3,56.92,29.0,22.0,,3.48,15.2,,,,,,1.06,1.05,89.0,9997.0,2.31,22.37
2024-06-01,522.02,0.03,1920.29,153.0,14.08,0.31,62.61,24.0,20.0,,3.41,14.78,,,,,,1.11,0.95,161.0,21325.0,2.11,22.06
2024-06-02,229.26,0.03,1865.01,8.0,4.52,0.31,57.72,14.0,32.0,,3.79,12.86,,,,,,1.27,1.0,54.0,7165.0,2.31,23.48
2024-06-03,500.23,0.01,1717.44,46.0,4.04,0.3,62.43,60.0,25.0,61.52,4.98,,,,,,,1.48,1.0,72.0,5770.0,2.5,25.41
2024-06-04,786.44,0.03,1729.99,242.0,8.63,0.3,61.92,75.0,33.0,75.65,4.5,18.0,,,,,,1.1,1.03,127.0,11959.0,2.4,23.59
2024-06-05,989.3,0.01,1404.21,449.0,14.36,0.3,60.24,81.0,39.0,73.32,6.47,14.83,296.79,198.2,5.19,0.97,10.21,0.97,0.88,115.0,17462.0,2.28,23.02
2024-06-06,1056.66,0.03,1988.15,466.0,12.82,0.31,60.96,80.0,41.0,71.92,6.03,15.04,293.59,201.62,5.31,0.98,10.49,0.94,0.81,126.0,14842.0,2.09,21.39
2024-06-07,72.71,0.01,1695.72,2.0,4.0,0.31,55.89,3.0,12.0,64.98,3.19,16.89,,,,,,1.3,0.89,12.0,6407.0,2.32,23.47
2024-06-08,545.38,0.06,1577.42,318.0,10.4,0.31,60.79,30.0,22.0,,3.42,14.79,,,,,,1.04,0.97,150.0,15274.0,2.34,23.65
2024-06-09,,0.03,,,4.46,0.3,,,13.0,,,,,,,,,,,,7564.0,2.37,23.85
2024-06-10,640.7,0.01,1314.93,184.0,14.91,0.31,64.54,53.0,35.0,,4.0,16.14,,,,,,1.1,1.01,162.0,20610.0,2.31,24.3
2024-06-11,480.08,0.02,1886.78,153.0,9.08,0.31,57.11,34.0,14.0,,3.44,14.44,,,,,,1.02,0.93,132.0,12745.0,2.24,23.42
2024-06-12,125.84,,1727.22,,1.7,0.32,49.75,4.0,10.0,,3.08,13.73,,,,,,1.25,0.94,23.0,2638.0,2.08,20.79
2024-06-13,790.39,0.02,1885.98,122.0,7.98,0.3,56.95,83.0,35.0,54.9,4.61,14.53,,,,,,1.16,1.06,132.0,11187.0,2.4,23.87
2024-06-14,352.59,0.04,1850.93,126.0,5.89,0.31,58.19,24.0,19.0,,3.4,13.86,,,,,,1.17,0.92,73.0,8825.0,2.14,22.58
2024-06-15,568.34,0.04,1844.42,76.0,6.81,0.31,55.51,52.0,20.0,80.12,4.38,14.55,,,,,,1.35,0.95,130.0,11064.0,2.08,22.33
2024-06-16,435.66,0.01,1959.03,36.0,7.23,0.31,59.32,16.0,16.0,,3.47,14.45,,,,,,1.15,0.97,120.0,10776.0,2.12,22.4
2024-06-17,54.48,0.06,1662.99,,1.26,0.3,51.07,1.0,4.0,80.28,2.55,14.54,,,,,,,0.79,10.0,1888.0,2.54,25.79
2024-06-18,860.7,0.03,1899.01,232.0,10.76,0.31,63.19,79.0,30.0,76.27,3.91,15.79,,,,,,1.08,0.94,176.0,15341.0,2.34,24.83
2024-06-19,690.16,0.01,1855.01,284.0,8.75,0.3,55.6,66.0,15.0,82.07,4.4,13.95,,,,,,1.21,1.04,113.0,12755.0,2.41,25.12
2024-06-20,1141.67,0.03,1978.06,224.0,19.33,0.3,60.69,122.0,57.0,76.3,4.34,14.83,,115.82,2.97,,,0.9,0.91,228.0,27199.0,2.42,24.94
2024-06-21,1056.2,0.1,1863.89,469.0,13.0,0.31,68.16,95.0,26.0,72.52,6.7,,299.58,172.42,4.66,0.98,10.71,0.97,0.96,123.0,15102.0,2.11,22.86
2024-06-22,1066.68,0.02,1824.23,58.0,17.06,0.31,62.74,94.0,37.0,71.91,6.28,19.5,308.98,191.54,4.9,0.95,10.25,0.96,0.85,149.0,20922.0,2.27,24.09
2024-06-23,335.33,0.05,1847.21,138.0,5.65,0.32,59.67,11.0,8.0,,3.49,14.9,,,,,,1.12,0.81,78.0,8299.0,2.0,22.22
2024-06-24,982.46,0.0,1853.28,112.0,12.75,0.31,56.0,86.0,25.0,73.39,7.61,14.45,294.72,190.88,5.06,0.98,10.6,0.98,0.89,101.0,14376.0,2.11,22.37
2024-06-25,1032.88,0.09,1832.32,214.0,17.53,0.31,63.78,78.0,8.0,71.64,5.02,16.18,296.88,187.71,5.44,0.96,10.26,0.96,0.85,175.0,21664.0,2.21,23.43
2024-06-26,1065.87,0.0,1864.46,53.0,14.11,0.32,57.88,87.0,43.0,72.21,6.68,13.88,296.16,211.35,5.57,0.98,10.33,1.12,0.83,115.0,15877.0,1.94,20.75
2024-06-27,209.99,0.02,1838.16,,5.81,0.29,66.09,1.0,3.0,,3.25,16.54,,,,,,,,48.0,8531.0,2.51,24.19
2024-06-28,285.31,0.01,1086.82,68.0,7.76,0.3,69.44,17.0,6.0,,3.66,,,,,,,,0.99,64.0,10334.0,2.46,24.33
2024-06-29,,0.02,1210.74,,4.71,0.3,,,8.0,,,,,,,,,,,,6746.0,2.44,24.08
2024-06-30,394.82,0.03,1887.44,261.0,7.79,0.31,67.37,22.0,31.0,,3.42,18.85,,,,,,1.23,0.89,93.0,11763.0,2.23,21.74
2024-07-01,1100.94,0.02,1907.05,304.0,14.61,0.31,64.78,83.0,46.0,71.92,5.93,17.65,291.27,201.69,5.32,0.99,10.32,1.03,0.9,149.0,17465.0,2.19,22.61
2024-07-02,1174.48,0.05,1910.98,294.0,14.95,0.31,62.62,89.0,39.0,72.0,6.23,19.12,298.02,199.29,5.21,0.97,10.17,0.94,0.95,151.0,17102.0,2.08,20.59
2024-07-03,611.9,0.04,1812.99,192.0,8.98,0.31,59.61,48.0,31.0,71.74,6.22,14.94,292.73,185.9,5.17,1.01,10.35,1.01,0.86,70.0,10889.0,2.19,22.41
2024-07-04,784.61,0.05,1964.64,209.0,12.56,0.31,60.31,79.0,45.0,72.99,3.96,14.88,,,,,,1.09,0.93,167.0,17165.0,2.25,23.02
2024-07-05,1162.62,0.01,1614.23,232.0,18.03,0.31,66.38,93.0,41.0,70.91,6.02,,299.0,197.87,5.22,0.96,10.07,0.96,0.84,178.0,21773.0,2.07,21.48
2024-07-06,3.59,0.08,193.04,,3.86,0.31,48.78,,7.0,,1.03,15.38,,,,,,,,,6803.0,2.03,21.6
2024-07-07,1350.36,0.02,1997.52,350.0,21.11,0.31,64.72,109.0,44.0,,5.58,16.6,298.16,198.94,5.42,0.93,10.18,0.91,0.99,233.0,26414.0,2.22,22.67
2024-07-08,940.58,0.01,1868.98,259.0,19.41,0.29,68.41,121.0,44.0,72.17,4.2,18.25,267.4,113.11,3.48,0.91,10.45,1.06,0.87,162.0,26167.0,2.63,24.99
2024-07-09,1120.78,,1941.73,270.0,14.23,0.31,64.83,93.0,40.0,72.91,6.07,20.04,292.52,189.53,5.02,0.99,10.41,1.02,0.84,141.0,16545.0,2.11,22.05
2024-07-10,1158.38,0.13,1808.22,291.0,15.84,0.32,61.55,93.0,67.0,69.0,6.45,18.3,297.07,203.51,5.41,0.95,9.86,1.02,0.88,134.0,18934.0,1.96,20.92
2024-07-11,596.47,0.01,1435.23,174.0,14.58,0.3,65.85,41.0,14.0,79.62,3.56,18.4,,106.46,3.31,,,1.24,0.87,153.0,19452.0,2.41,24.64
2024-07-12,759.54,0.01,1946.95,231.0,12.65,0.3,62.23,74.0,37.0,78.51,4.14,15.41,,,,,,1.1,0.89,158.0,17506.0,2.59,25.74
2024-07-13,498.92,0.02,1905.24,203.0,10.53,0.3,61.79,34.0,24.0,,3.5,14.2,,,,,,1.06,0.82,120.0,15022.0,2.38,24.64
2024-07-14,773.47,0.02,1952.87,248.0,13.35,0.3,61.42,81.0,22.0,77.34,3.78,15.0,,,,,,1.06,0.85,168.0,19081.0,2.34,24.17
2024-07-15,1229.04,0.02,1867.72,200.0,21.66,0.31,68.86,93.0,41.0,72.94,5.8,18.92,299.25,197.97,5.39,0.98,10.27,0.98,0.88,205.0,27107.0,2.2,23.19
2024-07-16,988.61,0.02,1967.01,423.0,15.24,0.31,63.26,76.0,38.0,73.32,5.18,15.65,299.04,172.71,5.09,0.97,10.16,0.94,1.01,164.0,20487.0,2.23,23.95
2024-07-17,7.26,0.0,1711.01,,6.69,0.3,47.27,,18.0,68.15,1.0,14.16,,,,,,,,,10306.0,2.29,23.51
2024-07-18,1217.07,0.01,1790.44,263.0,17.78,0.31,58.64,94.0,57.0,72.84,6.33,15.86,296.26,197.74,5.33,0.98,9.91,0.98,1.0,167.0,21569.0,2.25,23.8
2024-07-19,,0.02,,,6.83,0.3,,,12.0,,,,,,,,,,,,11128.0,2.47,25.1
2024-07-20,771.01,0.02,1488.82,301.0,12.63,0.3,65.42,64.0,24.0,62.3,3.88,15.18,,,,,,1.12,0.85,165.0,18101.0,2.31,23.65
2024-07-21,1058.47,0.0,1055.73,116.0,18.89,0.29,61.81,101.0,30.0,73.07,7.02,13.91,291.57,193.72,5.35,0.97,9.75,0.85,0.9,135.0,22186.0,2.54,25.17
2024-07-22,,0.03,,,4.37,0.31,,,6.0,,,,,,,,,,,,7904.0,2.16,23.77
2024-07-23,656.96,0.01,1516.73,323.0,13.55,0.3,61.51,54.0,37.0,73.12,3.96,16.63,,,,,,1.11,0.85,142.0,19213.0,2.56,25.57
2024-07-24,1211.37,0.01,2073.99,111.0,17.89,0.31,60.35,88.0,42.0,72.45,6.02,14.88,288.37,202.74,5.75,1.01,10.07,0.85,0.9,161.0,21300.0,2.22,23.12
2024-07-25,328.84,0.05,1865.63,115.0,7.2,0.31,59.46,17.0,15.0,,3.3,13.7,,,,,,1.07,0.92,92.0,10915.0,2.11,21.75
2024-07-26,671.84,0.01,1929.83,403.0,14.5,0.3,64.42,55.0,22.0,,3.82,13.71,,,,,,1.03,0.85,140.0,20103.0,2.5,24.37
2024-07-27,498.9,0.01,1805.65,296.0,10.93,0.31,61.2,19.0,19.0,,3.35,13.62,,,,,,1.12,0.9,147.0,16098.0,2.2,22.91
2024-07-28,200.89,0.03,828.77,93.0,5.81,0.31,58.19,12.0,8.0,,3.64,13.26,,,,,,,1.01,49.0,8941.0,2.23,22.52
2024-07-29,,0.03,,,3.98,0.31,,,11.0,74.41,,,,,,,,,,,6723.0,2.15,22.72
2024-07-30,1240.75,0.04,1193.27,214.0,18.51,0.31,68.07,98.0,63.0,,6.51,18.25,297.56,212.82,5.45,0.96,9.86,1.11,1.13,144.0,22817.0,2.3,23.95
2024-07-31,,0.04,,,4.38,0.31,,,7.0,80.12,,,,,,,,,,,7395.0,2.13,22.57
2024-08-01,1178.35,0.02,1569.02,319.0,16.11,0.31,65.08,96.0,42.0,72.22,6.24,18.5,289.33,192.74,5.09,1.02,10.3,1.04,0.88,154.0,18957.0,2.05,22.9
2024-08-02,518.46,0.01,1895.19,375.0,11.03,0.3,68.2,27.0,14.0,,3.45,19.5,,,,,,1.03,0.83,139.0,16278.0,2.22,23.53
2024-08-03,480.58,0.01,1875.77,162.0,9.9,0.3,61.83,32.0,17.0,,3.67,16.72,,,,,,1.04,0.88,115.0,13720.0,2.48,25.33
2024-08-04,363.98,0.03,1887.68,226.0,9.54,0.3,59.87,31.0,21.0,,3.86,14.32,,,,,,0.94,0.96,68.0,13725.0,2.29,23.6
2024-08-05,649.05,0.0,1883.3,287.0,17.22,0.29,66.51,69.0,22.0,,3.6,16.2,,,,,,1.17,0.97,150.0,22774.0,2.69,26.33
2024-08-06,86.01,0.02,562.28,4.0,9.37,0.31,52.27,5.0,14.0,,3.52,14.05,,,,,,,0.94,17.0,15251.0,2.3,23.54
2024-08-07,,0.03,,,1.73,0.31,,,7.0,,,,,,,,,,,,2999.0,2.11,21.11
2024-08-08,,0.01,1209.07,,6.51,0.3,,,7.0,,,,,,,,,,,,10209.0,2.35,24.13
2024-08-09,530.48,0.0,1883.14,277.0,14.02,0.3,61.66,36.0,11.0,,3.49,12.32,,,,,,1.05,0.82,128.0,19070.0,2.54,25.2
2024-08-10,453.64,0.01,1827.31,147.0,9.72,0.31,56.15,57.0,24.0,75.79,3.89,12.96,,,,,,1.1,0.78,100.0,14953.0,2.2,22.94
2024-08-11,564.43,0.04,1961.18,213.0,10.71,0.31,62.6,28.0,26.0,,3.61,15.38,,,,,,1.04,1.02,166.0,15788.0,2.12,22.24
2024-08-12,910.48,,1843.06,34.0,12.96,0.31,51.56,82.0,33.0,62.78,7.75,13.82,303.36,188.43,5.31,0.95,9.73,0.93,0.84,92.0,14920.0,2.23,22.05
2024-08-13,892.91,0.02,1932.51,212.0,14.0,0.3,63.02,91.0,13.0,71.71,4.17,18.26,,,,,,1.26,0.85,195.0,19249.0,2.36,24.0
2024-08-14,1107.59,0.01,1327.11,285.0,15.71,0.31,62.49,83.0,30.0,53.84,6.45,17.92,293.45,196.94,5.44,0.97,9.86,0.91,0.84,129.0,18416.0,1.98,21.58
2024-08-15,,0.03,1209.07,,6.67,0.31,,,5.0,,,,,,,,,,,,11065.0,2.32,24.98
2024-08-16,323.56,0.0,1797.77,387.0,5.23,0.31,58.11,19.0,21.0,,3.4,16.58,,,,,,1.19,0.88,51.0,7257.0,2.2,23.21
2024-08-17,334.07,0.03,1113.85,214.0,10.92,0.31,58.11,14.0,4.0,,3.47,13.47,,,,,,,,89.0,16746.0,2.17,22.82
2024-08-18,,0.08,1280.2,,2.99,0.31,,,7.0,,,,,,,,,,,,5417.0,1.96,21.26
2024-08-19,879.62,0.01,1728.67,197.0,9.32,0.31,63.21,90.0,34.0,75.08,4.72,19.38,,,,,,1.14,1.04,159.0,10521.0,2.22,22.07
2024-08-20,,0.06,1209.07,,3.88,0.31,,,9.0,,,,,,,,,,,,6656.0,2.06,22.0
2024-08-21,739.15,0.01,1891.92,164.0,10.81,0.3,57.45,69.0,26.0,77.64,4.37,16.16,,,,,,1.03,0.83,133.0,12804.0,2.26,22.74
2024-08-22,281.53,0.05,1873.23,168.0,8.13,0.3,58.29,10.0,19.0,,3.25,15.12,,,,,,1.26,1.04,63.0,12674.0,2.32,23.44
2024-08-23,16.95,0.06,796.98,,3.9,0.3,49.1,1.0,7.0,76.83,1.95,13.6,,,,,,,,2.0,6537.0,2.37,24.16
2024-08-24,55.89,0.07,1721.61,,9.47,0.3,51.67,,68.0,,2.85,16.07,,,,,,1.2,0.94,6.0,14301.0,2.25,23.96
2024-08-25,963.74,0.04,1987.95,295.0,19.18,0.31,62.92,81.0,22.0,,3.76,14.33,,,,,,0.95,0.9,268.0,28537.0,2.27,23.74
2024-08-26,660.49,0.01,1900.57,47.0,13.59,0.3,61.65,80.0,112.0,,4.04,15.44,,102.77,2.52,,,0.9,0.77,137.0,20381.0,2.36,23.74
2024-08-27,1086.37,0.03,1932.38,53.0,21.17,0.31,55.56,112.0,52.0,,4.56,14.49,,106.79,2.99,,,1.12,0.87,202.0,28139.0,2.36,24.07
2024-08-28,233.11,0.21,1789.59,8.0,10.65,0.31,50.75,23.0,96.0,,3.46,14.31,,87.36,2.33,,,0.81,0.78,61.0,17436.0,2.13,22.93
2024-08-29,579.49,0.05,1661.21,216.0,11.5,0.3,60.53,48.0,22.0,,3.74,15.35,,,,,,1.09,1.02,130.0,16748.0,2.24,24.13
2024-08-30,,0.04,,,6.56,0.31,,,8.0,,,,,,,,,,,,11074.0,2.28,23.86
2024-08-31,792.76,0.01,1311.23,282.0,17.97,0.29,66.71,84.0,29.0,,4.04,15.42,,,,,,1.2,0.95,186.0,24074.0,2.73,26.95
2024-09-01,120.99,0.02,1826.63,5.0,6.43,0.3,51.94,8.0,15.0,,3.72,14.17,,,,,,,1.1,25.0,9782.0,2.4,24.35
2024-09-02,0.07,0.07,1667.38,,3.36,0.3,,,9.0,,,,,,,,,,,,5866.0,2.21,23.71
2024-09-03,0.16,0.02,1674.72,,4.69,0.3,,,13.0,,,,,,,,,,,,7913.0,2.49,24.48
2024-09-04,81.63,0.01,1698.08,100.0,7.02,0.3,66.07,5.0,25.0,74.57,3.46,,,,,,,1.22,1.06,17.0,9873.0,2.41,24.14
2024-09-05,779.6,0.02,1931.11,239.0,15.27,0.31,64.89,93.0,120.0,,4.31,19.06,,97.97,2.2,,9.93,1.0,0.81,197.0,23086.0,2.24,24.27
2024-09-06,326.38,0.01,1861.53,111.0,8.34,0.31,67.55,26.0,17.0,,3.51,19.12,,,,,,1.0,0.9,84.0,12608.0,2.14,22.43
2024-09-07,8.33,0.02,1684.38,,5.44,0.3,,3.0,7.0,,1.0,,,,,,,,,,7958.0,2.49,25.03
2024-09-08,20.13,0.03,1460.14,,5.57,0.31,,11.0,11.0,,1.0,,,,,,,,,,9368.0,2.28,23.2
2024-09-09,,0.07,,,4.6,0.31,,,19.0,,,,,,,,,,,,7857.0,2.09,22.04
2024-09-10,,0.01,,,6.17,0.3,,,14.0,,,,,,,,,,,,10783.0,2.36,25.13
2024-09-11,,0.04,,,4.38,0.3,,,10.0,,,,,,,,,,,,7433.0,2.37,25.02
2024-09-12,,0.02,,,6.13,0.3,,,18.0,,,,,,,,,,,,9658.0,2.37,23.82
2024-09-13,,0.05,,,4.57,0.31,,,16.0,,,,,,,,,,,,7566.0,2.28,23.94
2024-09-14,,0.08,,,4.74,0.31,,,4.0,,,,,,,,,,,,7844.0,2.16,23.35
2024-09-15,,0.06,1209.07,,5.78,0.31,,,13.0,,,,,,,,,,,,10389.0,2.07,22.22
2024-09-16,552.58,0.02,1876.17,220.0,12.64,0.3,62.7,42.0,32.0,,3.51,15.76,,,,,,1.21,0.95,137.0,18911.0,2.46,24.76
2024-09-17,81.94,0.02,544.31,,1.98,0.31,51.78,8.0,16.0,81.55,3.73,13.3,,,,,,0.76,1.07,13.0,3109.0,2.18,22.34
2024-09-18,,0.02,1280.2,,10.35,0.29,,,10.0,,,,,,,,,,,,14070.0,2.6,26.18
2024-09-19,876.7,0.08,1847.57,201.0,12.95,0.29,58.87,86.0,45.0,80.17,4.54,15.8,,,,,,1.15,0.94,138.0,14873.0,2.56,25.58
2024-09-20,103.94,0.03,616.83,2.0,6.43,0.31,51.24,8.0,17.0,,3.8,14.26,,,,,,0.77,0.95,28.0,10513.0,2.15,23.27
2024-09-21,,0.03,,,7.39,0.3,,,9.0,80.62,,,,,,,,,,,12645.0,2.2,23.03
2024-09-22,453.22,0.12,1344.65,82.0,8.68,0.31,64.38,28.0,28.0,,3.27,15.11,,,,,,1.21,0.94,117.0,13410.0,2.21,23.11
2024-09-23,145.76,0.02,1770.13,,7.74,0.3,55.37,6.0,19.0,,3.37,13.93,,,,,,1.24,,20.0,12150.0,2.26,24.08
2024-09-24,703.67,0.02,1770.41,41.0,10.12,0.31,57.27,60.0,12.0,68.71,4.55,15.44,,,,,,1.16,0.95,117.0,12075.0,2.12,22.39
2024-09-25,149.15,0.02,1811.42,37.0,3.01,0.31,54.1,5.0,13.0,,3.3,13.66,,,,,,1.41,0.91,21.0,4842.0,2.08,21.43
2024-09-26,795.46,0.02,1804.19,97.0,9.33,0.31,58.56,82.0,19.0,65.03,4.49,14.04,,,,,,1.08,1.03,128.0,10820.0,2.19,22.46
2024-09-27,46.59,0.0,1685.26,,2.85,0.3,49.75,2.0,6.0,,3.44,13.84,,,,,,0.76,0.81,12.0,4796.0,2.34,23.66
2024-09-28,857.3,0.03,1921.36,122.0,14.23,0.29,64.63,90.0,27.0,,3.8,14.0,,,,,,1.16,0.86,223.0,20416.0,2.42,24.1
2024-09-29,436.0,0.03,1878.11,142.0,8.82,0.3,57.2,21.0,18.0,,3.32,14.05,,,,,,1.23,0.92,129.0,13195.0,2.38,23.89
2024-09-30,239.1,0.05,757.73,26.0,6.37,0.3,55.18,23.0,16.0,,3.65,14.05,,,,,,0.97,0.86,54.0,9899.0,2.31,23.62
2024-10-01,,0.0,,,8.63,0.3,,,18.0,,,,,,,,,,,,11924.0,2.5,24.93
2024-10-02,,0.03,,,2.91,0.31,,,16.0,,,,,,,,,,,,5057.0,2.2,22.44
2024-10-03,,0.01,,,7.98,0.3,,,70.0,,,,,,,,,,,,12336.0,2.54,26.32
2024-10-04,655.44,0.03,1342.36,42.0,8.82,0.29,64.97,52.0,19.0,52.45,4.2,13.47,,,,,,1.15,0.93,130.0,10130.0,2.43,24.02
2024-10-05,423.81,0.0,978.12,35.0,5.84,0.3,60.01,55.0,15.0,,4.1,13.46,,,,,,1.18,0.98,95.0,9069.0,2.44,24.02
2024-10-06,,0.07,,,6.14,0.3,,,12.0,,,,,,,,,,,,10324.0,2.1,21.84
2024-10-07,,0.02,,,5.49,0.3,,,22.0,,,,,,,,,,,,9655.0,2.23,23.25
2024-10-08,766.72,0.04,1490.4,34.0,8.32,0.3,61.66,74.0,33.0,,3.86,15.26,,,,,,1.08,0.97,147.0,12231.0,2.3,23.75
2024-10-09,15.85,0.07,440.11,,6.98,0.3,46.02,,71.0,,1.06,14.59,,,,,,,,3.0,10864.0,2.33,26.04
2024-10-10,,0.01,1190.85,,6.66,0.3,,,6.0,,,,,,,,,,,,10684.0,2.43,24.44
2024-10-11,882.56,0.02,1857.64,98.0,13.29,0.3,65.51,82.0,32.0,,4.29,16.05,,,,,,0.99,0.9,170.0,16703.0,2.24,23.63
2024-10-12,47.64,0.02,471.03,,4.24,0.3,47.9,2.0,12.0,,2.89,13.34,,,,,,0.67,0.95,12.0,7114.0,2.28,23.39
2024-10-13,1066.29,0.02,1420.1,218.0,25.62,0.31,61.02,120.0,76.0,,3.97,14.1,,,,,,0.8,0.96,268.0,37548.0,2.25,24.2
2024-10-14,30.23,0.01,440.32,,2.22,0.31,47.48,,12.0,,2.15,13.59,,,,,,0.87,,3.0,3869.0,2.24,22.57
2024-10-15,,0.05,,,2.24,0.29,,,10.0,73.33,,,,,,,,,,,3533.0,2.47,25.49
2024-10-16,,0.0,,,5.72,0.3,,,41.0,,,,,,,,,,,,7902.0,2.43,25.2
2024-10-17,665.86,0.01,893.85,21.0,9.24,0.3,59.77,75.0,27.0,83.22,4.6,14.67,,,,,,1.12,0.92,115.0,10757.0,2.21,22.6
2024-10-18,130.14,0.03,1754.27,,4.03,0.3,48.78,7.0,14.0,85.62,3.63,13.59,,,,,,1.28,0.97,21.0,6415.0,2.22,22.44
2024-10-19,669.2,0.03,1826.64,,7.23,0.31,60.13,88.0,18.0,,3.88,14.85,,,,,,1.22,0.89,141.0,10850.0,2.19,22.82
2024-10-20,52.55,0.03,460.75,,2.39,0.3,48.1,,12.0,,2.72,13.72,,,,,,,,13.0,4107.0,2.1,20.75
2024-10-21,,0.08,1243.78,,2.47,0.31,,,12.0,,,,,,,,,,,,4239.0,2.07,21.62
2024-10-22,637.82,0.03,1785.98,14.0,8.33,0.3,58.8,65.0,19.0,75.23,4.11,15.93,,,,,,1.19,1.02,109.0,9157.0,2.26,22.75
2024-10-23,694.68,0.01,1800.12,107.0,13.59,0.29,49.61,79.0,159.0,71.2,4.62,14.72,,,,,,0.99,0.81,123.0,18543.0,2.49,25.06
2024-10-24,834.14,0.0,1853.29,68.0,11.05,0.29,59.8,90.0,20.0,68.85,4.41,15.22,,,,,,1.38,1.01,140.0,12829.0,2.55,25.08
2024-10-25,665.83,0.01,1857.71,72.0,17.71,0.29,64.63,40.0,20.0,,3.55,15.81,,,,,,1.32,1.07,173.0,24997.0,2.73,26.64
2024-10-26,0.47,0.01,46.44,,3.58,0.3,35.97,,12.0,75.5,,13.25,,,,,,,,,6278.0,2.19,23.21
2024-10-27,,0.09,1166.4,,3.68,0.3,,,10.0,,,,,,,,,,,,6421.0,2.27,23.25
2024-10-28,327.34,0.02,1819.83,34.0,6.63,0.3,58.35,17.0,16.0,,3.29,16.69,,,,,,1.0,0.81,80.0,10180.0,2.25,22.68
2024-10-29,897.57,0.11,1823.13,33.0,12.55,0.31,63.15,103.0,35.0,81.78,4.3,18.25,,,,,,1.16,0.93,183.0,15910.0,2.11,22.33
2024-10-30,646.45,0.01,1577.44,,12.92,0.3,60.24,67.0,26.0,77.22,3.76,17.54,,,,,,1.03,1.09,150.0,12694.0,2.1,21.48
2024-10-31,,0.01,1169.29,,2.84,0.3,,,20.0,78.36,,,,,,,,,,,4988.0,2.16,22.06
2024-11-01,628.52,0.01,1782.95,14.0,8.43,0.3,61.05,60.0,27.0,73.83,4.12,15.12,,,,,,1.3,0.95,121.0,9573.0,2.25,22.58
2024-11-02,33.37,0.04,454.21,,3.57,0.3,47.67,,6.0,,2.37,13.93,,,,,,0.72,,2.0,6188.0,2.31,24.24
2024-11-03,,0.65,,,1.95,0.31,,,15.0,,,,,,,,,,,,3329.0,2.08,20.93
2024-11-04,,0.03,1025.52,,1.32,0.3,,,5.0,,,,,,,,,,,,2263.0,2.31,24.41
2024-11-05,732.1,0.01,1826.23,7.0,5.37,0.3,66.94,80.0,6.0,68.96,4.07,17.46,,,,,,1.37,0.92,133.0,7846.0,2.32,23.62
2024-11-06,681.79,0.0,1829.1,21.0,16.11,0.28,65.93,65.0,21.0,,3.63,18.5,,,,,,1.09,0.9,143.0,16627.0,2.78,27.38
2024-11-07,614.11,0.02,1811.61,5.0,10.79,0.29,67.42,56.0,15.0,83.44,4.02,,,,,,,1.06,0.91,127.0,13101.0,2.4,24.71
2024-11-08,517.19,0.06,1696.67,,10.01,0.3,69.05,63.0,23.0,63.7,4.34,,,,,,,1.14,0.91,100.0,12278.0,2.26,23.83
2024-11-09,471.39,0.11,1845.37,24.0,9.55,0.3,68.63,25.0,32.0,,3.23,17.6,,,,,,1.18,0.96,128.0,14365.0,2.4,25.04
2024-11-10,400.65,0.01,1821.13,23.0,10.66,0.31,62.48,27.0,16.0,,3.38,14.62,,,,,,1.41,0.93,151.0,16210.0,2.1,22.54
2024-11-11,415.98,0.03,1793.67,4.0,8.44,0.3,64.46,25.0,24.0,,3.34,15.54,,,,,,1.1,0.93,119.0,12462.0,2.31,23.45
2024-11-12,403.93,0.03,1724.39,,7.04,0.3,50.84,42.0,16.0,75.04,3.62,13.44,,,,,,1.06,0.91,67.0,9901.0,2.25,22.97
2024-11-13,725.14,0.0,1801.68,19.0,9.15,0.29,59.74,78.0,28.0,81.28,4.6,17.4,,,,,,1.05,0.91,129.0,10170.0,2.57,26.55
2024-11-14,889.82,0.01,1969.24,22.0,18.08,0.3,71.73,76.0,36.0,59.53,3.57,17.29,,,,,,1.26,1.03,213.0,18772.0,2.36,23.49
2024-11-15,692.95,0.02,1822.86,17.0,9.83,0.29,64.7,67.0,18.0,73.82,4.61,18.25,,,,,,1.16,1.03,138.0,11125.0,2.54,25.34
2024-11-16,34.13,0.02,503.81,,4.2,0.3,45.9,1.0,15.0,,2.49,13.38,,,,,,0.8,,6.0,7146.0,2.34,24.05
2024-11-17,,0.03,,,5.72,0.3,,,18.0,,,,,,,,,,,,9675.0,2.21,22.92
2024-11-18,655.62,0.0,1333.45,10.0,12.59,0.29,59.93,57.0,19.0,72.35,3.53,15.43,,,,,,1.05,0.9,99.0,11386.0,2.45,24.32
2024-11-19,47.84,0.01,566.03,,2.61,0.3,48.85,3.0,11.0,,2.75,14.02,,,,,,1.19,0.71,16.0,4157.0,2.39,24.03
2024-11-20,295.03,0.0,1234.54,,3.79,0.31,61.99,18.0,24.0,,3.46,14.75,,,,,,1.22,0.95,48.0,5648.0,2.1,21.12
2024-11-21,384.2,0.0,1748.9,,5.1,0.3,52.96,53.0,9.0,73.25,5.13,14.6,,,,,,1.29,0.87,67.0,7121.0,2.34,23.89
2024-11-22,455.83,0.06,1815.15,41.0,8.56,0.31,62.6,23.0,26.0,,3.38,17.64,,,,,,1.21,0.91,120.0,12846.0,2.12,22.24
2024-11-23,68.85,0.1,636.55,,5.38,0.31,52.25,,10.0,,2.71,13.29,,,,,,,,15.0,9205.0,2.02,21.41
2024-11-24,,0.04,,,4.39,0.31,,,12.0,,,,,,,,,,,,7466.0,2.12,22.49
2024-11-25,357.99,0.03,1291.96,,5.65,0.3,62.76,15.0,27.0,,3.28,16.72,,,,,,1.23,0.96,86.0,8715.0,2.2,22.37
2024-11-26,9.72,0.07,1680.85,,1.67,0.31,44.43,,6.0,,1.43,13.77,,,,,,,,2.0,2767.0,2.09,21.0
2024-11-27,523.41,0.04,1831.95,136.0,13.96,0.3,64.37,14.0,15.0,,3.36,14.93,,,,,,1.15,0.94,203.0,20863.0,2.31,22.75
2024-11-28,558.94,0.0,1834.55,,10.85,0.31,61.55,38.0,35.0,,4.06,15.77,,,,,,1.2,1.05,110.0,12498.0,2.28,22.89
2024-11-29,,0.01,907.79,,1.42,0.3,,,9.0,,,,,,,,,,,,2354.0,2.13,21.65
2024-11-30,307.91,0.02,1793.23,5.0,6.64,0.3,66.28,13.0,10.0,,3.55,15.41,,,,,,1.34,1.01,76.0,9780.0,2.51,24.15
2024-12-01,280.92,0.17,1060.49,,6.92,0.31,59.83,19.0,19.0,,3.58,14.05,,,,,,1.23,0.93,100.0,11663.0,2.11,22.28
2024-12-02,,0.01,,,3.42,0.31,,,7.0,,,,,,,,,,,,5949.0,2.28,23.68
2024-12-03,,0.01,,,3.2,0.31,,,14.0,,,,,,,,,,,,5639.0,2.23,22.64
2024-12-04,499.18,0.12,1378.42,103.0,11.93,0.3,66.17,25.0,16.0,,3.41,17.19,,,,,,0.94,0.97,169.0,18297.0,2.27,24.5
2024-12-05,48.27,0.0,528.4,,2.01,0.31,52.64,1.0,16.0,,2.72,13.28,,,,,,,0.88,6.0,3265.0,2.16,22.9
2024-12-06,,0.1,,,2.05,0.31,,,10.0,,,,,,,,,,,,3529.0,2.1,22.5
2024-12-07,,0.08,,,4.73,0.31,,,7.0,,,,,,,,,,,,8364.0,2.18,22.55
2024-12-08,,0.5,,,4.35,0.31,,,10.0,,,,,,,,,,,,7546.0,1.94,21.79
2024-12-09,,0.02,,,3.21,0.3,,,12.0,,,,,,,,,,,,5638.0,2.33,24.03
2024-12-10,,,,,1.26,0.31,,,11.0,,,,,,,,,,,,2213.0,2.16,22.3
2024-12-11,,0.08,,,3.59,0.31,,,10.0,,,,,,,,,,,,6357.0,2.04,21.96
2024-12-12,,,,,0.81,0.32,,,3.0,,,,,,,,,,,,1386.0,1.96,19.06
2024-12-13,,0.01,,,3.07,0.3,,,8.0,,,,,,,,,,,,5342.0,2.39,24.18
2024-12-14,,0.03,,,3.11,0.3,,,16.0,,,,,,,,,,,,5516.0,2.18,22.2
2024-12-15,,0.03,,,2.99,0.3,,,7.0,,,,,,,,,,,,5267.0,2.19,23.48
2024-12-16,,,,,1.34,0.32,,,9.0,,,,,,,,,,,,2398.0,2.03,20.73
2024-12-17,,0.01,,,2.24,0.3,,,12.0,,,,,,,,,,,,3335.0,2.47,23.53
2024-12-18,,0.17,768.13,,1.0,0.32,,,5.0,,,,,,,,,,,,1721.0,2.06,21.43
2024-12-19,0.2,0.0,907.99,,1.28,0.29,,,6.0,,1.3,,,,,,,,,,2045.0,2.48,25.14
2024-12-20,,0.03,,,2.82,0.3,,,15.0,,,,,,,,,,,,4830.0,2.19,22.47
2024-12-21,,0.04,1187.11,,5.49,0.3,,,13.0,,,,,,,,,,,,9432.0,2.25,23.19
2024-12-22,1.12,0.04,1662.87,,4.61,0.3,58.43,,17.0,,1.25,,,,,,,,,,8218.0,2.23,21.97
2024-12-23,553.96,0.01,1923.18,4.0,11.18,0.3,72.8,42.0,41.0,74.66,3.48,16.64,,,,,,1.21,1.08,167.0,16503.0,2.28,22.83
2024-12-24,122.71,0.02,796.94,,5.41,0.3,73.4,1.0,4.0,,3.16,13.09,,,,,,,,6.0,8543.0,2.28,23.02
2024-12-25,,0.03,,,3.07,0.3,,,3.0,,,,,,,,,,,,5206.0,2.29,23.29
2024-12-26,,0.03,,,3.47,0.3,,,4.0,,,,,,,,,,,,5887.0,2.44,24.61
2024-12-27,,0.03,,,5.19,0.3,,,3.0,,,,,,,,,,,,8914.0,2.45,25.01
2024-12-28,,0.01,,,3.67,0.3,,,2.0,,,,,,,,,,,,6026.0,2.42,24.57
2024-12-29,,0.03,,,1.7,0.3,,,,,,,,,,,,,,,2901.0,2.2,22.24
2024-12-30,,0.02,,,6.17,0.3,,,,,,,,,,,,,,,9987.0,2.4,23.95
2024-12-31,,0.01,,,5.13,0.3,,,2.0,,,,,,,,,,,,9150.0,2.28,22.68
2025-01-01,,0.03,,,5.68,0.3,,,4.0,,,,,,,,,,,,10052.0,2.37,24.49
2025-01-02,,0.04,,,4.65,0.3,,,4.0,,,,,,,,,,,,7579.0,2.37,23.4
2025-01-03,,0.03,,,11.77,0.3,,,5.0,,,,,,,,,,,,19080.0,2.33,24.28
2025-01-04,,0.03,,,7.24,0.3,,,7.0,,,,,,,,,,,,12093.0,2.39,23.86
2025-01-05,,0.03,,,4.28,0.3,,,4.0,,,,,,,,,,,,7518.0,2.2,22.57
2025-01-06,,0.03,,,3.07,0.3,,,,,,,,,,,,,,,4724.0,2.31,23.19
2025-01-07,,0.04,,,3.97,0.3,,,7.0,,,,,,,,,,,,6847.0,2.35,24.44
2025-01-08,,0.01,,,2.71,0.3,,,,,,,,,,,,,,,4425.0,2.39,24.11
2025-01-09,,0.01,,,3.11,0.3,,,4.0,,,,,,,,,,,,5184.0,2.25,23.49
2025-01-10,,0.07,,,6.1,0.3,,,16.0,,,,,,,,,,,,9463.0,2.36,24.71
2025-01-11,,0.02,,,2.83,0.29,,,3.0,,,,,,,,,,,,4592.0,2.5,23.72
2025-01-12,,0.02,,,3.93,0.29,,,8.0,,,,,,,,,,,,6210.0,2.59,25.69
2025-01-13,,0.02,,,9.22,0.3,,,10.0,,,,,,,,,,,,14728.0,2.33,23.66
2025-01-14,,0.01,,,12.42,0.3,,,7.0,,,,,,,,,,,,19002.0,2.45,25.09
2025-01-15,,0.02,,,3.89,0.3,,,15.0,,,,,,,,,,,,6269.0,2.28,23.26
2025-01-16,,0.13,,,3.39,0.3,,,14.0,,,,,,,,,,,,5768.0,2.37,23.13
2025-01-17,,0.03,,,9.21,0.3,,,2.0,,,,,,,,,,,,15682.0,2.37,24.79
2025-01-18,,0.03,,,5.89,0.3,,,8.0,,,,,,,,,,,,9888.0,2.36,24.29
2025-01-19,,0.01,,,8.21,0.3,,,9.0,,,,,,,,,,,,13026.0,2.37,24.31
2025-01-20,,0.02,,,9.95,0.3,,,9.0,,,,,,,,,,,,16433.0,2.3,23.63
2025-01-21,,0.02,,,5.45,0.29,,,7.0,,,,,,,,,,,,7907.0,2.6,26.36
2025-01-22,,0.02,,,2.2,0.3,,,8.0,71.43,,,,,,,,,,,3523.0,2.36,25.2
2025-01-23,,0.09,,,3.42,0.3,,,4.0,,,,,,,,,,,,5603.0,2.21,23.46
2025-01-24,,0.03,,,6.0,0.3,,,9.0,,,,,,,,,,,,9847.0,2.26,23.63
2025-01-25,,0.02,,,7.51,0.3,,,7.0,,,,,,,,,,,,12490.0,2.33,24.46
2025-01-26,,0.03,,,4.73,0.3,,,12.0,,,,,,,,,,,,8119.0,2.28,23.86
2025-01-27,,0.02,,,5.16,0.3,,,6.0,,,,,,,,,,,,8042.0,2.41,24.54
2025-01-28,,0.05,,,3.4,0.3,,,8.0,,,,,,,,,,,,5688.0,2.33,24.17
2025-01-29,,0.05,,,7.93,0.3,,,8.0,,,,,,,,,,,,11647.0,2.48,25.32
2025-01-30,,0.02,,,11.04,0.3,,,5.0,,,,,,,,,,,,17586.0,2.34,23.9
2025-01-31,,0.05,,,9.01,0.3,,,4.0,,,,,,,,,,,,15609.0,2.22,23.24
2025-02-01,,0.01,,,9.57,0.3,,,11.0,,,,,,,,,,,,16362.0,2.28,23.23
2025-02-02,,0.02,,,10.79,0.3,,,10.0,,,,,,,,,,,,17105.0,2.37,24.03
2025-02-03,,0.02,,,6.87,0.3,,,6.0,,,,,,,,,,,,11336.0,2.32,23.87
2025-02-04,,0.03,,,10.09,0.31,,,8.0,,,,,,,,,,,,15662.0,2.36,24.07
2025-02-05,,0.03,,,6.95,0.3,,,6.0,83.0,,,,,,,,,,,11389.0,2.47,24.56
2025-02-06,,0.03,,,6.66,0.3,,,15.0,78.33,,,,,,,,,,,10296.0,2.48,23.76
2025-02-07,,0.05,,,7.91,0.31,,,22.0,,,,,,,,,,,,13092.0,2.21,23.47
2025-02-08,,0.05,,,7.29,0.3,,,9.0,,,,,,,,,,,,11419.0,2.26,24.14
2025-02-09,,0.03,,,4.73,0.31,,,14.0,,,,,,,,,,,,7763.0,2.33,22.99
2025-02-10,,0.06,,,9.22,0.31,,,15.0,78.3,,,,,,,,,,,16220.0,2.09,22.61
2025-02-11,,0.01,,,7.69,0.3,,,4.0,,,,,,,,,,,,13145.0,2.36,23.77
2025-02-12,,0.03,,,9.35,0.3,,,14.0,,,,,,,,,,,,15087.0,2.32,23.22
2025-02-13,,0.02,,,16.62,0.3,,,19.0,,,,,,,,,,,,25237.0,2.44,23.48
2025-02-14,,0.02,,,13.38,0.29,,,28.0,,,,,,,,,,,,19934.0,2.6,25.2
2025-02-15,,0.13,,,5.98,0.3,,,12.0,,,,,,,,,,,,9716.0,2.2,23.82
2025-02-16,,0.1,,,4.17,0.31,,,9.0,,,,,,,,,,,,7086.0,2.08,21.46
2025-02-17,,0.02,628.47,,9.45,0.3,,,15.0,,,,,,,,,,,,14094.0,2.5,25.03
2025-02-18,456.09,0.02,1308.07,10.0,15.1,0.3,62.34,44.0,38.0,,7.78,,321.71,190.17,4.98,0.9,9.3,0.88,0.78,51.0,21643.0,2.35,23.72
2025-02-19,,0.02,,,5.87,0.29,,,17.0,72.07,,,,,,,,,,,9358.0,2.55,22.51
2025-02-20,,0.04,,,10.73,0.3,,,18.0,69.95,,,,,,,,,,,17139.0,2.3,23.15
2025-02-21,,0.04,,,8.05,0.3,,,11.0,,,,,,,,,,,,12625.0,2.35,23.37
2025-02-22,,0.02,,,7.76,0.3,,,14.0,,,,,,,,,,,,12267.0,2.32,23.21
2025-02-23,,0.03,,,8.03,0.3,,,5.0,74.4,,,,,,,,,,,13688.0,2.21,20.98
2025-02-24,,0.02,,,3.04,0.3,,,8.0,73.98,,,,,,,,,,,4439.0,2.44,22.81
2025-02-25,,0.01,,,2.19,0.3,,,4.0,,,,,,,,,,,,3670.0,2.35,23.65
2025-02-26,,0.03,,,2.92,0.3,,,9.0,,,,,,,,,,,,4641.0,2.35,22.28
2025-02-27,,0.01,,,2.53,0.3,,,15.0,69.04,,,,,,,,,,,4280.0,2.28,22.71
2025-02-28,,0.11,,,4.27,0.3,,,4.0,,,,,,,,,,,,7109.0,2.06,21.31
2025-03-01,,0.02,,,6.27,0.31,,,7.0,,,,,,,,,,,,10680.0,2.27,23.35
2025-03-02,,0.01,,,2.84,0.31,,,9.0,,,,,,,,,,,,5249.0,2.17,22.18
2025-03-03,,0.04,,,1.73,0.3,,,9.0,,,,,,,,,,,,2824.0,2.42,24.16
2025-03-04,,0.03,,,1.76,0.3,,,9.0,,,,,,,,,,,,2886.0,2.18,22.07
2025-03-05,,0.04,,,4.54,0.29,,,3.0,,,,,,,,,,,,6591.0,2.56,26.72
2025-03-06,,0.04,,,3.64,0.3,,,11.0,,,,,,,,,,,,5571.0,2.4,23.29
2025-03-07,,0.01,,,2.81,0.3,,,12.0,,,,,,,,,,,,4638.0,2.34,23.04
2025-03-08,,0.05,,,2.37,0.3,,,18.0,,,,,,,,,,,,4249.0,2.12,22.18
2025-03-09,,0.02,,,3.72,0.3,,,11.0,,,,,,,,,,,,5819.0,2.25,22.13
2025-03-10,,0.01,,,4.71,0.31,,,9.0,,,,,,,,,,,,7862.0,2.19,22.6
2025-03-11,,0.1,,,1.23,0.3,,,5.0,,,,,,,,,,,,2166.0,2.33,22.33
2025-03-12,,0.01,,,2.24,0.3,,,7.0,76.4,,,,,,,,,,,3537.0,2.38,22.92
2025-03-13,,0.0,,,4.81,0.3,,,12.0,72.48,,,,,,,,,,,7129.0,2.49,24.29
2025-03-14,,0.27,,,5.64,0.3,,,6.0,,,,,,,,,,,,9378.0,2.16,22.15
2025-03-15,,0.01,,,2.63,0.3,,,7.0,,,,,,,,,,,,4203.0,2.54,24.58
2025-03-16,,0.22,,,3.42,0.3,,,9.0,,,,,,,,,,,,5957.0,2.1,21.92
2025-03-17,,0.04,,,3.38,0.3,,,9.0,,,,,,,,,,,,5343.0,2.43,25.34
2025-03-18,,0.0,,,6.19,0.3,,,11.0,,,,,,,,,,,,10739.0,2.36,23.58
2025-03-19,,,,,1.49,0.31,,,6.0,,,,,,,,,,,,2482.0,2.27,22.39
2025-03-20,,0.05,,,3.01,0.31,,,16.0,,,,,,,,,,,,5273.0,2.19,21.74
2025-03-21,,0.16,,,2.97,0.3,,,10.0,,,,,,,,,,,,5208.0,2.27,23.45
2025-03-22,,0.03,,,4.67,0.3,,,13.0,,,,,,,,,,,,7438.0,2.33,22.75
2025-03-23,,,,,1.1,0.31,,,4.0,,,,,,,,,,,,1884.0,2.03,19.98
2025-03-24,,0.0,,,,0.3,,,,,,,,,,,,,,,,2.18,20.91
2025-03-25,,0.01,,,,0.31,,,,,,,,,,,,,,,,2.28,22.64
2025-03-26,,0.06,,,,0.31,,,,,,,,,,,,,,,,2.03,20.57
2025-03-27,,0.06,,,,0.31,,,,,,,,,,,,,,,,2.08,20.58
2025-03-28,,,,,2.21,0.31,,,17.0,,,,,,,,,,,,3836.0,2.06,20.64
2025-03-29,,0.05,,,4.92,0.31,,,28.0,74.15,,,,,,,,,,,8223.0,2.1,20.81
2025-03-30,,0.17,,,4.92,0.3,,,8.0,,,,,,,,,,,,7887.0,2.26,22.86
2025-03-31,,,,,1.3,0.32,,,8.0,,,,,,,,,,,,2359.0,1.93,19.09
2025-04-01,,0.75,,,2.26,0.31,,,4.0,,,,,,,,,,,,3958.0,1.86,20.46
2025-04-02,,0.02,,,3.61,0.3,,,10.0,,,,,,,,,,,,5838.0,2.5,24.62
2025-04-03,,0.01,,,2.43,0.31,,,8.0,,,,,,,,,,,,4324.0,2.32,23.14
2025-04-04,,0.24,,,4.47,0.3,,,5.0,,,,,,,,,,,,7526.0,2.11,23.2
2025-04-05,,0.03,,,6.98,0.3,,,15.0,,,,,,,,,,,,11633.0,2.26,23.01
2025-04-06,,0.03,,,4.2,0.31,,,6.0,,,,,,,,,,,,7339.0,2.18,22.34
2025-04-07,,0.0,,,2.24,0.31,,,17.0,79.82,,,,,,,,,,,3755.0,2.29,22.59
2025-04-08,,0.03,,,3.56,0.3,,,9.0,76.93,,,,,,,,,,,5575.0,2.33,23.61
2025-04-09,,0.01,,,6.77,0.3,,,9.0,,,,,,,,,,,,11079.0,2.36,23.24
2025-04-10,,,,,1.22,0.32,,,9.0,,,,,,,,,,,,2153.0,2.06,20.38
2025-04-11,,0.19,,,6.83,0.31,,,9.0,,,,,,,,,,,,12043.0,2.05,22.71
2025-04-12,,0.02,,,4.19,0.31,,,10.0,,,,,,,,,,,,7037.0,2.28,23.12
2025-04-13,,0.01,,,5.58,0.31,,,12.0,,,,,,,,,,,,9364.0,2.11,21.44
2025-04-14,,0.03,,,2.82,0.31,,,10.0,,,,,,,,,,,,4840.0,2.11,21.61
2025-04-15,,0.0,,,6.76,0.3,,,13.0,,,,,,,,,,,,11418.0,2.5,24.68
2025-04-16,,0.02,,,5.36,0.3,,,13.0,,,,,,,,,,,,9082.0,2.47,24.55
2025-04-17,,,,,1.23,0.32,,,8.0,,,,,,,,,,,,2108.0,2.01,20.8
2025-04-18,,0.05,,,4.55,0.31,,,10.0,79.64,,,,,,,,,,,7850.0,2.09,22.63
2025-04-19,,0.01,,,4.81,0.31,,,18.0,,,,,,,,,,,,8047.0,2.35,23.1
2025-04-20,,0.12,,,5.8,0.3,,,14.0,,,,,,,,,,,,9441.0,2.21,22.84
2025-04-21,,0.01,,,6.67,0.31,,,15.0,,,,,,,,,,,,11570.0,2.34,23.53
2025-04-22,,0.02,,,2.39,0.31,,,9.0,,,,,,,,,,,,4157.0,2.16,22.43
2025-04-23,,0.01,,,4.95,0.3,,,15.0,75.1,,,,,,,,,,,7354.0,2.52,24.98
2025-04-24,,0.02,,,3.27,0.3,,,10.0,,,,,,,,,,,,5410.0,2.3,23.61
2025-04-25,,0.01,,,3.78,0.3,,,19.0,73.27,,,,,,,,,,,6382.0,2.34,23.91
2025-04-26,,0.0,,,10.02,0.3,,,83.0,78.28,,,,,,,,,,,16141.0,2.41,24.12
2025-04-27,,0.03,,,5.98,0.31,,,18.0,74.28,,,,,,,,,,,10492.0,2.31,23.46
2025-04-28,,0.0,,,2.16,0.31,,,13.0,,,,,,,,,,,,3541.0,2.19,22.12
2025-04-29,,0.01,,,8.17,0.3,,,14.0,75.78,,,,,,,,,,,11016.0,2.5,24.74
2025-04-30,,0.04,,,7.84,0.31,,,239.0,,,,,,,,,,,,11591.0,2.19,24.47
2025-05-01,,0.01,,,6.87,0.3,,,16.0,74.94,,,,,,,,,,,11763.0,2.32,23.59
2025-05-02,,0.0,,,2.56,0.31,,,7.0,,,,,,,,,,,,4517.0,2.22,22.8
2025-05-03,,0.06,,,5.84,0.3,,,8.0,75.28,,,,,,,,,,,9944.0,2.2,22.57
2025-05-04,,0.03,,,4.9,0.31,,,8.0,73.86,,,,,,,,,,,8544.0,2.2,21.76
2025-05-05,,0.0,,,3.37,0.31,,,7.0,,,,,,,,,,,,5792.0,2.17,23.08
2025-05-06,,0.04,,,1.26,0.3,,,5.0,,,,,,,,,,,,2099.0,2.26,22.3
2025-05-07,123.33,0.01,685.06,,3.83,0.31,,,21.0,74.66,,,,,,,,,,,6501.0,2.26,22.78
2025-05-08,150.58,0.02,1752.67,,3.39,0.3,,,11.0,,,,,,,,,,,,5752.0,2.37,23.58
2025-05-09,157.78,0.01,1646.84,,3.59,0.3,,,15.0,74.61,,,,,,,,,,,6207.0,2.34,24.07
2025-05-10,125.18,0.04,1704.84,,2.9,0.31,,,11.0,,,,,,,,,,,,5058.0,2.11,21.82
2025-05-11,159.84,0.03,1714.64,,4.0,0.31,,,5.0,,,,,,,,,,,,7231.0,2.11,21.91
2025-05-12,129.2,0.03,1777.86,,3.15,0.31,,,7.0,,,,,,,,,,,,5316.0,2.2,22.64
2025-05-13,1.66,0.06,233.66,,2.61,0.31,,,13.0,72.63,,,,,,,,,,,4280.0,2.22,22.48
2025-05-14,,0.0,,,2.29,0.31,,,6.0,,,,,,,,,,,,4027.0,2.09,22.09
2025-05-15,,0.0,,,7.41,0.29,,,32.0,71.15,,,,,,,,,,,9910.0,2.53,24.22
2025-05-16,,0.01,,,1.61,0.3,,,14.0,76.67,,,,,,,,,,,2703.0,2.34,22.44
2025-05-17,,0.02,,,4.79,0.3,,,10.0,81.19,,,,,,,,,,,8135.0,2.35,23.55
2025-05-18,,0.01,,,18.34,0.3,,,19.0,,,,,,,,,,,,24380.0,2.33,23.22
2025-05-19,,0.01,,,3.4,0.3,,,7.0,80.03,,,,,,,,,,,5824.0,2.35,23.94
2025-05-20,,0.04,,,1.99,0.3,,,15.0,80.51,,,,,,,,,,,3318.0,2.14,22.07
2025-05-21,,0.0,,,8.32,0.29,,,13.0,74.81,,,,,,,,,,,12138.0,2.56,25.79
2025-05-22,,0.0,,,3.56,0.3,,,8.0,,,,,,,,,,,,6314.0,2.41,24.72
2025-05-23,,0.0,,,8.67,0.29,,,19.0,78.13,,,,,,,,,,,13941.0,2.48,24.94
2025-05-24,,0.03,,,7.78,0.3,,,10.0,81.16,,,,,,,,,,,12904.0,2.4,24.51
2025-05-25,,0.02,,,4.84,0.3,,,11.0,76.91,,,,,,,,,,,8342.0,2.43,25.01
2025-05-26,,0.02,,,2.8,0.3,,,14.0,74.64,,,,,,,,,,,4563.0,2.29,22.76
2025-05-27,,0.02,,,4.87,0.3,,,17.0,77.17,,,,,,,,,,,8290.0,2.3,23.55
2025-05-28,,0.01,,,5.93,0.29,,,12.0,75.07,,,,,,,,,,,10465.0,2.53,25.16
2025-06-08,,,,,0.61,0.3,,,1.0,,,,,,,,,,,,1006.0,2.55,24.67
2025-06-09,200.38,0.0,695.47,40.0,3.93,0.3,60.24,10.0,3.0,,3.19,13.44,,,,,,,,65.0,5454.0,2.48,25.28
2025-06-10,888.07,0.01,1881.89,,17.01,0.29,62.33,134.0,17.0,77.8,3.9,13.85,,,,,,0.9,0.86,219.0,25310.0,2.66,26.42
2025-06-11,714.95,0.01,1762.17,,8.53,0.3,54.9,77.0,33.0,76.39,3.59,14.21,,,,,,1.12,0.87,109.0,13456.0,2.38,23.96
2025-06-12,858.53,0.05,1920.94,10.0,10.2,0.3,63.24,105.0,25.0,69.71,4.04,12.77,,,,,,1.14,1.09,182.0,15335.0,2.48,25.24
2025-06-13,1095.33,0.01,1838.45,59.0,11.48,0.3,61.13,124.0,40.0,74.18,3.24,13.5,,,,,,1.06,0.9,216.0,17246.0,2.43,24.73
2025-06-14,1107.07,0.02,1943.69,133.0,17.01,0.3,65.07,124.0,26.0,74.27,3.15,13.54,,,,,,1.05,1.07,266.0,25674.0,2.41,24.49
2025-06-15,1030.96,0.02,1731.52,115.0,23.68,0.3,55.08,96.0,48.0,,6.14,14.46,307.7,170.98,5.13,0.91,9.17,0.89,0.79,168.0,30751.0,2.35,24.13
2025-06-16,952.11,0.03,1850.1,177.0,12.94,0.3,56.88,98.0,41.0,,3.74,13.36,,,,,,1.15,0.89,166.0,19836.0,2.34,24.74
2025-06-17,591.03,0.02,1801.63,113.0,7.45,0.3,57.26,83.0,29.0,75.6,2.66,13.42,,,,,,1.16,0.93,133.0,11677.0,2.35,23.57
2025-06-18,1141.71,0.01,1892.57,131.0,17.3,0.3,56.63,152.0,57.0,78.89,3.54,12.87,,,,,,1.17,0.91,238.0,25983.0,2.42,24.52
2025-06-19,802.06,0.02,1813.7,84.0,9.28,0.3,62.08,95.0,32.0,77.51,3.53,13.18,,,,,,1.14,0.98,158.0,14255.0,2.31,23.07
2025-06-20,1261.36,0.01,1876.69,113.0,26.5,0.3,62.06,110.0,46.0,,5.94,13.85,299.93,195.42,5.48,0.97,9.2,0.94,0.84,206.0,34326.0,2.33,23.6
2025-06-21,885.11,0.01,1879.5,73.0,16.34,0.3,64.43,106.0,23.0,77.86,3.85,13.22,,,,,,0.96,0.95,244.0,24716.0,2.33,24.34
2025-06-22,1039.25,0.03,1886.15,52.0,18.1,0.3,64.53,100.0,48.0,66.56,3.89,13.38,,,,,,1.18,0.94,208.0,26106.0,2.4,25.14
2025-06-23,695.57,0.01,1853.95,82.0,6.34,0.3,62.47,78.0,31.0,76.66,2.83,13.31,,,,,,1.21,0.91,132.0,9561.0,2.26,22.3
2025-06-24,1005.35,0.04,1815.0,82.0,11.56,0.3,57.14,123.0,40.0,64.53,2.89,15.33,,,,,,1.16,1.19,175.0,16382.0,2.4,24.21
2025-06-25,1035.13,0.02,1864.7,168.0,22.31,0.29,59.61,137.0,53.0,77.56,4.03,12.89,,,,,,1.02,1.01,246.0,30734.0,2.56,25.19
2025-06-26,1101.8,0.05,1860.21,64.0,11.62,0.29,59.49,110.0,51.0,72.54,3.65,13.01,,,,,,1.09,1.09,224.0,16942.0,2.4,24.33
2025-06-27,931.57,0.03,1873.35,6.0,14.81,0.3,64.6,82.0,38.0,,3.43,12.97,,,,,,1.14,0.93,218.0,22440.0,2.36,24.31
2025-06-28,271.8,0.02,1723.6,87.0,11.48,0.3,59.88,18.0,23.0,,3.46,13.86,,,,,,1.07,0.91,77.0,17701.0,2.28,23.14
2025-06-29,1042.17,0.03,1798.37,162.0,22.86,0.3,59.49,107.0,53.0,,6.17,13.2,292.17,194.28,5.51,0.97,9.62,0.94,0.87,176.0,30376.0,2.3,24.41
2025-06-30,778.83,0.01,1814.36,141.0,12.03,0.29,64.85,84.0,31.0,68.0,3.93,14.74,,,,,,1.19,1.02,172.0,17698.0,2.6,26.15
2025-07-01,7.94,0.03,283.14,,5.18,0.3,38.99,,6.0,,2.19,12.92,,,,,,,,1.0,8964.0,2.19,23.28
2025-07-02,1162.01,0.01,1539.5,219.0,21.28,0.29,68.19,155.0,29.0,73.63,3.24,,,,,,,1.01,0.95,268.0,29950.0,2.55,25.59
2025-07-03,699.48,0.01,1800.02,81.0,9.01,0.3,65.48,73.0,28.0,72.51,2.9,,,,,,,1.01,0.9,143.0,13627.0,2.36,24.03
2025-07-04,1005.36,0.04,1659.03,115.0,11.14,0.3,64.76,97.0,24.0,81.07,3.04,,,,,,,1.17,0.92,193.0,17083.0,2.25,24.18
2025-07-05,,0.02,,,7.1,0.29,,,14.0,75.18,1.0,,,,,,,,,,11853.0,2.42,24.49
2025-07-06,,0.0,887.83,,2.65,0.3,,,4.0,,,,,,,,,,,,4374.0,2.22,21.98
2025-07-07,721.76,0.01,1801.14,129.0,18.35,0.29,66.68,58.0,20.0,,4.67,,279.16,212.98,6.0,1.04,10.53,1.08,0.9,102.0,23974.0,2.59,25.43
2025-07-08,475.49,0.0,1791.86,9.0,12.89,0.29,62.08,58.0,28.0,73.54,4.05,,,,,,,1.12,0.93,95.0,18205.0,2.54,24.65
2025-07-09,909.28,0.0,1557.03,39.0,7.63,0.29,63.14,89.0,29.0,71.5,2.71,17.23,,,,,,1.06,1.09,160.0,10900.0,2.64,26.38
2025-07-10,,0.01,1300.4,,4.45,0.3,,,15.0,83.12,1.0,,,,,,,,,,7181.0,2.36,24.26
2025-07-11,1170.05,0.03,1875.19,119.0,17.03,0.3,66.52,97.0,36.0,86.4,3.45,14.11,,,,,,1.12,0.88,255.0,26105.0,2.35,24.0
2025-07-12,5.99,0.02,398.6,,7.45,0.3,42.51,,11.0,,1.02,12.71,,,,,,,,,12354.0,2.45,25.45
2025-07-13,,0.02,,,9.01,0.3,,,81.0,73.59,,,,,,,,,,,13577.0,2.36,24.65
2025-07-14,859.41,0.01,1414.91,23.0,5.78,0.3,66.47,80.0,20.0,80.0,2.97,,,,,,,1.05,0.92,137.0,8675.0,2.38,24.14
2025-07-15,707.26,0.02,1821.5,92.0,11.22,0.3,64.15,66.0,25.0,58.28,3.68,14.68,,,,,,1.09,0.95,177.0,16548.0,2.27,23.31
2025-07-16,535.06,0.02,1706.62,9.0,4.86,0.29,57.06,71.0,16.0,68.51,4.0,12.83,,,,,,,0.91,87.0,7458.0,2.34,23.16
2025-07-17,492.19,0.02,1796.93,84.0,5.46,0.29,64.79,57.0,23.0,,2.95,,,,,,,1.12,0.87,111.0,8043.0,2.46,24.34
2025-07-18,0.88,0.03,283.57,,6.73,0.3,,,13.0,,1.0,,,,,,,,,,10330.0,2.37,23.99
2025-07-19,1275.65,0.01,1479.55,296.0,18.62,0.29,71.52,121.0,64.0,,5.25,13.25,294.68,192.0,5.56,0.95,9.61,1.07,1.24,376.0,22548.0,2.71,27.21
2025-07-20,30.1,0.04,1649.7,,3.51,0.3,55.9,,9.0,,2.83,12.99,,,,,,,,9.0,5723.0,2.22,22.13
2025-07-21,526.89,0.0,1800.46,27.0,5.14,0.3,69.01,65.0,22.0,71.18,3.96,,,,,,,1.01,0.86,100.0,7665.0,2.21,22.76
2025-07-22,768.84,0.02,1777.0,100.0,12.98,0.3,72.68,73.0,22.0,,4.28,,292.49,197.99,5.45,0.94,10.07,1.16,0.98,112.0,16048.0,2.18,21.57
2025-07-23,605.66,0.03,1805.14,136.0,5.67,0.3,69.73,64.0,11.0,73.23,3.54,,,,,,,1.01,0.9,113.0,8577.0,2.42,23.82
2025-07-24,820.84,0.04,1765.56,32.0,7.58,0.3,58.03,89.0,27.0,70.3,3.44,13.54,,,,,,1.39,1.25,164.0,11641.0,2.24,22.69
2025-07-25,8.85,0.02,380.22,,6.68,0.3,48.1,,11.0,,1.07,12.79,,,,,,,,,11129.0,2.42,25.59
2025-07-26,,0.04,,,5.99,0.3,,2.0,21.0,,,,,,,,,,,,10052.0,2.35,25.0
2025-07-27,,0.06,,,6.1,0.3,,2.0,9.0,,,,,,,,,,,,9743.0,2.21,22.83
2025-07-28,1053.32,0.03,1346.83,73.0,9.61,0.3,61.49,112.0,41.0,72.71,3.56,14.2,290.4,172.05,5.33,0.93,10.25,1.13,0.95,162.0,12966.0,2.37,23.88
2025-07-29,463.57,0.01,1779.57,63.0,6.61,0.3,59.76,59.0,16.0,69.95,4.22,11.91,,,,,,0.95,1.02,105.0,9385.0,2.47,24.09
2025-07-30,1187.88,0.02,1880.46,111.0,13.37,0.3,65.96,150.0,115.0,84.51,3.9,,,,,,,1.06,0.8,206.0,19876.0,2.41,24.1
2025-07-31,545.07,0.02,1822.52,69.0,9.17,0.3,65.96,57.0,22.0,69.98,2.97,,,,,,,1.05,0.95,119.0,13428.0,2.41,24.22
2025-08-01,4.88,0.03,490.14,,5.4,0.31,,,9.0,,1.01,,,,,,,,,,9214.0,2.15,22.77
2025-08-02,,0.01,1038.71,,4.94,0.3,,,8.0,,,,,,,,,,,,8608.0,2.25,23.19
2025-08-03,349.4,0.01,1651.93,47.0,10.17,0.3,54.43,48.0,24.0,,3.71,,331.86,139.46,4.06,0.85,10.0,0.95,0.82,53.0,15125.0,2.26,23.13
2025-08-04,1219.94,0.01,1880.24,197.0,23.19,0.3,66.11,166.0,42.0,62.46,3.11,,,,,,,0.95,1.04,268.0,33078.0,2.44,24.86
2025-08-05,728.93,0.02,1652.47,47.0,8.93,0.31,68.4,86.0,37.0,74.46,3.43,18.3,,,,,,1.23,0.89,178.0,13562.0,2.27,23.88
2025-08-06,,0.01,1253.88,,5.3,0.3,,,22.0,71.19,1.0,,,,,,,,,,8618.0,2.34,23.82
2025-08-07,638.65,0.02,1914.19,178.0,14.41,0.3,75.85,37.0,7.0,,3.22,16.75,,,,,,0.89,0.84,215.0,21030.0,2.34,23.6
2025-08-08,766.72,0.01,1783.05,103.0,15.9,0.3,74.35,82.0,4.0,,6.37,,301.39,183.55,5.29,0.91,9.37,1.02,,102.0,20329.0,2.44,25.27
2025-08-09,8.9,0.03,1664.68,,9.84,0.3,,1.0,5.0,,1.07,,,,,,,,0.73,,15520.0,2.37,24.28
2025-08-10,700.85,0.01,1965.68,142.0,14.11,0.3,66.62,50.0,41.0,70.65,3.35,16.35,,,,,,1.04,0.95,209.0,21544.0,2.15,23.18
2025-08-11,860.25,0.01,1785.36,73.0,9.23,0.3,62.33,78.0,22.0,71.65,3.12,12.36,,,,,,1.02,0.79,166.0,14329.0,2.22,23.38
2025-08-12,959.28,0.03,1969.67,145.0,17.82,0.29,67.83,118.0,25.0,69.37,3.87,16.5,,,,,,1.05,0.9,223.0,23386.0,2.54,24.84
2025-08-13,1359.73,0.02,1891.79,156.0,15.0,0.3,65.87,138.0,114.0,66.04,3.74,,,,,,,0.79,0.85,240.0,23785.0,2.36,25.46
2025-08-14,834.27,0.01,1906.46,63.0,9.26,0.3,70.33,85.0,33.0,65.12,2.99,,,,,,,1.1,0.96,204.0,13827.0,2.39,24.66
2025-08-15,903.43,0.03,1920.81,,5.73,0.3,64.3,80.0,22.0,59.89,3.41,,,,,,,1.06,0.98,140.0,8590.0,2.35,23.43
2025-08-16,928.07,0.02,1767.68,101.0,18.37,0.3,66.0,85.0,44.0,,6.6,,297.5,194.01,5.6,1.0,9.89,0.91,0.77,102.0,22864.0,2.24,22.74
2025-08-17,587.01,0.06,1871.03,96.0,11.5,0.31,68.75,35.0,29.0,82.66,2.45,17.0,,,,,,1.05,0.84,147.0,17827.0,2.12,22.81
2025-08-18,7.71,0.02,1692.88,,4.62,0.31,,4.0,12.0,,1.0,,,,,,,,,,7982.0,2.23,22.91
2025-08-19,1220.3,0.01,1898.67,111.0,18.04,0.3,64.71,102.0,47.0,,6.02,14.91,296.84,203.79,5.44,0.96,9.67,0.95,0.87,162.0,22257.0,2.27,22.74
2025-08-20,648.66,0.01,1831.78,89.0,12.58,0.3,71.55,80.0,39.0,55.66,3.03,12.5,,,,,,1.14,0.9,167.0,18972.0,2.46,25.2
2025-08-21,1053.84,0.03,1904.84,17.0,14.45,0.3,71.49,95.0,32.0,75.11,3.5,13.71,,,,,,1.08,0.91,230.0,21835.0,2.31,23.27
2025-08-22,14.76,0.03,1706.37,,14.52,0.3,48.3,,11.0,,1.61,13.13,,,,,,0.97,,2.0,23412.0,2.25,23.98
2025-08-23,928.34,0.02,1786.37,91.0,18.74,0.31,67.98,71.0,49.0,,5.95,14.56,309.49,188.81,5.07,0.91,9.78,0.93,0.89,176.0,26251.0,2.15,23.15
2025-08-24,1228.08,0.03,1959.44,171.0,24.78,0.3,70.49,104.0,37.0,,4.52,13.12,296.09,143.99,4.7,0.89,9.87,0.95,0.75,283.0,35849.0,2.38,25.16
2025-08-25,468.22,0.01,1800.44,11.0,11.22,0.3,69.6,79.0,81.0,73.52,3.12,,,,,,,1.06,0.91,105.0,16477.0,2.24,24.23
2025-08-26,525.7,0.02,1703.97,3.0,9.47,0.3,60.22,69.0,83.0,68.19,3.54,,,,,,,0.93,0.88,84.0,12945.0,2.45,24.85
2025-08-27,458.32,0.01,1703.14,17.0,9.63,0.29,65.45,65.0,11.0,73.43,4.18,,,,,,,1.07,0.77,79.0,14300.0,2.52,24.96
2025-08-28,768.9,0.02,1815.0,,5.52,0.3,69.45,75.0,14.0,67.16,3.53,,,,,,,1.11,0.87,108.0,7987.0,2.32,23.13
2025-08-29,633.36,0.02,1822.48,51.0,10.14,0.3,71.75,59.0,14.0,77.33,3.08,,,,,,,0.8,0.82,179.0,15422.0,2.37,24.17
2025-08-30,500.16,0.05,1840.99,159.0,12.4,0.31,66.99,35.0,21.0,,3.39,15.17,,,,,,1.22,0.95,143.0,18545.0,2.18,22.85
2025-08-31,63.77,0.02,1768.94,,7.74,0.3,50.94,3.0,5.0,,1.36,12.9,,,,,,0.96,,19.0,13105.0,2.05,21.65
2025-09-01,1123.4,,1852.65,139.0,14.19,0.31,67.22,95.0,54.0,,5.23,,300.79,204.91,5.48,0.95,9.27,1.03,0.89,142.0,16447.0,2.04,19.96
2025-09-02,959.85,0.08,1777.03,115.0,13.47,0.3,59.63,87.0,79.0,,7.11,15.37,299.13,207.61,5.37,0.95,9.75,1.05,1.17,114.0,15459.0,2.22,21.87
2025-09-03,106.0,0.03,1723.33,,7.79,0.31,54.79,11.0,35.0,67.97,3.42,13.82,,,,,,1.09,0.92,26.0,12287.0,2.21,22.41
2025-09-04,1012.27,0.01,1900.5,99.0,7.3,0.31,63.06,97.0,42.0,78.4,3.41,14.27,,,,,,1.08,0.84,158.0,11178.0,2.19,22.61
2025-09-05,641.98,0.02,1384.34,101.0,10.24,0.3,62.17,74.0,35.0,,4.31,12.86,,,,,,1.17,1.02,148.0,15680.0,2.3,23.21
2025-09-06,,0.04,,,6.2,0.31,,,12.0,,,,,,,,,,,,10673.0,2.06,22.1
2025-09-07,,0.01,1255.64,,5.02,0.3,,,21.0,,,,,,,,,,,,8088.0,2.49,24.28
2025-09-08,568.7,0.0,1852.67,57.0,5.76,0.31,63.1,67.0,29.0,73.06,4.26,14.59,,,,,,1.14,0.91,120.0,8733.0,2.32,23.8
2025-09-09,1266.54,0.01,1863.66,157.0,19.02,0.3,57.93,107.0,73.0,,6.07,14.57,296.79,192.5,5.64,0.99,9.53,0.95,0.87,164.0,22809.0,2.17,22.64
2025-09-10,606.59,0.01,1844.87,13.0,7.41,0.3,61.75,61.0,20.0,76.54,3.67,13.52,,,,,,,0.91,143.0,11058.0,2.38,23.69
2025-09-11,1150.78,0.01,1922.88,107.0,17.4,0.3,61.76,96.0,54.0,,5.85,14.5,292.49,202.75,5.72,1.0,9.71,0.98,0.88,146.0,20487.0,2.34,24.16
2025-09-12,770.5,0.03,1749.68,131.0,12.61,0.3,67.53,82.0,35.0,73.11,3.19,,,,,,,1.04,0.89,189.0,18867.0,2.34,24.48
2025-09-13,,0.01,,,7.72,0.3,,,14.0,,1.0,,,,,,,,,,13019.0,2.27,23.64
2025-09-14,,0.03,1255.64,,5.1,0.31,,,11.0,,,,,,,,,,,,9081.0,2.06,22.15
2025-09-15,635.29,0.03,1839.03,22.0,6.66,0.3,68.6,64.0,31.0,75.64,3.72,,,,,,,1.03,0.89,128.0,10189.0,2.23,22.13
2025-09-16,505.52,0.01,1883.72,101.0,8.99,0.3,62.43,39.0,34.0,,3.72,14.65,,,,,,1.01,0.87,97.0,13074.0,2.33,23.16
2025-09-17,1097.39,0.0,1836.77,87.0,15.57,0.31,57.5,99.0,80.0,,4.54,12.95,304.27,202.91,5.35,0.95,9.89,1.11,0.98,146.0,18730.0,2.28,23.23
2025-09-18,846.61,0.05,1957.58,64.0,11.53,0.31,62.14,98.0,46.0,73.97,3.42,12.96,,,,,,1.02,1.03,192.0,17537.0,2.19,22.44
2025-09-19,1094.58,0.0,1770.37,137.0,17.48,0.3,67.1,85.0,40.0,,4.76,14.71,299.59,211.89,5.7,0.98,9.72,0.95,0.77,165.0,21444.0,2.23,23.71
2025-09-20,0.07,0.05,,,4.98,0.31,,,12.0,,1.0,,,,,,,,,,8673.0,2.09,22.52
2025-09-21,,0.03,1325.4,,4.41,0.31,,,11.0,,,,,,,,,,,,7521.0,2.29,23.67
2025-09-22,840.22,0.01,1876.03,23.0,11.81,0.3,69.13,83.0,30.0,71.89,3.56,,,,,,,1.16,0.91,179.0,17267.0,2.33,23.53
2025-09-23,1012.81,0.03,1774.97,88.0,14.91,0.3,62.57,91.0,72.0,,5.61,17.79,299.07,195.05,5.46,0.96,9.74,1.09,1.19,112.0,17562.0,2.36,24.14
2025-09-24,2.59,0.01,1739.83,,3.89,0.3,,,6.0,,1.01,,,,,,,,,,6370.0,2.46,24.85
2025-09-25,682.67,0.01,1826.06,6.0,8.6,0.31,69.25,69.0,32.0,63.71,3.27,,,,,,,1.13,0.83,159.0,12905.0,2.19,21.98
2025-09-26,1236.42,0.02,2027.84,188.0,29.53,0.3,70.54,182.0,242.0,,3.85,,227.0,96.7,2.44,,8.86,0.87,0.82,288.0,45207.0,2.35,24.55
2025-09-27,13.9,0.01,633.58,,5.86,0.3,,,8.0,,1.05,,,,,,,,,,9954.0,2.22,23.44
2025-09-28,,0.02,767.34,,5.08,0.3,,,12.0,,,,,,,,,,,,8903.0,2.27,23.67
2025-09-29,586.0,0.03,1867.0,,7.22,0.3,67.06,64.0,32.0,66.35,3.7,,,,,,,1.1,1.04,113.0,10747.0,2.22,22.45
2025-09-30,593.56,0.04,1864.03,92.0,16.91,0.31,65.77,31.0,8.0,,3.14,15.42,,,,,,1.05,0.96,193.0,25740.0,2.15,22.71
2025-10-01,1173.48,0.07,1877.24,73.0,17.7,0.31,60.39,93.0,52.0,,6.12,14.29,292.15,214.89,5.79,0.99,9.82,1.05,0.9,163.0,21752.0,2.09,22.24
2025-10-02,648.81,0.03,1889.26,13.0,7.84,0.31,59.56,66.0,33.0,,3.49,14.28,,,,,,0.98,0.87,151.0,12072.0,2.14,22.33
2025-10-03,3.73,0.01,1667.21,,2.01,0.3,46.63,,10.0,,1.0,13.15,,,,,,,,,3423.0,2.32,23.21
2025-10-04,19.56,0.04,1659.24,,7.54,0.31,,11.0,12.0,,1.0,,,,,,,,,,13012.0,2.14,22.4
2025-10-05,7.42,0.02,1695.03,,4.19,0.3,,3.0,14.0,,1.0,,,,,,,,,,7283.0,2.19,22.5
2025-10-06,535.21,0.04,1801.97,39.0,5.48,0.3,62.66,60.0,18.0,72.97,4.01,,,,,,,1.1,0.91,95.0,8369.0,2.42,23.58
2025-10-07,447.73,0.0,1737.12,66.0,12.81,0.3,58.54,64.0,20.0,76.0,3.37,13.58,,,,,,1.08,0.78,102.0,19002.0,2.51,24.94
2025-10-08,1193.9,0.01,1955.05,102.0,24.14,0.29,58.12,152.0,70.0,74.01,4.02,14.02,,,,,,1.09,0.92,215.0,31680.0,2.74,26.88
2025-10-09,910.17,0.02,1833.71,73.0,14.89,0.31,61.18,89.0,60.0,,3.99,14.0,297.66,217.09,5.64,0.99,10.25,0.98,0.81,169.0,19487.0,2.07,22.0
2025-10-10,393.8,0.04,1857.21,,7.87,0.3,70.25,28.0,23.0,,3.08,14.6,,,,,,0.91,1.09,95.0,11268.0,2.28,22.3
2025-10-11,1089.37,0.0,1922.41,146.0,20.85,0.31,65.98,83.0,42.0,,4.72,13.28,294.83,213.25,5.79,0.99,9.96,1.0,0.95,227.0,26971.0,2.03,21.09
2025-10-12,545.49,0.01,1857.33,52.0,6.4,0.31,68.46,65.0,29.0,,3.87,16.44,,,,,,1.15,1.01,146.0,10021.0,2.11,21.08
2025-10-13,98.53,0.04,1721.25,,4.15,0.31,57.26,6.0,25.0,,1.88,14.26,,,,,,1.54,1.13,22.0,7245.0,1.99,21.25
2025-10-14,1034.04,0.08,1919.82,83.0,13.67,0.31,67.34,81.0,53.0,,4.55,,304.32,205.2,5.39,0.95,9.68,0.99,0.88,171.0,16615.0,1.98,20.08
2025-10-15,1128.13,0.0,2008.55,204.0,30.62,0.3,69.74,187.0,54.0,,3.91,,,,,,,1.16,0.98,251.0,40950.0,2.53,24.59
2025-10-16,680.51,0.05,1792.37,14.0,8.09,0.3,66.45,69.0,26.0,78.57,3.89,13.1,,,,,,1.1,0.88,152.0,12153.0,2.33,23.98
2025-10-17,1137.02,0.02,1860.2,156.0,20.57,0.31,64.87,111.0,41.0,,3.78,12.15,294.64,206.61,5.8,0.99,10.01,1.22,0.85,184.0,26810.0,2.26,23.71
2025-10-18,383.22,0.02,1819.38,,6.64,0.31,67.43,25.0,24.0,,2.32,14.57,,,,,,1.19,0.93,111.0,10033.0,2.25,22.2
2025-10-19,478.08,0.05,1881.22,70.0,13.72,0.3,64.16,29.0,9.0,,2.52,13.88,,,,,,1.03,0.84,156.0,21053.0,2.12,22.24
2025-10-20,785.58,0.0,1860.55,7.0,7.31,0.3,64.19,86.0,33.0,81.05,4.71,14.88,,,,,,1.21,1.03,141.0,10205.0,2.32,23.46
2025-10-21,1513.87,0.02,1943.42,123.0,24.42,0.31,57.76,130.0,35.0,,4.68,14.68,291.59,211.43,5.75,0.97,9.68,0.95,0.88,255.0,31963.0,2.2,23.77
2025-10-22,1097.09,0.0,1918.82,8.0,8.47,0.3,61.24,121.0,27.0,82.26,4.42,13.62,,,,,,0.97,0.98,176.0,12267.0,2.16,21.59
2025-10-23,1228.87,0.01,1866.98,8.0,8.38,0.29,64.16,128.0,42.0,72.53,4.54,14.77,,,,,,1.14,1.08,190.0,11754.0,2.27,22.38
2025-10-24,517.7,0.02,1798.62,,6.86,0.3,63.52,58.0,38.0,75.16,3.94,13.93,,,,,,1.05,1.06,115.0,10256.0,2.16,21.93
2025-10-25,597.91,0.02,1890.84,,17.7,0.3,60.9,47.0,36.0,,2.82,15.45,,,,,,1.07,0.99,154.0,15926.0,2.23,22.64
2025-10-26,930.18,0.02,1936.98,80.0,16.1,0.3,61.41,107.0,22.0,,3.49,14.28,,,,,,1.2,0.94,180.0,21358.0,2.32,23.71
2025-10-27,862.64,0.01,1841.52,77.0,12.74,0.3,60.35,86.0,43.0,73.62,3.92,14.7,,,,,,1.08,0.89,200.0,18495.0,2.21,23.41
2025-10-28,12.38,,1648.08,,3.02,0.31,41.7,1.0,19.0,72.17,1.0,13.85,,,,,,,,,4901.0,2.06,21.33
2025-10-29,681.03,0.01,1843.87,54.0,9.8,0.3,63.9,99.0,36.0,79.06,3.24,15.22,,,,,,0.97,0.87,157.0,14271.0,2.11,22.27
2025-10-30,1309.01,0.01,1898.89,87.0,20.86,0.3,65.46,171.0,54.0,69.73,3.64,,,,,,,1.25,0.96,240.0,28487.0,2.61,26.08
2025-10-31,775.98,0.02,1913.77,,8.82,0.31,67.87,79.0,36.0,74.3,2.85,,,,,,,1.12,1.0,160.0,13218.0,2.26,22.78
2025-11-01,560.24,0.01,1849.62,90.0,18.34,0.3,65.8,87.0,50.0,72.79,2.99,,,,,,,1.09,0.87,130.0,25011.0,2.47,24.78
2025-11-02,861.7,0.01,1885.53,89.0,15.0,0.31,66.26,80.0,22.0,,3.64,,,,,,,1.09,0.97,177.0,21825.0,2.25,23.55
2025-11-03,1168.09,0.01,1865.79,64.0,13.93,0.3,58.85,115.0,31.0,,4.72,16.57,296.15,206.19,5.69,0.97,9.82,1.19,0.91,157.0,16004.0,2.36,23.86
2025-11-04,1034.87,0.03,1878.25,14.0,9.48,0.3,61.83,114.0,48.0,73.37,4.64,13.32,,,,,,1.11,1.02,207.0,13169.0,2.33,23.85
2025-11-05,769.08,0.0,1920.06,8.0,6.18,0.31,62.97,66.0,29.0,72.67,2.19,12.38,,,,,,1.2,0.97,137.0,9405.0,2.15,22.05
2025-11-06,657.09,0.03,1849.53,9.0,7.4,0.3,64.34,69.0,22.0,73.94,3.64,,,,,,,1.1,0.96,141.0,11153.0,2.26,22.67
2025-11-07,1183.19,0.04,1840.75,13.0,11.3,0.31,63.39,111.0,44.0,72.03,3.69,13.9,,,,,,1.01,0.85,210.0,16281.0,2.17,22.85
2025-11-08,12.65,0.02,1623.64,,4.52,0.3,47.54,1.0,10.0,,1.06,12.61,,,,,,0.96,0.97,3.0,7584.0,2.27,23.52
2025-11-09,420.97,0.02,1813.35,13.0,9.43,0.31,65.44,17.0,19.0,,3.18,14.07,,,,,,1.14,0.9,139.0,14804.0,2.22,23.04
2025-11-10,17.31,0.04,1306.06,,2.37,0.31,42.58,5.0,11.0,73.89,1.02,13.37,,,,,,,,,3821.0,2.2,22.44
2025-11-11,0.08,0.01,1668.53,,4.55,0.31,,,15.0,,1.0,,,,,,,,,,7778.0,2.12,22.38
2025-11-12,1020.72,0.02,1827.35,8.0,10.42,0.3,62.38,126.0,46.0,74.53,4.34,15.38,,,,,,1.13,0.91,185.0,14110.0,2.37,23.19
2025-11-13,670.6,0.01,1881.05,,6.54,0.3,58.39,57.0,21.0,,4.01,12.08,,,,,,1.13,0.89,105.0,8554.0,2.31,23.82
2025-11-14,1036.79,0.01,1870.63,,9.81,0.3,62.97,126.0,48.0,69.81,3.63,14.6,,,,,,1.12,0.95,186.0,12941.0,2.37,22.68
2025-11-15,5.86,0.03,364.32,,2.83,0.31,44.84,,8.0,,1.0,12.72,,,,,,,,,5126.0,1.84,20.12
2025-11-16,,,,,1.95,0.31,,,10.0,,,,,,,,,,,,3434.0,2.08,20.67
2025-11-17,492.94,0.05,1309.71,,7.58,0.3,63.06,38.0,18.0,,3.73,14.88,,,,,,1.33,0.89,108.0,10772.0,2.25,22.31
2025-11-18,2.94,0.06,1620.61,,2.54,0.31,43.39,,7.0,,1.0,11.88,,,,,,,,,4131.0,2.25,22.13
2025-11-19,404.05,0.05,1728.34,,5.77,0.3,65.67,26.0,37.0,,2.93,16.32,,,,,,1.14,0.86,91.0,8715.0,2.14,20.44
2025-11-20,,0.02,,,3.21,0.3,,,11.0,,1.0,,,,,,,,,,4854.0,2.22,22.97
2025-11-21,,0.02,1320.77,,1.99,0.31,,,9.0,,1.0,,,,,,,,,,3317.0,2.16,22.24
2025-11-22,518.07,0.02,1881.34,,10.41,0.3,74.1,21.0,14.0,75.13,3.38,17.67,,,,,,0.93,0.9,147.0,15595.0,2.27,22.74
2025-11-23,3.36,0.09,1709.55,,5.14,0.31,,1.0,16.0,81.58,1.03,,,,,,,,,,8409.0,2.15,23.37
2025-11-24,0.1,0.06,1651.57,,6.18,0.31,,,7.0,,1.0,,,,,,,,,,10604.0,2.14,22.96
2025-11-25,2.66,0.01,1048.6,,5.33,0.31,,1.0,11.0,,1.0,,,,,,,,,,8759.0,2.26,23.4
2025-11-26,,0.04,,,4.13,0.31,,,8.0,,,,,,,,,,,,6817.0,2.25,23.44
2025-11-27,,0.02,,,6.29,0.31,,,7.0,74.7,,,,,,,,,,,10378.0,2.25,23.17
2025-11-28,97.57,0.02,92.18,,3.88,0.3,69.49,16.0,22.0,76.5,4.5,,,,,,,,0.91,21.0,6347.0,2.33,23.33
2025-11-29,,0.01,,,4.43,0.3,,,12.0,,,,,,,,,,,,7495.0,2.29,23.32
2025-11-30,632.58,0.01,1229.6,94.0,18.08,0.29,64.72,82.0,15.0,74.11,3.54,12.94,,,,,,1.26,1.0,144.0,24509.0,2.62,25.36
2025-12-01,867.1,0.0,1911.11,,8.74,0.29,60.78,84.0,34.0,,3.75,14.17,,,,,,1.21,0.96,145.0,12569.0,2.5,23.79
2025-12-02,627.01,0.01,1885.41,,7.48,0.3,61.43,69.0,31.0,74.01,4.0,13.94,,,,,,1.29,0.89,140.0,11145.0,2.26,22.42
2025-12-03,797.11,0.03,1836.03,,7.0,0.31,57.26,91.0,31.0,70.9,2.77,13.09,,,,,,1.0,0.81,154.0,10745.0,2.17,22.35
2025-12-04,724.95,0.03,1865.56,,7.63,0.3,63.77,79.0,25.0,71.72,3.65,15.14,,,,,,1.04,0.9,139.0,11653.0,2.2,22.17
2025-12-05,943.15,0.05,1934.28,,5.62,0.31,64.04,85.0,23.0,73.42,2.88,16.05,,,,,,1.24,0.99,138.0,8256.0,2.27,22.81
2025-12-06,44.48,0.03,1724.82,,2.58,0.31,48.21,1.0,5.0,,2.56,11.99,,,,,,,,8.0,4486.0,2.11,21.88
2025-12-07,581.8,0.18,1915.62,,10.47,0.3,72.41,42.0,36.0,,3.38,16.11,,,,,,1.28,1.12,166.0,15867.0,2.12,23.7
2025-12-08,898.96,0.0,1964.27,,5.68,0.3,68.18,79.0,25.0,72.8,2.0,,,,,,,1.04,0.93,134.0,8611.0,2.38,23.27
2025-12-09,843.74,0.01,1889.37,,11.03,0.3,63.06,88.0,48.0,68.68,3.87,13.0,,,,,,1.12,0.94,192.0,16221.0,2.47,24.11
2025-12-10,138.63,0.0,1790.99,,5.17,0.3,55.87,3.0,12.0,,2.0,12.6,,,,,,,1.09,37.0,7587.0,2.25,22.55
2025-12-11,796.99,0.02,1850.97,19.0,11.78,0.3,61.71,92.0,46.0,,3.43,13.25,,,,,,1.0,0.84,180.0,17647.0,2.32,23.33
2025-12-12,1189.06,0.08,1948.2,,15.45,0.3,60.52,107.0,54.0,70.45,3.2,12.93,,,,,,1.06,0.97,263.0,23780.0,2.23,23.5
2025-12-13,47.94,0.03,435.84,,5.94,0.31,54.91,2.0,15.0,,2.96,13.92,,,,,,,0.89,7.0,9909.0,2.11,22.4
2025-12-14,,0.01,,,2.49,0.31,,,13.0,,,,,,,,,,,,4368.0,2.24,23.0
2025-12-15,799.22,0.01,1359.69,,5.17,0.29,65.2,86.0,25.0,78.01,3.44,,,,,,,1.3,1.04,143.0,7689.0,2.73,26.57
2025-12-16,805.47,0.01,1919.65,,8.08,0.3,67.27,85.0,38.0,69.45,3.97,17.79,,,,,,1.27,0.92,140.0,11834.0,2.44,24.11
2025-12-17,1031.62,0.0,1955.52,203.0,39.81,0.29,71.51,181.0,27.0,,3.51,,,,,,,1.13,1.0,244.0,40215.0,2.58,25.09
2025-12-18,630.88,0.01,1786.37,,7.06,0.3,60.28,66.0,17.0,66.91,4.09,14.84,,,,,,1.11,1.2,140.0,10414.0,2.44,24.06
2025-12-19,1005.56,0.06,1600.89,7.0,12.72,0.31,63.16,90.0,37.0,67.58,3.49,13.31,,,,,,1.07,0.91,227.0,19780.0,2.14,22.3
2025-12-20,,0.02,,,1.62,0.3,,,9.0,,,,,,,,,,,,2885.0,2.2,22.11
2025-12-21,,0.05,1121.97,,3.26,0.31,,,14.0,,,,,,,,,,,,5587.0,2.16,21.84
2025-12-22,762.62,0.01,1838.13,,6.8,0.3,62.3,69.0,19.0,74.88,3.67,14.44,,,,,,1.13,1.11,130.0,10121.0,2.35,22.76
2025-12-23,747.89,0.04,1903.45,,7.76,0.31,61.46,73.0,35.0,78.21,3.14,13.89,,,,,,1.1,0.95,130.0,11986.0,2.22,22.76
2025-12-24,27.53,0.07,763.42,,5.06,0.31,47.67,5.0,7.0,,1.8,12.53,,,,,,,1.09,3.0,8356.0,2.2,21.04
2025-12-25,,0.02,,,3.41,0.31,,,14.0,,,,,,,,,,,,5925.0,2.14,21.68
2025-12-26,,0.02,,,2.94,0.31,,,14.0,,,,,,,,,,,,4989.0,2.07,21.76
2025-12-27,,0.1,,,2.26,0.31,,,13.0,,,,,,,,,,,,3895.0,2.19,22.02
2025-12-28,,0.08,,,4.04,0.3,,,10.0,,,,,,,,,,,,6416.0,2.2,20.63
2025-12-29,,0.05,,,3.62,0.31,,,10.0,,,,,,,,,,,,6048.0,1.97,20.16
2025-12-30,,,,,1.4,0.31,,,10.0,,,,,,,,,,,,2381.0,2.1,21.93
2025-12-31,0.56,0.12,3.78,,8.21,0.31,,,18.0,,1.0,,,,,,,,,,14387.0,2.04,21.31
2026-01-01,,0.2,,,2.66,0.31,,,16.0,,,,,,,,,,,,4411.0,2.02,20.0
2026-01-02,,0.06,,,1.61,0.31,,,8.0,,,,,,,,,,,,2713.0,2.01,20.37
2026-01-03,,,,,1.19,0.31,,,7.0,,,,,,,,,,,,2209.0,1.88,18.95
2026-01-04,,0.21,,,3.41,0.31,,,17.0,,,,,,,,,,,,5755.0,2.04,20.47
2026-01-05,909.77,0.02,1349.49,26.0,8.91,0.3,55.75,110.0,41.0,79.17,3.33,,,,,,,1.03,0.93,160.0,12931.0,2.41,24.21
2026-01-06,1086.51,0.01,1856.52,,10.33,0.3,63.58,132.0,32.0,66.46,3.42,,,,,,,1.19,0.97,208.0,14175.0,2.32,23.02
2026-01-07,938.96,0.03,1872.74,,5.98,0.3,55.23,103.0,36.0,61.54,3.64,18.17,,,,,,1.09,0.98,164.0,8848.0,2.36,24.47
2026-01-08,382.58,0.0,1785.95,,4.49,0.29,59.85,25.0,32.0,70.53,2.16,,,,,,,1.18,0.95,80.0,6680.0,2.35,23.08
2026-01-09,903.43,0.02,1893.14,,6.93,0.3,64.59,85.0,29.0,65.47,3.28,,,,,,,1.18,0.93,158.0,10570.0,2.2,22.56
2026-01-10,378.46,0.0,1782.92,,4.7,0.3,66.08,20.0,18.0,,2.94,18.0,,,,,,1.14,0.96,83.0,7014.0,2.06,20.35
2026-01-11,24.32,0.15,1676.26,,4.38,0.31,47.8,,17.0,,1.2,14.15,,,,,,1.22,1.06,5.0,7590.0,1.94,21.87
2026-01-12,787.6,0.03,1748.58,,5.97,0.3,61.12,75.0,42.0,66.28,3.33,,,,,,,1.09,1.06,128.0,8754.0,2.32,22.54
2026-01-13,795.64,0.01,1809.4,7.0,7.81,0.29,62.06,88.0,33.0,67.2,3.17,17.04,,,,,,1.1,0.9,142.0,11766.0,2.52,24.61
2026-01-14,4.38,0.01,1598.17,,3.48,0.29,47.66,,18.0,68.35,1.0,13.27,,,,,,,,,5602.0,2.45,24.16
2026-01-15,1044.06,0.14,1814.49,8.0,10.61,0.3,71.84,166.0,11.0,,2.95,,,,,,,1.08,0.89,273.0,16008.0,2.0,20.66
2026-01-16,814.91,0.04,1894.37,17.0,8.63,0.3,65.16,95.0,58.0,71.63,3.41,14.3,,,,,,1.11,0.94,163.0,12556.0,2.28,23.33
2026-01-17,1026.14,0.05,1866.35,68.0,11.26,0.3,63.69,81.0,14.0,69.77,3.3,15.91,,,,,,0.97,0.84,225.0,17595.0,2.24,23.57
2026-01-18,451.46,0.26,1773.1,26.0,8.66,0.31,63.04,24.0,21.0,,3.42,14.77,,,,,,1.08,0.94,158.0,13243.0,1.9,20.81
2026-01-19,938.76,0.08,1851.28,30.0,12.98,0.29,66.6,110.0,75.0,71.91,3.71,13.5,,,,,,1.06,0.97,187.0,18656.0,2.56,25.28
2026-01-20,1017.23,0.03,1815.82,,8.01,0.3,57.81,103.0,60.0,,3.33,,,,,,,0.93,0.84,159.0,11907.0,2.32,23.25
2026-01-21,913.8,0.02,1760.35,15.0,9.37,0.3,66.67,107.0,52.0,77.33,4.46,,,,,,,1.09,0.91,162.0,14419.0,2.18,22.54
2026-01-22,0.18,0.0,1595.06,,2.11,0.29,,,12.0,70.01,1.0,,,,,,,,,,3426.0,2.52,24.28
2026-01-23,916.21,0.0,1873.74,40.0,12.98,0.29,64.09,119.0,34.0,78.03,4.18,,,,,,,1.09,0.92,180.0,18458.0,2.57,24.92
2026-01-24,4.03,0.03,1611.42,,5.3,0.29,,2.0,9.0,70.95,1.0,,,,,,,,,,9624.0,2.55,26.4
2026-01-25,746.06,0.0,1841.23,93.0,19.8,0.29,64.08,96.0,39.0,61.62,3.0,13.92,,,,,,0.98,1.03,222.0,26718.0,2.55,24.79
2026-01-26,730.09,0.01,1824.58,,6.19,0.3,64.23,91.0,38.0,67.16,2.59,,,,,,,1.04,0.97,140.0,9377.0,2.32,23.68
2026-01-27,952.1,0.0,1761.07,,6.64,0.29,62.75,90.0,34.0,64.84,2.22,,,,,,,1.18,0.97,168.0,9785.0,2.42,24.2
2026-01-28,1062.8,0.0,1874.03,48.0,16.73,0.29,61.4,154.0,57.0,69.3,3.91,,,,,,,1.04,0.91,220.0,22493.0,2.54,25.1
2026-01-29,1017.17,0.04,1483.23,11.0,9.69,0.29,74.14,159.0,14.0,,3.41,,,,,,,1.09,0.85,248.0,14013.0,2.4,22.55
2026-01-30,,0.07,,,1.96,0.3,,,7.0,,,,,,,,,,,,3217.0,2.23,22.52
