datetime,hr_avg,hr_min,hr_max,samples
2017-02-05 01,70,69,74,10
2017-02-05 02,82,70,91,30
2017-02-05 03,71,69,82,30
2017-02-05 04,65,59,74,29
2017-02-05 05,63,58,71,30
2017-02-05 06,59,57,72,30
2017-02-05 07,65,57,73,30
2017-02-05 08,68,63,76,30
2017-02-05 09,66,64,70,30
2017-02-05 10,65,62,70,30
2017-02-05 11,75,64,95,30
2017-02-05 12,90,79,109,30
2017-02-05 13,83,66,99,30
2017-02-05 14,79,63,95,30
2017-02-05 15,84,77,98,30
2017-02-05 16,83,70,105,30
2017-02-05 17,89,66,116,30
2017-02-05 18,90,78,103,30
2017-02-05 19,89,81,110,30
2017-02-05 20,102,86,123,30
2017-02-05 21,83,71,129,30
2017-02-05 22,88,78,108,30
2017-02-05 23,90,76,106,30
2017-02-06 00,85,66,125,30
2017-02-06 01,87,73,102,30
2017-02-06 02,99,80,124,30
2017-02-06 03,86,76,100,30
2017-02-06 04,85,80,98,27
2017-02-06 05,78,77,87,30
2017-02-06 06,77,76,85,30
2017-02-06 07,79,77,98,30
2017-02-06 08,75,68,84,30
2017-02-06 09,68,63,84,30
2017-02-06 10,70,65,80,30
2017-02-06 11,87,71,106,30
2017-02-06 12,80,67,103,30
2017-02-06 13,88,75,106,30
2017-02-06 14,76,66,97,30
2017-02-06 15,73,63,84,30
2017-02-06 16,64,61,87,30
2017-02-06 17,71,60,89,30
2017-02-06 18,73,61,93,30
2017-02-06 19,82,67,107,30
2017-02-06 20,94,67,120,30
2017-02-06 21,73,61,94,30
2017-02-06 22,72,66,93,30
2017-02-06 23,76,66,98,30
2017-02-07 00,69,65,84,29
2017-02-07 01,66,56,91,30
2017-02-07 02,64,58,76,30
2017-02-07 03,64,62,71,30
2017-02-07 04,63,60,75,30
2017-02-07 05,68,63,86,30
2017-02-07 06,64,59,72,30
2017-02-07 07,61,59,69,30
2017-02-07 08,60,59,66,30
2017-02-07 09,63,59,72,30
2017-02-07 10,72,63,102,30
2017-02-07 11,80,69,101,30
2017-02-07 12,82,70,99,30
2017-02-07 13,96,81,120,30
2017-02-07 14,82,69,92,30
2017-02-07 15,85,72,106,30
2017-02-07 16,85,71,107,30
2017-02-07 17,84,74,105,30
2017-02-07 18,92,79,114,30
2017-02-07 19,96,84,135,30
2017-02-07 20,83,75,96,30
2017-02-07 21,81,73,97,30
2017-02-07 22,82,73,93,30
2017-02-07 23,85,71,115,30
2017-02-08 00,105,76,117,11
2017-02-08 01,75,63,102,30
2017-02-08 02,75,64,85,30
2017-02-08 03,78,74,94,30
2017-02-08 04,75,65,105,30
2017-02-08 05,59,54,65,30
2017-02-08 06,62,58,74,14
2017-02-08 07,59,55,71,30
2017-02-08 08,53,53,55,30
2017-02-08 09,51,46,64,30
2017-02-08 10,78,50,117,30
2017-02-08 11,95,78,120,30
2017-02-08 12,86,78,102,30
2017-02-08 13,84,78,103,30
2017-02-08 14,91,76,118,30
2017-02-08 15,95,77,110,30
2017-02-08 16,82,68,113,30
2017-02-08 17,81,72,97,30
2017-02-08 18,90,74,109,30
2017-02-08 19,85,72,111,30
2017-02-08 20,85,70,125,30
2017-02-08 21,87,74,115,30
2017-02-08 22,83,71,112,30
2017-02-08 23,78,62,103,30
2017-02-09 00,108,71,172,30
2017-02-09 01,112,70,170,30
2017-02-09 02,80,69,102,30
2017-02-09 03,81,78,95,30
2017-02-09 04,81,73,97,30
2017-02-09 05,68,63,73,30
2017-02-09 06,58,56,72,28
2017-02-09 07,53,49,58,30
2017-02-09 08,51,48,58,30
2017-02-09 09,51,49,58,30
2017-02-09 10,57,49,75,30
2017-02-09 11,70,57,93,30
2017-02-09 12,80,62,108,30
2017-02-09 13,70,61,90,30
2017-02-09 14,72,57,94,30
2017-02-09 15,77,61,106,30
2017-02-09 16,77,59,106,30
2017-02-09 17,79,66,114,30
2017-02-09 18,79,68,85,30
2017-02-09 19,75,60,104,30
2017-02-09 20,79,65,96,30
2017-02-09 21,90,70,105,30
2017-02-09 22,83,69,104,30
2017-02-09 23,73,58,98,30
2017-02-10 00,95,81,106,11
2017-02-10 01,94,79,115,24
2017-02-10 02,82,82,82,1
2017-02-10 03,86,72,113,30
2017-02-10 04,76,71,91,30
2017-02-10 05,62,57,72,30
2017-02-10 06,57,53,65,27
2017-02-10 07,52,52,53,30
2017-02-10 08,54,52,65,30
2017-02-10 09,57,54,71,30
2017-02-10 10,61,53,85,30
2017-02-10 11,77,65,97,30
2017-02-10 12,76,62,103,30
2017-02-10 13,85,74,107,30
2017-02-10 14,89,73,113,30
2017-02-10 15,84,74,91,30
2017-02-10 16,74,62,98,30
2017-02-10 17,95,70,112,30
2017-02-10 18,84,70,97,30
2017-02-10 19,86,68,104,30
2017-02-10 20,77,64,104,30
2017-02-10 21,88,64,144,30
2017-02-10 22,86,77,114,30
2017-02-10 23,90,75,98,30
2017-02-11 00,97,83,116,30
2017-02-11 01,84,72,113,30
2017-02-11 02,79,75,96,30
2017-02-11 03,77,75,85,30
2017-02-11 04,77,74,106,30
2017-02-11 05,74,64,105,30
2017-02-11 06,60,55,70,30
2017-02-11 07,60,55,70,30
2017-02-11 08,57,53,63,30
2017-02-11 09,54,53,64,30
2017-02-11 10,54,52,59,30
2017-02-11 11,58,52,66,30
2017-02-11 12,58,54,74,26
2017-02-11 13,54,51,66,30
2017-02-11 14,79,55,101,30
2017-02-11 15,105,80,124,30
2017-02-11 16,101,84,130,30
2017-02-11 17,106,87,126,30
2017-02-11 18,104,88,124,30
2017-02-11 19,83,73,111,30
2017-02-11 20,75,73,84,30
2017-02-11 21,74,72,87,30
2017-02-11 22,80,64,109,23
2017-02-11 23,105,85,139,30
2017-02-12 00,90,81,125,30
2017-02-12 01,84,79,101,30
2017-02-12 02,75,69,97,30
2017-02-12 03,73,68,88,30
2017-02-12 04,59,54,69,30
2017-02-12 05,56,51,66,30
2017-02-12 06,51,50,56,31
2017-02-12 07,51,50,57,30
2017-02-12 08,50,47,67,30
2017-02-12 09,47,46,53,30
2017-02-12 10,59,46,84,30
2017-02-12 11,71,57,94,30
2017-02-12 12,73,53,89,30
2017-02-12 13,72,64,80,30
2017-02-12 14,74,65,89,30
2017-02-12 15,76,66,93,30
2017-02-12 16,81,67,108,30
2017-02-12 17,86,67,111,30
2017-02-12 18,92,67,109,30
2017-02-12 19,82,66,106,30
2017-02-12 20,82,66,107,30
2017-02-12 21,86,80,95,30
2017-02-12 22,86,75,109,30
2017-02-12 23,75,63,102,30
2017-02-13 00,90,73,112,30
2017-02-13 01,77,64,108,30
2017-02-13 02,68,61,77,30
2017-02-13 03,66,59,96,30
2017-02-13 04,62,57,80,30
2017-02-13 05,54,52,58,30
2017-02-13 06,50,45,68,25
2017-02-13 07,46,44,53,30
2017-02-13 08,47,44,54,27
2017-02-13 09,45,44,51,30
2017-02-13 10,60,45,95,30
2017-02-13 11,77,64,101,30
2017-02-13 12,77,64,104,30
2017-02-13 13,83,70,101,30
2017-02-13 14,89,81,106,30
2017-02-13 15,84,74,100,30
2017-02-13 16,75,61,98,30
2017-02-13 17,76,68,90,30
2017-02-13 18,73,64,79,30
2017-02-13 19,78,63,101,30
2017-02-13 20,79,63,102,30
2017-02-13 21,77,63,94,30
2017-02-13 22,88,76,108,30
2017-02-13 23,77,58,125,30
2017-02-14 00,112,76,138,11
2017-02-14 01,97,80,123,30
2017-02-14 02,83,76,95,30
2017-02-14 03,72,66,89,30
2017-02-14 04,68,64,85,30
2017-02-14 05,59,56,72,30
2017-02-14 06,57,56,64,30
2017-02-14 07,56,49,71,30
2017-02-14 08,56,53,65,30
2017-02-14 09,53,53,54,30
2017-02-14 10,61,53,85,30
2017-02-14 11,74,62,98,30
2017-02-14 12,80,61,107,30
2017-02-14 13,87,78,100,30
2017-02-14 14,81,70,96,30
2017-02-14 15,77,59,102,30
2017-02-14 16,77,63,102,30
2017-02-14 17,76,64,87,30
2017-02-14 18,79,64,90,30
2017-02-14 19,81,67,101,30
2017-02-14 20,79,64,103,30
2017-02-14 21,79,66,93,30
2017-02-14 22,76,62,98,30
2017-02-14 23,69,56,98,30
2017-02-15 00,116,78,154,30
2017-02-15 01,98,85,122,30
2017-02-15 02,83,73,116,30
2017-02-15 03,80,68,109,29
2017-02-15 04,76,65,92,28
2017-02-15 05,59,55,75,30
2017-02-15 06,53,53,54,28
2017-02-15 07,54,53,65,30
2017-02-15 08,53,53,60,30
2017-02-15 09,56,51,68,26
2017-02-15 10,61,51,88,30
2017-02-15 11,77,61,101,30
2017-02-15 12,77,60,99,30
2017-02-15 13,73,58,91,30
2017-02-15 14,74,63,85,30
2017-02-15 15,74,60,92,30
2017-02-15 16,70,59,94,30
2017-02-15 17,71,59,91,30
2017-02-15 18,80,64,92,30
2017-02-15 19,68,54,91,30
2017-02-15 20,78,64,95,30
2017-02-15 21,82,69,103,30
2017-02-15 22,78,62,100,30
2017-02-15 23,62,49,96,30
2017-02-16 00,91,72,125,20
2017-02-16 01,76,64,94,30
2017-02-16 02,75,66,95,30
2017-02-16 03,65,52,81,28
2017-02-16 04,62,55,72,12
2017-02-16 05,53,50,54,23
2017-02-16 06,52,51,60,30
2017-02-16 07,52,51,58,30
2017-02-16 08,50,46,51,30
2017-02-16 09,48,46,60,30
2017-02-16 10,58,47,83,29
2017-02-16 11,78,62,103,30
2017-02-16 12,79,61,100,30
2017-02-16 13,79,65,86,30
2017-02-16 14,77,64,100,30
2017-02-16 15,91,74,120,30
2017-02-16 16,77,64,99,30
2017-02-16 17,81,70,113,30
2017-02-16 18,78,69,108,30
2017-02-16 19,80,64,101,30
2017-02-16 20,84,67,118,30
2017-02-16 21,81,69,97,30
2017-02-16 22,79,65,97,30
2017-02-16 23,68,50,118,30
2017-02-17 00,118,82,155,30
2017-02-17 01,93,79,117,30
2017-02-17 02,79,72,99,30
2017-02-17 03,74,69,90,30
2017-02-17 04,71,65,90,25
2017-02-17 05,55,53,74,30
2017-02-17 06,55,53,66,27
2017-02-17 07,54,51,59,30
2017-02-17 08,52,51,59,29
2017-02-17 09,53,51,67,30
2017-02-17 10,65,56,87,30
2017-02-17 11,77,63,97,30
2017-02-17 12,78,62,108,30
2017-02-17 13,85,71,106,30
2017-02-17 14,82,75,93,30
2017-02-17 15,72,60,92,30
2017-02-17 16,71,59,94,30
2017-02-17 17,78,65,95,30
2017-02-17 18,76,67,91,30
2017-02-17 19,77,67,88,30
2017-02-17 20,70,52,97,30
2017-02-17 21,77,50,93,22
2017-02-17 22,91,77,120,30
2017-02-17 23,88,71,115,30
2017-02-18 00,83,66,111,30
2017-02-18 01,72,57,91,30
2017-02-18 02,75,66,88,30
2017-02-18 03,91,73,113,30
2017-02-18 04,88,75,105,30
2017-02-18 05,67,64,85,28
2017-02-18 06,64,64,68,29
2017-02-18 07,62,61,64,30
2017-02-18 08,60,55,69,29
2017-02-18 09,59,56,71,30
2017-02-18 10,57,57,58,30
2017-02-18 11,59,56,73,30
2017-02-18 12,55,53,65,30
2017-02-18 13,54,48,62,30
2017-02-18 14,74,48,101,30
2017-02-18 15,72,56,99,30
2017-02-18 16,98,68,128,30
2017-02-18 17,118,100,137,30
2017-02-18 18,94,80,117,30
2017-02-18 19,92,75,116,30
2017-02-18 20,73,68,88,30
2017-02-18 21,72,66,83,30
2017-02-18 22,76,65,109,30
2017-02-18 23,74,61,107,30
2017-02-19 00,72,62,84,30
2017-02-19 01,65,60,85,30
2017-02-19 02,64,54,82,30
2017-02-19 03,55,50,70,30
2017-02-19 04,57,52,77,30
2017-02-19 05,55,53,57,30
2017-02-19 06,53,50,54,31
2017-02-19 07,51,50,59,30
2017-02-19 08,50,50,57,30
2017-02-19 09,53,49,66,30
2017-02-19 10,55,46,75,30
2017-02-19 11,69,56,90,30
2017-02-19 12,80,64,108,30
2017-02-19 13,90,73,110,30
2017-02-19 14,83,75,100,30
2017-02-19 15,82,72,99,30
2017-02-19 16,77,67,99,30
2017-02-19 17,86,76,114,30
2017-02-19 18,84,74,108,30
2017-02-19 19,80,62,99,30
2017-02-19 20,86,69,101,30
2017-02-19 21,86,73,102,30
2017-02-19 22,79,65,97,30
2017-02-19 23,72,56,99,30
2017-02-20 00,75,62,103,30
2017-02-20 01,84,69,110,30
2017-02-20 02,78,65,109,30
2017-02-20 03,75,62,108,30
2017-02-20 04,68,60,81,30
2017-02-20 05,57,55,61,30
2017-02-20 06,56,54,68,24
2017-02-20 07,55,52,62,30
2017-02-20 08,53,52,61,30
2017-02-20 09,57,51,72,30
2017-02-20 10,64,52,94,30
2017-02-20 11,77,59,102,30
2017-02-20 12,77,61,100,30
2017-02-20 13,87,70,109,30
2017-02-20 14,84,70,117,30
2017-02-20 15,81,70,98,30
2017-02-20 16,79,66,98,30
2017-02-20 17,83,72,104,30
2017-02-20 18,80,66,107,30
2017-02-20 19,78,65,105,30
2017-02-20 20,80,65,98,30
2017-02-20 21,87,74,105,30
2017-02-20 22,88,70,106,30
2017-02-20 23,73,60,98,30
2017-02-21 00,111,68,144,30
2017-02-21 01,98,73,119,30
2017-02-21 02,82,77,94,30
2017-02-21 03,80,72,96,21
2017-02-21 04,67,61,74,30
2017-02-21 05,58,57,62,30
2017-02-21 06,58,57,64,30
2017-02-21 07,58,57,63,30
2017-02-21 08,58,57,61,28
2017-02-21 09,58,56,67,30
2017-02-21 10,64,56,87,30
2017-02-21 11,73,58,96,30
2017-02-21 12,80,63,103,30
2017-02-21 13,83,70,101,30
2017-02-21 14,78,69,85,30
2017-02-21 15,69,58,86,30
2017-02-21 16,70,57,89,30
2017-02-21 17,76,66,88,30
2017-02-21 18,79,66,94,30
2017-02-21 19,82,67,107,30
2017-02-21 20,89,67,112,30
2017-02-21 21,90,71,113,30
2017-02-21 22,76,65,98,30
2017-02-21 23,68,54,95,30
2017-02-22 00,90,75,119,14
2017-02-22 01,100,78,139,30
2017-02-22 02,81,78,93,30
2017-02-22 03,74,64,88,31
2017-02-22 04,71,63,95,30
2017-02-22 05,59,58,63,30
2017-02-22 06,57,54,65,31
2017-02-22 07,55,53,63,30
2017-02-22 08,54,53,55,30
2017-02-22 09,52,49,54,30
2017-02-22 10,60,49,87,30
2017-02-22 11,78,66,102,30
2017-02-22 12,82,67,101,30
2017-02-22 13,79,64,99,30
2017-02-22 14,79,71,95,30
2017-02-22 15,82,69,101,30
2017-02-22 16,74,62,98,30
2017-02-22 17,73,58,97,30
2017-02-22 18,63,57,73,30
2017-02-22 19,68,58,92,30
2017-02-22 20,77,58,119,30
2017-02-22 21,66,55,85,30
2017-02-22 22,72,60,94,30
2017-02-22 23,70,53,95,30
2017-02-23 00,69,52,97,30
2017-02-23 01,63,56,78,30
2017-02-23 02,62,56,75,16
2017-02-23 03,65,60,76,9
2017-02-23 04,57,53,66,30
2017-02-23 05,53,48,53,30
2017-02-23 06,48,48,49,30
2017-02-23 07,46,43,50,30
2017-02-23 08,47,44,60,30
2017-02-23 09,47,46,57,30
2017-02-23 10,55,46,80,30
2017-02-23 11,68,54,91,30
2017-02-23 12,71,52,91,30
2017-02-23 13,82,73,101,30
2017-02-23 14,74,68,90,30
2017-02-23 15,78,68,95,30
2017-02-23 16,72,57,95,30
2017-02-23 17,73,61,89,30
2017-02-23 18,79,65,102,30
2017-02-23 19,80,62,104,30
2017-02-23 20,86,68,123,30
2017-02-23 21,88,78,104,30
2017-02-23 22,81,63,102,30
2017-02-23 23,70,53,95,30
2017-02-24 00,97,68,142,30
2017-02-24 01,85,70,105,30
2017-02-24 02,73,64,101,30
2017-02-24 03,73,59,100,30
2017-02-24 04,57,55,59,30
2017-02-24 05,56,51,56,30
2017-02-24 06,55,50,70,28
2017-02-24 07,51,50,59,30
2017-02-24 08,51,47,57,30
2017-02-24 09,46,44,59,27
2017-02-24 10,58,44,89,30
2017-02-24 11,75,61,101,30
2017-02-24 12,77,62,102,30
2017-02-24 13,88,73,104,30
2017-02-24 14,83,74,95,30
2017-02-24 15,78,65,103,30
2017-02-24 16,84,63,123,30
2017-02-24 17,98,86,114,30
2017-02-24 18,89,78,106,30
2017-02-24 19,81,63,109,30
2017-02-24 20,71,63,94,30
2017-02-24 21,85,63,101,22
2017-02-24 22,58,40,76,12
2017-02-24 23,56,47,84,30
2017-02-25 00,53,43,62,30
2017-02-25 01,76,61,100,30
2017-02-25 02,65,59,79,30
2017-02-25 03,61,57,77,30
2017-02-25 04,61,57,72,30
2017-02-25 05,55,50,73,29
2017-02-25 06,50,49,60,30
2017-02-25 07,54,49,68,30
2017-02-25 08,50,46,53,30
2017-02-25 09,48,46,57,30
2017-02-25 10,55,49,64,30
2017-02-25 11,51,47,61,30
2017-02-25 12,50,40,73,30
2017-02-25 13,48,45,56,30
2017-02-25 14,78,58,98,31
2017-02-25 15,61,55,69,30
2017-02-25 16,67,61,77,30
2017-02-25 17,88,65,106,30
2017-02-25 18,82,65,104,30
2017-02-25 19,95,77,127,30
2017-02-25 20,119,103,135,27
2017-02-25 21,107,80,138,14
2017-02-25 22,78,70,111,30
2017-02-25 23,83,67,110,30
2017-02-26 00,69,62,86,30
2017-02-26 01,69,62,87,30
2017-02-26 02,67,62,85,30
2017-02-26 03,63,53,82,30
2017-02-26 04,54,52,64,30
2017-02-26 05,49,49,53,30
2017-02-26 06,51,47,57,21
2017-02-26 07,45,45,54,35
2017-02-26 08,46,43,53,30
2017-02-26 09,43,42,50,30
2017-02-26 10,57,42,87,30
2017-02-26 11,83,71,105,30
2017-02-26 12,80,64,106,30
2017-02-26 13,84,71,103,30
2017-02-26 14,89,80,106,30
2017-02-26 15,89,80,105,30
2017-02-26 16,80,69,102,30
2017-02-26 17,80,68,93,30
2017-02-26 18,77,63,85,30
2017-02-26 19,78,62,100,30
2017-02-26 20,88,76,105,30
2017-02-26 21,79,70,94,30
2017-02-26 22,79,63,98,30
2017-02-26 23,73,59,98,30
2017-02-27 00,72,57,96,30
2017-02-27 01,66,58,84,30
2017-02-27 02,66,59,81,30
2017-02-27 03,63,56,80,30
2017-02-27 04,56,54,56,30
2017-02-27 05,53,51,56,30
2017-02-27 06,52,49,60,29
2017-02-27 07,50,49,50,30
2017-02-27 08,51,49,51,30
2017-02-27 09,54,51,58,30
2017-02-27 10,60,51,86,30
2017-02-27 11,77,65,99,30
2017-02-27 12,82,65,109,30
2017-02-27 13,71,65,98,30
2017-02-27 14,71,57,92,30
2017-02-27 15,64,55,85,30
2017-02-27 16,74,55,95,30
2017-02-27 17,78,69,95,30
2017-02-27 18,79,67,99,30
2017-02-27 19,77,60,102,30
2017-02-27 20,84,70,101,30
2017-02-27 21,74,66,85,30
2017-02-27 22,73,55,97,30
2017-02-27 23,67,57,85,30
2017-02-28 00,47,44,53,30
2017-02-28 01,46,46,48,30
2017-02-28 02,48,48,56,30
2017-02-28 03,50,48,56,20
2017-02-28 07,55,53,63,25
2017-02-28 08,54,53,60,30
2017-02-28 09,52,50,65,30
2017-02-28 10,61,50,83,30
2017-02-28 11,75,55,102,30
2017-02-28 12,81,65,110,30
2017-02-28 13,77,67,85,30
2017-02-28 14,71,62,86,30
2017-02-28 15,75,65,104,30
2017-02-28 16,74,60,98,30
2017-02-28 17,81,71,92,30
2017-02-28 18,86,77,97,30
2017-02-28 19,73,57,94,30
2017-02-28 20,81,64,95,30
2017-02-28 21,88,80,98,30
2017-02-28 22,82,69,101,30
2017-02-28 23,74,57,104,30
2017-03-01 00,108,78,157,30
2017-03-01 01,99,85,116,30
2017-03-01 02,74,63,113,30
2017-03-01 03,72,66,83,30
2017-03-01 04,63,58,68,30
2017-03-01 05,53,52,59,30
2017-03-01 06,52,51,52,31
2017-03-01 07,54,51,64,27
2017-03-01 08,49,46,55,30
2017-03-01 09,46,45,47,30
2017-03-01 10,59,46,93,30
2017-03-01 11,75,58,101,30
2017-03-01 12,72,55,98,30
2017-03-01 13,76,66,91,30
2017-03-01 14,72,62,94,30
2017-03-01 15,71,54,96,30
2017-03-01 16,73,61,94,30
2017-03-01 17,84,78,93,30
2017-03-01 18,74,62,83,30
2017-03-01 19,76,62,98,30
2017-03-01 20,80,68,99,30
2017-03-01 21,79,72,91,30
2017-03-01 22,76,63,97,30
2017-03-01 23,71,56,96,30
2017-03-02 00,88,75,106,10
2017-03-02 01,94,81,114,30
2017-03-02 02,79,67,93,30
2017-03-02 03,61,55,69,30
2017-03-02 04,52,52,57,30
2017-03-02 05,53,51,61,30
2017-03-02 06,51,49,58,29
2017-03-02 07,49,48,58,30
2017-03-02 08,50,48,57,30
2017-03-02 09,53,49,67,30
2017-03-02 10,58,49,94,30
2017-03-02 11,71,55,97,30
2017-03-02 12,73,55,96,30
2017-03-02 13,82,69,100,30
2017-03-02 14,78,69,97,30
2017-03-02 15,76,67,95,30
2017-03-02 16,71,61,92,30
2017-03-02 17,69,56,76,30
2017-03-02 18,74,64,98,30
2017-03-02 19,74,58,97,30
2017-03-02 20,79,63,102,30
2017-03-02 21,82,71,94,30
2017-03-02 22,83,67,104,30
2017-03-02 23,74,63,103,30
2017-03-03 00,86,66,103,30
2017-03-03 01,63,57,74,30
2017-03-03 02,62,56,75,30
2017-03-03 03,59,56,80,30
2017-03-03 04,55,51,57,30
2017-03-03 05,52,52,53,30
2017-03-03 06,49,48,55,28
2017-03-03 07,49,47,63,30
2017-03-03 08,45,45,46,30
2017-03-03 09,51,48,59,30
2017-03-03 10,59,48,86,30
2017-03-03 11,75,61,100,30
2017-03-03 12,75,61,104,30
2017-03-03 13,80,64,97,30
2017-03-03 14,83,69,98,30
2017-03-03 15,74,60,99,30
2017-03-03 16,73,58,97,30
2017-03-03 17,81,65,98,30
2017-03-03 18,83,76,101,30
2017-03-03 19,81,70,96,30
2017-03-03 20,74,59,99,30
2017-03-03 21,81,60,139,30
2017-03-03 22,102,79,154,30
2017-03-03 23,91,76,117,30
2017-03-04 00,83,70,112,30
2017-03-04 01,75,68,86,30
2017-03-04 02,75,70,81,30
2017-03-04 03,74,66,107,30
2017-03-04 04,68,63,91,30
2017-03-04 05,63,58,72,30
2017-03-04 06,57,54,68,31
2017-03-04 07,55,54,55,30
2017-03-04 08,55,54,61,30
2017-03-04 09,53,49,64,30
2017-03-04 10,52,49,62,30
2017-03-04 11,52,48,65,30
2017-03-04 12,52,48,60,30
2017-03-04 13,53,48,69,30
2017-03-04 14,85,55,110,30
2017-03-04 15,112,99,139,28
2017-03-04 16,70,68,83,32
2017-03-04 17,79,70,110,30
2017-03-04 18,78,67,99,30
2017-03-04 19,73,63,90,30
2017-03-04 20,82,73,94,30
2017-03-04 21,88,75,113,30
2017-03-04 22,93,83,112,30
2017-03-04 23,100,88,117,30
2017-03-05 00,99,83,121,30
2017-03-05 01,83,75,121,30
2017-03-05 02,81,71,97,30
2017-03-05 03,68,68,72,30
2017-03-05 04,68,68,68,30
2017-03-05 05,66,63,84,30
2017-03-05 06,64,62,80,29
2017-03-05 07,64,63,79,30
2017-03-05 08,64,62,72,30
2017-03-05 09,62,60,68,30
2017-03-05 10,68,53,91,30
2017-03-05 11,76,58,104,30
2017-03-05 12,86,68,113,30
2017-03-05 13,89,81,105,30
2017-03-05 14,75,61,85,30
2017-03-05 15,78,62,106,30
2017-03-05 16,77,61,98,30
2017-03-05 17,82,71,109,30
2017-03-05 18,74,59,97,30
2017-03-05 19,66,58,86,30
2017-03-05 20,83,65,106,30
2017-03-05 21,80,60,105,30
2017-03-05 22,77,65,102,30
2017-03-05 23,71,58,99,30
2017-03-06 00,79,66,97,30
2017-03-06 01,63,55,79,30
2017-03-06 02,66,59,80,30
2017-03-06 03,65,59,82,30
2017-03-06 04,54,50,59,30
2017-03-06 05,53,52,53,30
2017-03-06 06,53,52,53,31
2017-03-06 07,53,49,68,30
2017-03-06 08,49,49,54,28
2017-03-06 09,53,49,60,30
2017-03-06 10,61,50,97,30
2017-03-06 11,73,60,100,30
2017-03-06 12,73,59,105,30
2017-03-06 13,80,63,103,30
2017-03-06 14,82,67,102,30
2017-03-06 15,69,59,80,30
2017-03-06 16,95,82,104,5
2017-03-06 17,90,80,103,9
2017-03-06 18,78,62,101,30
2017-03-06 19,80,68,97,30
2017-03-06 20,80,67,92,30
2017-03-06 21,67,64,80,30
2017-03-06 22,68,64,83,30
2017-03-06 23,67,63,85,30
2017-03-07 00,80,63,105,30
2017-03-07 01,73,58,99,30
2017-03-07 02,76,67,100,30
2017-03-07 03,78,70,105,30
2017-03-07 04,81,64,112,30
2017-03-07 05,83,73,95,30
2017-03-07 06,68,64,84,30
2017-03-07 07,62,61,64,30
2017-03-07 08,60,55,62,30
2017-03-07 09,56,55,67,30
2017-03-07 10,57,54,71,30
2017-03-07 11,54,53,54,30
2017-03-07 12,54,53,54,30
2017-03-07 13,60,53,78,30
2017-03-07 14,68,58,79,30
2017-03-07 15,77,67,83,30
2017-03-07 16,76,62,93,30
2017-03-07 17,68,63,85,30
2017-03-07 18,74,57,82,30
2017-03-07 19,81,72,98,30
2017-03-07 20,75,66,80,30
2017-03-07 21,77,71,90,30
2017-03-07 22,73,61,106,30
2017-03-07 23,75,61,97,30
2017-03-08 00,74,64,90,30
2017-03-08 01,79,65,105,30
2017-03-08 02,84,75,103,30
2017-03-08 03,87,80,104,30
2017-03-08 04,83,80,101,30
2017-03-08 05,81,80,88,24
2017-03-08 06,80,80,81,30
2017-03-08 07,75,73,81,30
2017-03-08 08,74,74,75,30
2017-03-08 09,74,74,81,30
2017-03-08 10,71,69,74,30
2017-03-08 11,68,62,70,30
2017-03-08 12,62,61,63,30
2017-03-08 13,66,59,88,30
2017-03-08 14,82,73,107,30
2017-03-08 15,90,70,112,30
2017-03-08 16,81,69,98,30
2017-03-08 17,81,66,110,30
2017-03-08 18,91,75,114,30
2017-03-08 19,79,72,96,30
2017-03-08 20,85,75,111,30
2017-03-08 21,84,75,94,30
2017-03-08 22,87,72,110,30
2017-03-08 23,85,77,103,30
2017-03-09 00,80,69,96,30
2017-03-09 01,76,62,100,30
2017-03-09 02,87,78,110,30
2017-03-09 03,95,79,122,30
2017-03-09 04,94,85,111,30
2017-03-09 05,99,88,124,31
2017-03-09 06,99,82,142,30
2017-03-09 07,82,82,83,30
2017-03-09 08,78,75,83,30
2017-03-09 09,76,67,85,28
2017-03-09 10,77,72,113,30
2017-03-09 11,71,70,72,30
2017-03-09 12,73,68,99,30
2017-03-09 13,94,84,117,30
2017-03-09 14,104,78,117,30
2017-03-09 15,88,73,112,30
2017-03-09 16,107,84,119,30
2017-03-09 17,99,77,112,30
2017-03-09 18,83,65,107,30
2017-03-09 19,85,60,109,30
2017-03-09 20,78,59,141,30
2017-03-09 21,73,66,85,27
2017-03-09 22,80,68,89,30
2017-03-09 23,100,83,109,30
2017-03-10 00,87,75,97,30
2017-03-10 01,80,69,111,30
2017-03-10 02,86,74,116,30
2017-03-10 03,87,79,97,30
2017-03-10 04,101,83,122,30
2017-03-10 05,97,84,114,31
2017-03-10 06,80,74,95,30
2017-03-10 07,71,70,74,30
2017-03-10 08,70,70,71,30
2017-03-10 09,72,66,88,30
2017-03-10 10,64,62,68,30
2017-03-10 11,68,67,77,30
2017-03-10 12,70,67,80,30
2017-03-10 13,73,70,79,30
2017-03-10 14,85,71,135,30
2017-03-10 15,94,83,107,30
2017-03-10 16,86,75,111,30
2017-03-10 17,83,67,106,30
2017-03-10 18,96,75,117,30
2017-03-10 19,96,81,116,30
2017-03-10 20,91,78,107,30
2017-03-10 21,80,69,109,30
2017-03-10 22,96,69,144,30
2017-03-10 23,91,68,120,30
2017-03-11 00,80,73,90,30
2017-03-11 01,91,82,104,30
2017-03-11 02,93,78,115,30
2017-03-11 03,95,88,104,30
2017-03-11 04,103,93,128,30
2017-03-11 05,91,76,121,30
2017-03-11 06,75,71,77,30
2017-03-11 07,69,63,72,30
2017-03-11 08,63,63,70,30
2017-03-11 09,61,58,70,30
2017-03-11 10,60,57,70,30
2017-03-11 11,59,56,65,30
2017-03-11 12,60,54,75,30
2017-03-11 13,69,54,129,30
2017-03-11 14,85,68,142,30
2017-03-11 15,78,66,103,30
2017-03-11 16,89,77,106,30
2017-03-11 17,91,76,101,30
2017-03-11 18,76,62,100,30
2017-03-11 19,85,62,106,30
2017-03-11 20,103,82,126,30
2017-03-11 21,89,71,113,30
2017-03-11 22,87,79,103,30
2017-03-11 23,85,73,106,30
2017-03-12 00,84,70,108,30
2017-03-12 01,89,74,105,30
2017-03-12 02,78,67,96,30
2017-03-12 03,70,66,72,30
2017-03-12 04,62,59,66,30
2017-03-12 05,60,59,69,30
2017-03-12 06,58,58,59,30
2017-03-12 07,58,58,64,30
2017-03-12 08,53,50,63,30
2017-03-12 09,51,50,59,30
2017-03-12 10,51,50,57,30
2017-03-12 11,67,49,78,30
2017-03-12 12,65,56,83,30
2017-03-12 13,60,57,75,30
2017-03-12 14,68,61,83,30
2017-03-12 15,81,63,113,30
2017-03-12 16,87,80,102,30
2017-03-12 17,81,69,93,30
2017-03-12 18,82,67,105,30
2017-03-12 19,72,65,87,30
2017-03-12 20,69,67,82,30
2017-03-12 21,72,65,91,30
2017-03-12 22,81,69,91,30
2017-03-12 23,82,68,101,30
2017-03-13 00,77,69,96,30
2017-03-13 01,75,63,92,30
2017-03-13 02,67,61,85,30
2017-03-13 03,65,61,79,30
2017-03-13 04,64,62,78,30
2017-03-13 05,54,53,69,30
2017-03-13 06,55,53,57,30
2017-03-13 07,56,55,62,30
2017-03-13 08,56,55,57,30
2017-03-13 09,56,54,64,30
2017-03-13 10,58,54,74,26
2017-03-13 11,66,55,81,30
2017-03-13 12,70,64,78,30
2017-03-13 13,89,72,114,30
2017-03-13 14,72,63,103,30
2017-03-13 15,74,63,90,30
2017-03-13 16,73,69,85,30
2017-03-13 17,75,70,87,30
2017-03-13 18,76,70,90,30
2017-03-13 19,77,73,91,30
2017-03-13 20,89,72,114,30
2017-03-13 21,91,78,110,30
2017-03-13 22,84,69,97,30
2017-03-13 23,75,56,102,30
2017-03-14 00,68,57,73,30
2017-03-14 01,76,66,98,30
2017-03-14 02,72,66,87,30
2017-03-14 03,73,65,90,30
2017-03-14 04,65,57,71,30
2017-03-14 05,57,56,57,30
2017-03-14 06,57,56,57,24
2017-03-14 07,58,53,67,22
2017-03-14 08,55,53,66,30
2017-03-14 09,53,52,62,30
2017-03-14 10,66,51,103,30
2017-03-14 11,80,68,105,30
2017-03-14 12,80,67,94,30
2017-03-14 13,79,63,104,30
2017-03-14 14,74,66,94,30
2017-03-14 15,84,72,106,30
2017-03-14 16,80,63,104,30
2017-03-14 17,84,74,101,30
2017-03-14 18,85,72,106,30
2017-03-14 19,81,66,110,30
2017-03-14 20,79,64,105,30
2017-03-14 21,86,73,102,30
2017-03-14 22,84,66,107,30
2017-03-14 23,80,66,104,30
2017-03-15 00,84,72,108,30
2017-03-15 01,97,81,111,30
2017-03-15 02,81,77,89,30
2017-03-15 03,80,72,93,30
2017-03-15 04,67,60,91,30
2017-03-15 05,60,60,61,30
2017-03-15 06,58,56,61,28
2017-03-15 07,59,56,66,30
2017-03-15 08,59,57,68,30
2017-03-15 09,57,56,63,30
2017-03-15 10,70,59,97,30
2017-03-15 11,75,62,98,30
2017-03-15 12,86,71,108,30
2017-03-15 13,83,73,97,30
2017-03-15 14,79,70,92,30
2017-03-15 15,78,64,103,30
2017-03-15 16,77,65,101,30
2017-03-15 17,87,71,103,30
2017-03-15 18,78,66,95,30
2017-03-15 19,81,66,104,30
2017-03-15 20,93,84,110,30
2017-03-15 21,94,88,103,30
2017-03-15 22,88,76,110,30
2017-03-15 23,79,62,101,30
2017-03-16 00,91,75,125,14
2017-03-16 01,108,95,124,17
2017-03-16 02,91,91,91,1
2017-03-16 03,94,80,125,30
2017-03-16 04,81,71,105,30
2017-03-16 05,65,65,67,30
2017-03-16 06,61,59,67,29
2017-03-16 07,59,56,68,30
2017-03-16 08,60,56,73,30
2017-03-16 09,57,55,61,30
2017-03-16 10,65,53,93,30
2017-03-16 11,70,57,94,30
2017-03-16 12,79,63,105,30
2017-03-16 13,84,71,106,30
2017-03-16 14,82,70,99,30
2017-03-16 15,65,52,93,30
2017-03-16 16,73,60,97,30
2017-03-16 17,71,58,81,30
2017-03-16 18,76,62,90,30
2017-03-16 19,83,66,105,30
2017-03-16 20,84,72,105,30
2017-03-16 21,82,74,103,30
2017-03-16 22,88,73,106,30
2017-03-16 23,78,64,105,30
2017-03-17 00,112,91,145,30
2017-03-17 01,86,77,111,30
2017-03-17 02,90,80,103,30
2017-03-17 03,78,63,97,30
2017-03-17 04,64,63,69,30
2017-03-17 05,62,58,64,30
2017-03-17 06,57,55,63,27
2017-03-17 07,56,55,66,30
2017-03-17 08,57,55,67,30
2017-03-17 09,54,52,62,30
2017-03-17 10,68,52,97,30
2017-03-17 11,70,58,97,30
2017-03-17 12,72,58,99,30
2017-03-17 13,78,62,107,30
2017-03-17 14,85,73,107,30
2017-03-17 15,85,68,100,30
2017-03-17 16,80,69,101,30
2017-03-17 17,75,56,105,30
2017-03-17 18,94,75,113,30
2017-03-17 19,92,81,106,30
2017-03-17 20,75,53,105,30
2017-03-17 21,67,51,97,29
2017-03-17 22,100,74,121,23
2017-03-17 23,88,77,117,30
2017-03-18 00,82,75,109,30
2017-03-18 01,75,70,90,30
2017-03-18 02,76,68,86,30
2017-03-18 03,70,64,80,30
2017-03-18 04,67,62,81,30
2017-03-18 05,60,56,74,30
2017-03-18 06,56,55,64,31
2017-03-18 07,58,54,65,5
2017-03-18 14,118,72,138,103
2017-03-18 15,115,92,128,162
2017-03-18 16,87,79,100,30
2017-03-18 17,104,82,122,30
2017-03-18 18,101,87,116,30
2017-03-18 19,84,69,116,30
2017-03-18 20,77,68,95,30
2017-03-18 21,75,68,93,30
2017-03-18 22,76,72,92,30
2017-03-18 23,91,73,114,30
2017-03-19 00,74,67,83,30
2017-03-19 01,75,67,87,30
2017-03-19 02,70,64,81,30
2017-03-19 03,62,51,87,30
2017-03-19 04,55,51,65,30
2017-03-19 05,59,58,65,30
2017-03-19 06,60,58,69,27
2017-03-19 07,55,52,58,30
2017-03-19 08,52,49,61,30
2017-03-19 09,53,50,62,30
2017-03-19 10,64,52,100,30
2017-03-19 11,81,69,102,30
2017-03-19 12,82,69,106,30
2017-03-19 13,81,69,107,30
2017-03-19 14,76,67,92,30
2017-03-19 15,73,66,86,30
2017-03-19 16,72,64,81,30
2017-03-19 17,90,66,107,30
2017-03-19 18,87,80,93,30
2017-03-19 19,88,71,111,30
2017-03-19 20,87,76,105,30
2017-03-19 21,82,74,86,30
2017-03-19 22,85,71,106,30
2017-03-19 23,77,66,97,30
2017-03-20 00,87,67,104,30
2017-03-20 01,65,58,76,30
2017-03-20 02,69,63,84,30
2017-03-20 03,70,61,97,30
2017-03-20 04,58,56,62,30
2017-03-20 05,57,56,58,30
2017-03-20 06,57,56,65,29
2017-03-20 07,59,58,59,30
2017-03-20 08,57,52,67,30
2017-03-20 09,54,50,67,30
2017-03-20 10,67,50,87,30
2017-03-20 11,83,67,102,30
2017-03-20 12,86,69,107,30
2017-03-20 13,92,83,106,30
2017-03-20 14,90,77,108,30
2017-03-20 15,89,77,105,30
2017-03-20 16,81,68,107,30
2017-03-20 17,87,77,102,30
2017-03-20 18,90,75,115,30
2017-03-20 19,82,65,104,30
2017-03-20 20,83,68,105,30
2017-03-20 21,89,79,104,30
2017-03-20 22,88,70,110,30
2017-03-20 23,80,66,103,26
2017-03-21 00,90,75,115,13
2017-03-21 01,102,84,126,30
2017-03-21 02,87,77,101,30
2017-03-21 03,87,77,112,30
2017-03-21 04,77,67,102,30
2017-03-21 05,67,66,73,30
2017-03-21 06,67,65,74,26
2017-03-21 07,66,64,72,29
2017-03-21 08,64,63,73,31
2017-03-21 09,64,63,71,30
2017-03-21 10,74,63,89,30
2017-03-21 11,88,75,107,30
2017-03-21 12,83,71,109,30
2017-03-21 13,87,73,107,30
2017-03-21 14,88,78,93,30
2017-03-21 15,87,74,106,30
2017-03-21 16,80,68,103,30
2017-03-21 17,83,76,91,30
2017-03-21 18,80,72,87,30
2017-03-21 19,82,70,101,30
2017-03-21 20,89,76,110,30
2017-03-21 21,85,78,88,30
2017-03-21 22,89,76,110,30
2017-03-21 23,77,60,101,30
2017-03-22 00,81,70,100,13
2017-03-22 02,63,63,63,2
2017-03-22 03,66,58,90,25
2017-03-22 04,65,62,67,30
2017-03-22 05,62,62,71,30
2017-03-22 06,64,62,70,30
2017-03-22 07,60,58,63,30
2017-03-22 08,59,56,71,30
2017-03-22 09,57,54,71,30
2017-03-22 10,70,56,97,30
2017-03-22 11,78,61,101,30
2017-03-22 12,72,57,98,30
2017-03-22 13,86,70,103,30
2017-03-22 14,85,72,104,30
2017-03-22 15,74,59,100,30
2017-03-22 16,76,64,101,30
2017-03-22 17,79,65,92,30
2017-03-22 18,83,75,92,30
2017-03-22 19,87,74,106,30
2017-03-22 20,81,65,106,30
2017-03-22 21,89,76,112,30
2017-03-22 22,91,73,108,30
2017-03-22 23,80,71,100,30
2017-03-23 00,73,64,91,30
2017-03-23 01,88,71,109,30
2017-03-23 02,73,67,83,30
2017-03-23 03,77,66,99,30
2017-03-23 04,60,58,80,30
2017-03-23 05,56,56,57,30
2017-03-23 06,58,57,59,26
2017-03-23 07,58,57,72,30
2017-03-23 08,57,57,57,30
2017-03-23 09,56,55,57,30
2017-03-23 10,64,56,87,30
2017-03-23 11,82,64,103,30
2017-03-23 12,88,74,111,30
2017-03-23 13,87,70,117,30
2017-03-23 14,91,79,120,30
2017-03-23 15,85,69,109,30
2017-03-23 16,72,62,102,30
2017-03-23 17,83,66,113,30
2017-03-23 18,74,63,82,30
2017-03-23 19,75,59,101,30
2017-03-23 20,75,62,99,30
2017-03-23 21,76,62,101,30
2017-03-23 22,84,64,105,30
2017-03-23 23,65,57,90,30
2017-03-24 00,73,57,97,30
2017-03-24 01,65,57,81,30
2017-03-24 02,66,62,85,30
2017-03-24 03,69,59,85,30
2017-03-24 04,57,54,64,30
2017-03-24 05,56,56,56,30
2017-03-24 06,56,54,63,26
2017-03-24 07,53,51,61,30
2017-03-24 08,52,51,52,30
2017-03-24 09,53,51,62,30
2017-03-24 10,60,50,90,30
2017-03-24 11,67,55,91,30
2017-03-24 12,73,60,100,30
2017-03-24 13,83,69,103,30
2017-03-24 14,82,72,89,30
2017-03-24 15,81,66,101,30
2017-03-24 16,75,64,97,30
2017-03-24 17,73,58,83,30
2017-03-24 18,87,75,114,30
2017-03-24 19,87,72,113,30
2017-03-24 20,72,60,86,30
2017-03-24 21,69,61,94,30
2017-03-24 22,65,61,77,30
2017-03-24 23,98,71,139,28
2017-03-25 00,91,51,121,28
2017-03-25 01,97,83,121,30
2017-03-25 02,85,80,95,30
2017-03-25 03,84,75,98,30
2017-03-25 04,76,67,90,30
2017-03-25 05,66,63,68,30
2017-03-25 06,62,59,70,27
2017-03-25 07,66,59,72,30
2017-03-25 08,61,58,70,30
2017-03-25 09,58,57,61,30
2017-03-25 10,57,50,78,30
2017-03-25 11,53,50,61,30
2017-03-25 12,52,50,60,30
2017-03-25 13,69,50,99,30
2017-03-25 14,74,62,96,30
2017-03-25 15,81,66,110,30
2017-03-25 16,84,70,111,30
2017-03-25 17,86,76,108,30
2017-03-25 18,83,72,105,30
2017-03-25 19,84,68,110,30
2017-03-25 20,78,67,103,30
2017-03-25 21,120,71,136,30
2017-03-25 22,102,77,123,30
2017-03-25 23,96,76,116,30
2017-03-26 00,78,70,89,30
2017-03-26 01,72,65,85,30
2017-03-26 02,70,64,83,30
2017-03-26 03,65,58,83,30
2017-03-26 04,62,61,62,30
2017-03-26 05,60,54,70,30
2017-03-26 06,55,53,68,31
2017-03-26 07,57,53,65,30
2017-03-26 08,58,57,62,30
2017-03-26 09,58,57,66,30
2017-03-26 10,65,54,93,30
2017-03-26 11,73,58,96,30
2017-03-26 12,81,61,104,30
2017-03-26 13,78,68,99,30
2017-03-26 14,90,81,110,30
2017-03-26 15,92,81,109,30
2017-03-26 16,87,75,113,30
2017-03-26 17,90,80,106,30
2017-03-26 18,90,80,106,30
2017-03-26 19,69,60,79,30
2017-03-26 20,80,67,100,30
2017-03-26 21,77,68,91,30
2017-03-26 22,87,71,105,30
2017-03-26 23,78,65,104,30
2017-03-27 00,83,68,106,30
2017-03-27 01,74,70,88,30
2017-03-27 02,78,70,93,30
2017-03-27 03,73,62,87,30
2017-03-27 04,60,57,63,30
2017-03-27 05,58,56,59,30
2017-03-27 06,58,56,64,23
2017-03-27 07,58,55,65,30
2017-03-27 08,55,55,59,30
2017-03-27 09,60,56,65,30
2017-03-27 10,66,56,97,30
2017-03-27 11,76,65,96,30
2017-03-27 12,87,69,110,30
2017-03-27 13,85,69,107,30
2017-03-27 14,93,80,105,30
2017-03-27 15,88,64,102,30
2017-03-27 16,70,62,93,30
2017-03-27 17,78,67,93,30
2017-03-27 18,79,68,92,30
2017-03-27 19,76,61,101,30
2017-03-27 20,76,63,100,30
2017-03-27 21,80,66,93,30
2017-03-27 22,85,73,106,30
2017-03-27 23,80,64,110,30
2017-03-28 00,105,105,105,1
2017-03-28 02,74,69,81,27
2017-03-28 03,70,66,80,60
2017-03-28 04,74,70,86,30
2017-03-28 05,68,67,70,30
2017-03-28 06,64,63,74,24
2017-03-28 07,64,63,64,30
2017-03-28 08,64,63,67,30
2017-03-28 09,66,62,80,30
2017-03-28 10,74,62,113,30
2017-03-28 11,86,71,111,30
2017-03-28 12,81,65,102,30
2017-03-28 13,82,71,92,30
2017-03-28 14,86,74,104,30
2017-03-28 15,82,71,110,30
2017-03-28 16,82,72,102,30
2017-03-28 17,83,69,101,30
2017-03-28 18,78,64,101,30
2017-03-28 19,78,64,102,30
2017-03-28 20,80,65,107,30
2017-03-28 21,78,65,105,30
2017-03-28 22,84,73,105,30
2017-03-28 23,80,67,105,30
2017-03-29 00,87,76,100,11
2017-03-29 02,77,73,80,9
2017-03-29 03,62,60,71,30
2017-03-29 04,61,60,72,30
2017-03-29 05,60,60,67,30
2017-03-29 06,64,60,70,31
2017-03-29 07,61,60,67,30
2017-03-29 08,61,60,68,30
2017-03-29 09,61,60,69,30
2017-03-29 10,60,56,70,30
2017-03-29 11,60,55,73,30
2017-03-29 12,57,54,66,30
2017-03-29 13,58,55,72,30
2017-03-29 14,65,59,79,30
2017-03-29 15,67,57,91,30
2017-03-29 16,91,71,112,30
2017-03-29 17,100,80,113,30
2017-03-29 18,92,74,115,30
2017-03-29 19,79,72,94,30
2017-03-29 20,74,69,94,30
2017-03-29 21,69,66,75,30
2017-03-29 22,74,70,86,30
2017-03-29 23,74,69,88,30
2017-03-30 00,73,68,87,30
2017-03-30 01,74,67,85,30
2017-03-30 02,70,63,83,30
2017-03-30 03,72,64,101,30
2017-03-30 04,62,60,64,30
2017-03-30 05,63,56,76,30
2017-03-30 06,56,53,63,31
2017-03-30 07,54,53,60,30
2017-03-30 08,54,52,62,30
2017-03-30 09,54,52,63,30
2017-03-30 10,67,53,104,30
2017-03-30 11,78,63,104,30
2017-03-30 12,87,76,106,30
2017-03-30 13,87,72,111,30
2017-03-30 14,82,71,98,30
2017-03-30 15,103,86,123,30
2017-03-30 16,85,71,104,30
2017-03-30 17,88,71,111,30
2017-03-30 18,84,76,99,30
2017-03-30 19,83,69,107,30
2017-03-30 20,82,65,101,30
2017-03-30 21,82,73,90,30
2017-03-30 22,80,66,99,30
2017-03-30 23,70,58,83,30
2017-03-31 00,76,61,97,30
2017-03-31 01,69,60,79,30
2017-03-31 02,70,67,87,30
2017-03-31 03,61,57,68,30
2017-03-31 04,62,57,78,30
2017-03-31 05,54,52,61,30
2017-03-31 06,55,54,61,26
2017-03-31 07,56,54,59,30
2017-03-31 08,55,52,58,30
2017-03-31 09,52,51,61,30
2017-03-31 10,64,50,100,30
2017-03-31 11,75,66,95,30
2017-03-31 12,85,71,114,30
2017-03-31 13,89,69,113,30
2017-03-31 14,76,66,97,30
2017-03-31 15,78,64,106,30
2017-03-31 16,75,62,98,30
2017-03-31 17,82,68,105,30
2017-03-31 18,86,74,106,30
2017-03-31 19,86,73,110,30
2017-03-31 20,72,60,99,30
2017-03-31 21,71,58,89,30
2017-03-31 22,74,61,99,30
2017-03-31 23,73,61,97,30
2017-04-01 00,65,63,73,30
2017-04-01 01,76,66,90,30
2017-04-01 02,80,70,97,30
2017-04-01 03,66,60,71,30
2017-04-01 04,56,55,61,30
2017-04-01 05,56,51,64,30
2017-04-01 06,51,51,51,31
2017-04-01 07,51,50,57,30
2017-04-01 08,58,54,75,30
2017-04-01 09,54,53,55,30
2017-04-01 10,65,54,94,30
2017-04-01 11,76,58,94,30
2017-04-01 12,84,59,113,30
2017-04-01 13,88,75,109,30
2017-04-01 14,85,72,107,30
2017-04-01 15,81,72,107,30
2017-04-01 16,76,62,100,30
2017-04-01 17,79,63,106,30
2017-04-01 18,82,71,90,30
2017-04-01 19,81,67,101,30
2017-04-01 20,74,58,99,30
2017-04-01 21,96,76,124,30
2017-04-01 22,94,72,117,30
2017-04-01 23,89,72,110,30
2017-04-02 00,82,68,106,30
2017-04-02 01,81,71,104,30
2017-04-02 02,68,66,70,30
2017-04-02 03,65,59,73,30
2017-04-02 04,59,58,67,30
2017-04-02 05,62,61,71,30
2017-04-02 06,61,58,74,30
2017-04-02 07,59,58,68,30
2017-04-02 08,59,57,72,30
2017-04-02 09,57,54,58,30
2017-04-02 10,67,52,96,30
2017-04-02 11,74,62,97,30
2017-04-02 12,82,62,107,30
2017-04-02 13,86,73,106,30
2017-04-02 14,80,76,93,30
2017-04-02 15,82,72,104,30
2017-04-02 16,76,61,99,30
2017-04-02 17,79,68,91,30
2017-04-02 18,94,76,115,30
2017-04-02 19,82,72,113,30
2017-04-02 20,90,71,108,30
2017-04-02 21,86,74,104,30
2017-04-02 22,90,75,112,30
2017-04-02 23,82,67,109,30
2017-04-03 00,83,67,105,30
2017-04-03 01,80,72,100,30
2017-04-03 02,76,70,87,30
2017-04-03 03,63,60,66,30
2017-04-03 04,59,52,71,30
2017-04-03 05,56,52,58,30
2017-04-03 06,56,54,60,29
2017-04-03 07,55,53,64,30
2017-04-03 08,54,52,60,30
2017-04-03 09,54,52,65,30
2017-04-03 10,67,53,100,30
2017-04-03 11,74,61,98,30
2017-04-03 12,86,67,115,30
2017-04-03 13,94,77,115,30
2017-04-03 14,84,71,102,30
2017-04-03 15,76,62,105,30
2017-04-03 16,79,67,104,30
2017-04-03 17,90,82,110,30
2017-04-03 18,83,71,116,30
2017-04-03 19,84,68,110,30
2017-04-03 20,82,70,108,30
2017-04-03 21,85,72,110,30
2017-04-03 22,88,70,115,30
2017-04-03 23,84,73,101,30
2017-04-04 00,88,72,112,30
2017-04-04 01,81,69,108,30
2017-04-04 02,77,68,93,30
2017-04-04 03,67,64,76,30
2017-04-04 04,64,63,64,30
2017-04-04 05,64,64,64,30
2017-04-04 06,61,58,70,30
2017-04-04 07,60,58,73,30
2017-04-04 08,56,55,58,30
2017-04-04 09,56,55,64,30
2017-04-04 10,66,55,96,30
2017-04-04 11,75,64,97,30
2017-04-04 12,90,74,114,30
2017-04-04 13,90,82,107,30
2017-04-04 14,96,83,116,30
2017-04-04 15,85,75,107,30
2017-04-04 16,83,70,106,30
2017-04-04 17,82,68,111,30
2017-04-04 18,86,77,105,30
2017-04-04 19,83,69,107,30
2017-04-04 20,85,66,107,30
2017-04-04 21,91,83,107,30
2017-04-04 22,87,69,109,30
2017-04-04 23,74,63,95,30
2017-04-05 00,74,63,91,30
2017-04-05 01,81,65,107,30
2017-04-05 02,77,69,92,30
2017-04-05 03,70,64,80,22
2017-04-05 04,64,62,64,30
2017-04-05 05,63,63,64,30
2017-04-05 06,62,61,74,29
2017-04-05 07,61,61,62,30
2017-04-05 08,61,60,67,30
2017-04-05 09,61,56,65,29
2017-04-05 10,66,55,96,30
2017-04-05 11,83,69,105,30
2017-04-05 12,93,75,124,30
2017-04-05 13,86,77,106,30
2017-04-05 14,90,76,117,30
2017-04-05 15,82,72,100,30
2017-04-05 16,74,63,104,30
2017-04-05 17,84,78,100,30
2017-04-05 18,76,63,91,30
2017-04-05 19,77,64,103,30
2017-04-05 20,77,65,104,30
2017-04-05 21,82,72,89,30
2017-04-05 22,89,73,117,30
2017-04-05 23,86,71,107,30
2017-04-06 00,84,71,104,30
2017-04-06 01,70,65,83,30
2017-04-06 02,71,63,95,30
2017-04-06 03,69,63,83,30
2017-04-06 04,65,60,74,30
2017-04-06 05,59,59,60,30
2017-04-06 06,60,59,71,25
2017-04-06 07,58,55,64,30
2017-04-06 08,60,56,63,30
2017-04-06 09,56,56,66,30
2017-04-06 10,68,56,103,30
2017-04-06 11,84,72,103,30
2017-04-06 12,87,69,111,30
2017-04-06 13,87,74,112,30
2017-04-06 14,92,74,113,30
2017-04-06 15,94,81,110,30
2017-04-06 16,76,63,99,30
2017-04-06 17,77,63,90,30
2017-04-06 18,78,68,90,30
2017-04-06 19,71,60,100,30
2017-04-06 20,88,73,106,30
2017-04-06 21,86,77,104,30
2017-04-06 22,83,67,103,30
2017-04-06 23,79,60,106,30
2017-04-07 00,95,78,118,30
2017-04-07 01,72,63,98,30
2017-04-07 02,88,74,100,16
2017-04-07 10,85,73,101,5
2017-04-07 11,78,68,100,14
2017-04-07 12,84,70,107,29
2017-04-07 13,80,65,102,30
2017-04-07 14,80,72,100,30
2017-04-07 15,77,67,97,30
2017-04-07 16,71,59,95,30
2017-04-07 17,83,61,104,30
2017-04-07 18,82,70,96,30
2017-04-07 19,88,75,110,30
2017-04-07 20,80,61,108,30
2017-04-07 21,73,63,95,30
2017-04-07 22,77,61,149,30
2017-04-07 23,90,62,150,25
2017-04-08 00,78,65,102,30
2017-04-08 01,93,65,122,30
2017-04-08 02,84,76,102,30
2017-04-08 03,81,70,106,30
2017-04-08 04,66,62,71,30
2017-04-08 05,59,57,64,30
2017-04-08 06,57,57,58,30
2017-04-08 07,56,55,58,30
2017-04-08 08,59,55,67,30
2017-04-08 09,55,53,64,30
2017-04-08 10,54,53,62,30
2017-04-08 11,58,53,74,30
2017-04-08 12,55,52,65,30
2017-04-08 13,54,52,63,30
2017-04-08 14,80,69,98,30
2017-04-08 15,110,58,127,30
2017-04-08 16,101,82,122,30
2017-04-08 17,96,81,118,30
2017-04-08 18,94,84,113,30
2017-04-08 19,81,73,93,30
2017-04-08 20,94,76,117,30
2017-04-08 21,92,79,117,30
2017-04-08 22,96,82,123,30
2017-04-08 23,88,78,122,30
2017-04-09 00,77,74,84,30
2017-04-09 01,73,68,92,30
2017-04-09 02,69,62,80,30
2017-04-09 03,60,57,72,30
2017-04-09 04,62,57,62,30
2017-04-09 05,57,56,60,30
2017-04-09 06,57,55,62,29
2017-04-09 07,54,53,56,30
2017-04-09 08,55,53,60,30
2017-04-09 09,55,55,55,30
2017-04-09 10,66,54,100,30
2017-04-09 11,79,62,101,30
2017-04-09 12,80,60,110,30
2017-04-09 13,95,73,112,30
2017-04-09 14,94,79,109,30
2017-04-09 15,87,69,102,30
2017-04-09 16,76,66,106,30
2017-04-09 17,88,75,106,30
2017-04-09 18,86,76,101,30
2017-04-09 19,74,59,99,30
2017-04-09 20,89,60,99,30
2017-04-09 21,92,74,117,30
2017-04-09 22,97,75,118,30
2017-04-09 23,83,74,112,30
2017-04-10 00,82,65,100,30
2017-04-10 01,78,63,103,30
2017-04-10 02,71,63,88,30
2017-04-10 03,73,70,87,30
2017-04-10 04,71,65,92,30
2017-04-10 05,61,60,68,30
2017-04-10 06,60,60,61,31
2017-04-10 07,60,56,68,30
2017-04-10 08,57,55,75,30
2017-04-10 09,57,56,62,30
2017-04-10 10,66,54,97,30
2017-04-10 11,69,57,98,30
2017-04-10 12,67,58,95,30
2017-04-10 13,74,64,97,30
2017-04-10 14,81,65,100,30
2017-04-10 15,80,68,98,30
2017-04-10 16,81,67,90,30
2017-04-10 17,84,67,109,30
2017-04-10 18,85,73,115,30
2017-04-10 19,89,76,113,30
2017-04-10 20,88,77,111,30
2017-04-10 21,83,77,101,30
2017-04-10 22,85,79,96,30
2017-04-10 23,87,79,99,30
2017-04-11 00,89,77,104,30
2017-04-11 01,102,78,149,30
2017-04-11 02,94,86,113,30
2017-04-11 03,97,88,111,30
2017-04-11 04,94,83,138,30
2017-04-11 05,94,83,159,30
2017-04-11 06,81,77,87,24
2017-04-11 07,72,70,77,30
2017-04-11 08,66,63,75,30
2017-04-11 09,64,63,74,30
2017-04-11 10,64,62,71,30
2017-04-11 11,77,62,113,30
2017-04-11 12,87,70,122,30
2017-04-11 13,82,72,93,30
2017-04-11 14,88,74,112,30
2017-04-11 15,93,87,99,30
2017-04-11 16,99,91,115,30
2017-04-11 17,107,90,118,30
2017-04-11 18,98,90,103,30
2017-04-11 19,103,89,119,30
2017-04-11 20,89,74,107,30
2017-04-11 21,83,68,98,30
2017-04-11 22,86,67,101,30
2017-04-11 23,88,73,108,30
2017-04-12 00,94,79,107,30
2017-04-12 01,83,74,93,30
2017-04-12 02,78,65,93,30
2017-04-12 03,74,68,90,30
2017-04-12 04,77,69,94,30
2017-04-12 05,66,64,69,30
2017-04-12 06,65,64,74,30
2017-04-12 07,65,64,76,30
2017-04-12 08,60,59,65,30
2017-04-12 09,60,59,65,30
2017-04-12 10,60,59,67,30
2017-04-12 11,77,60,139,30
2017-04-12 12,67,61,79,30
2017-04-12 13,70,61,84,30
2017-04-12 14,82,74,100,30
2017-04-12 15,81,68,95,30
2017-04-12 16,84,77,93,30
2017-04-12 17,87,75,105,30
2017-04-12 18,101,88,114,30
2017-04-12 19,96,84,108,30
2017-04-12 20,94,78,151,30
2017-04-12 21,94,81,147,30
2017-04-12 22,118,87,139,30
2017-04-12 23,118,107,133,30
2017-04-13 00,92,87,108,30
2017-04-13 01,89,77,101,30
2017-04-13 02,78,69,87,30
2017-04-13 03,89,78,101,30
2017-04-13 04,95,89,107,30
2017-04-13 05,80,74,95,29
2017-04-13 06,67,65,73,30
2017-04-13 07,64,62,69,30
2017-04-13 08,64,62,73,30
2017-04-13 09,63,62,69,30
2017-04-13 10,65,60,72,30
2017-04-13 11,66,60,81,30
2017-04-13 12,65,62,77,30
2017-04-13 13,67,64,77,28
2017-04-13 14,82,64,137,30
2017-04-13 15,108,83,148,30
2017-04-13 16,98,84,111,30
2017-04-13 17,94,83,117,30
2017-04-13 18,95,76,129,30
2017-04-13 19,101,85,123,30
2017-04-13 20,101,88,120,30
2017-04-13 21,78,74,88,30
2017-04-13 22,77,73,85,30
2017-04-13 23,96,76,122,30
2017-04-14 00,100,83,124,30
2017-04-14 01,88,82,113,30
2017-04-14 02,104,86,130,30
2017-04-14 03,94,77,108,30
2017-04-14 04,98,84,125,30
2017-04-14 05,87,73,158,23
2017-04-14 06,69,63,73,30
2017-04-14 07,63,62,64,30
2017-04-14 08,61,60,63,30
2017-04-14 09,61,60,71,30
2017-04-14 10,61,57,71,30
2017-04-14 11,74,65,89,30
2017-04-14 12,74,59,97,30
2017-04-14 13,71,59,87,30
2017-04-14 14,74,64,86,30
2017-04-14 15,88,69,115,30
2017-04-14 16,89,79,113,30
2017-04-14 17,82,68,105,30
2017-04-14 18,90,75,122,30
2017-04-14 19,90,74,135,30
2017-04-14 20,81,67,120,30
2017-04-14 21,86,74,110,30
2017-04-14 22,92,81,105,30
2017-04-14 23,96,76,119,30
2017-04-15 00,79,68,108,30
2017-04-15 01,84,68,111,30
2017-04-15 02,69,62,85,23
2017-04-15 14,84,75,102,21
2017-04-15 15,84,76,93,30
2017-04-15 16,85,74,100,30
2017-04-15 17,83,69,109,30
2017-04-15 18,97,79,111,30
2017-04-15 19,90,79,108,30
2017-04-15 20,87,72,106,30
2017-04-15 21,69,61,87,30
2017-04-15 22,79,70,91,30
2017-04-15 23,78,63,98,30
2017-04-16 00,83,70,104,30
2017-04-16 01,76,65,103,30
2017-04-16 02,73,69,87,30
2017-04-16 03,79,68,88,7
2017-04-16 14,77,71,84,26
2017-04-16 15,83,75,107,30
2017-04-16 16,99,82,115,30
2017-04-16 17,81,74,101,30
2017-04-16 18,83,76,106,30
2017-04-16 19,83,76,97,30
2017-04-16 20,94,77,117,30
2017-04-16 21,94,77,112,30
2017-04-16 22,89,77,104,30
2017-04-16 23,77,67,87,30
2017-04-17 00,72,61,98,30
2017-04-17 01,83,66,106,30
2017-04-17 02,75,68,84,30
2017-04-17 03,92,75,122,30
2017-04-17 04,77,75,87,30
2017-04-17 05,75,75,75,24
2017-04-17 06,74,72,75,30
2017-04-17 07,72,72,73,30
2017-04-17 08,71,70,79,30
2017-04-17 09,68,66,70,30
2017-04-17 10,69,66,83,24
2017-04-17 11,64,59,74,30
2017-04-17 12,64,59,71,30
2017-04-17 13,94,66,127,30
2017-04-17 14,90,83,104,30
2017-04-17 15,89,79,110,30
2017-04-17 16,84,76,106,30
2017-04-17 17,85,74,106,30
2017-04-17 18,92,78,110,30
2017-04-17 19,102,85,140,30
2017-04-17 20,110,74,140,30
2017-04-17 21,88,78,110,30
2017-04-17 22,83,68,102,30
2017-04-17 23,73,64,96,30
2017-04-18 00,80,68,92,30
2017-04-18 01,89,78,109,30
2017-04-18 02,73,71,87,30
2017-04-18 03,65,62,71,30
2017-04-18 04,61,58,72,30
2017-04-18 05,58,58,59,30
2017-04-18 06,60,58,71,30
2017-04-18 07,58,58,66,30
2017-04-18 08,58,56,70,30
2017-04-18 09,56,55,66,30
2017-04-18 10,54,52,62,30
2017-04-18 11,60,54,66,30
2017-04-18 12,68,55,110,30
2017-04-18 13,84,78,102,30
2017-04-18 14,93,71,116,30
2017-04-18 15,95,79,112,30
2017-04-18 16,97,76,131,30
2017-04-18 17,84,63,112,30
2017-04-18 18,90,71,110,30
2017-04-18 19,119,100,132,30
2017-04-18 20,116,98,127,30
2017-04-18 21,115,90,143,30
2017-04-18 22,91,78,113,30
2017-04-18 23,94,77,107,30
2017-04-19 00,85,65,97,30
2017-04-19 01,88,88,89,2
2017-04-19 02,75,69,87,28
2017-04-19 03,75,74,87,30
2017-04-19 04,73,69,74,30
2017-04-19 05,64,60,79,27
2017-04-19 06,61,60,72,30
2017-04-19 07,64,63,71,30
2017-04-19 08,65,63,65,30
2017-04-19 09,61,57,69,30
2017-04-19 10,57,57,63,30
2017-04-19 11,66,61,75,30
2017-04-19 12,64,58,77,30
2017-04-19 13,84,61,102,30
2017-04-19 14,82,70,103,30
2017-04-19 15,99,81,117,30
2017-04-19 16,98,75,106,30
2017-04-19 17,83,63,103,30
2017-04-19 18,100,90,112,30
2017-04-19 19,93,75,108,30
2017-04-19 20,79,64,93,30
2017-04-19 21,81,61,147,30
2017-04-19 22,104,95,117,30
2017-04-19 23,97,85,114,30
2017-04-20 00,98,88,104,30
2017-04-20 01,89,73,104,30
2017-04-20 02,75,70,90,30
2017-04-20 03,70,70,75,30
2017-04-20 04,68,64,78,30
2017-04-20 05,60,57,70,30
2017-04-20 06,61,57,79,30
2017-04-20 07,63,59,75,30
2017-04-20 08,63,62,64,30
2017-04-20 09,65,62,72,30
2017-04-20 10,66,63,79,30
2017-04-20 11,61,59,74,30
2017-04-20 12,62,59,81,26
2017-04-20 13,71,63,81,16
2017-04-20 14,86,71,113,30
2017-04-20 15,100,72,141,30
2017-04-20 16,104,92,117,30
2017-04-20 17,100,87,109,30
2017-04-20 18,95,76,114,30
2017-04-20 19,109,94,127,30
2017-04-20 20,92,82,116,30
2017-04-20 21,84,72,101,30
2017-04-20 22,81,68,96,30
2017-04-20 23,89,75,116,30
2017-04-21 00,80,69,97,30
2017-04-21 01,83,70,107,30
2017-04-21 02,59,54,70,30
2017-04-21 03,55,54,58,30
2017-04-21 04,55,54,66,30
2017-04-21 05,55,54,55,30
2017-04-21 06,55,54,55,30
2017-04-21 07,56,53,68,30
2017-04-21 08,59,57,77,30
2017-04-21 09,64,62,73,30
2017-04-21 10,59,59,62,30
2017-04-21 11,66,58,77,30
2017-04-21 12,78,59,88,22
2017-04-21 13,86,69,105,23
2017-04-21 14,102,88,112,30
2017-04-21 15,109,84,129,30
2017-04-21 16,94,78,120,30
2017-04-21 17,97,83,116,30
2017-04-21 18,98,86,109,30
2017-04-21 19,82,70,107,30
2017-04-21 20,85,70,106,30
2017-04-21 21,75,66,106,30
2017-04-21 22,80,67,95,30
2017-04-21 23,72,59,94,30
2017-04-22 00,83,71,103,25
2017-04-22 01,62,55,78,19
2017-04-22 02,59,56,73,30
2017-04-22 03,60,50,79,30
2017-04-22 04,51,50,56,30
2017-04-22 05,55,53,62,30
2017-04-22 06,56,53,68,31
2017-04-22 07,58,57,64,30
2017-04-22 08,55,55,56,30
2017-04-22 09,60,55,74,30
2017-04-22 10,62,56,72,30
2017-04-22 11,59,55,68,30
2017-04-22 12,69,55,94,30
2017-04-22 13,88,76,120,30
2017-04-22 14,99,81,121,30
2017-04-22 15,91,79,101,30
2017-04-22 16,103,86,133,30
2017-04-22 17,105,91,121,30
2017-04-22 18,91,73,106,30
2017-04-22 19,74,63,86,30
2017-04-22 20,68,58,90,30
2017-04-22 21,75,61,90,30
2017-04-22 22,78,61,107,30
2017-04-22 23,76,69,102,30
2017-04-23 00,84,68,107,30
2017-04-23 01,69,61,95,30
2017-04-23 02,62,60,64,30
2017-04-23 03,58,56,68,30
2017-04-23 04,55,53,59,30
2017-04-23 05,55,52,59,30
2017-04-23 06,61,52,88,30
2017-04-23 07,59,58,68,30
2017-04-23 08,58,57,64,30
2017-04-23 09,59,58,64,30
2017-04-23 10,57,51,63,30
2017-04-23 11,57,51,67,30
2017-04-23 12,70,58,91,30
2017-04-23 13,85,71,109,30
2017-04-23 14,94,87,113,30
2017-04-23 15,103,86,116,30
2017-04-23 16,102,91,111,30
2017-04-23 17,81,69,100,30
2017-04-23 18,77,64,100,30
2017-04-23 19,79,65,106,30
2017-04-23 20,81,68,102,30
2017-04-23 21,85,76,96,30
2017-04-23 22,84,73,96,30
2017-04-23 23,86,74,104,30
2017-04-24 00,79,66,97,30
2017-04-24 01,79,71,97,30
2017-04-24 02,78,65,100,30
2017-04-24 03,81,70,91,30
2017-04-24 04,81,69,109,30
2017-04-24 05,84,66,103,30
2017-04-24 06,86,66,96,31
2017-04-24 07,67,65,70,30
2017-04-24 08,62,59,65,30
2017-04-24 09,55,53,64,30
2017-04-24 10,54,54,60,30
2017-04-24 11,54,53,60,30
2017-04-24 12,78,53,135,30
2017-04-24 13,88,62,118,30
2017-04-24 14,89,81,102,30
2017-04-24 15,78,65,96,30
2017-04-24 16,72,65,88,30
2017-04-24 17,78,73,89,30
2017-04-24 18,78,73,93,30
2017-04-24 19,76,75,82,30
2017-04-24 20,88,74,121,30
2017-04-24 21,87,73,135,30
2017-04-24 22,95,76,115,30
2017-04-24 23,86,71,108,30
2017-04-25 00,79,65,97,30
2017-04-25 01,84,76,95,30
2017-04-25 02,77,69,111,30
2017-04-25 03,72,67,87,30
2017-04-25 04,61,58,67,30
2017-04-25 05,61,58,62,30
2017-04-25 06,61,60,61,25
2017-04-25 07,62,57,73,27
2017-04-25 08,57,56,57,26
2017-04-26 12,88,72,113,27
2017-04-26 13,100,82,127,30
2017-04-26 14,95,83,110,30
2017-04-26 15,88,73,105,30
2017-04-26 16,78,72,96,30
2017-04-26 17,85,74,107,30
2017-04-26 18,82,73,97,30
2017-04-26 19,83,67,106,30
2017-04-26 20,86,69,109,30
2017-04-26 21,80,62,100,30
2017-04-26 22,73,59,88,30
2017-04-26 23,80,69,114,30
2017-04-27 00,87,68,107,30
2017-04-27 01,80,72,96,30
2017-04-27 02,83,75,97,30
2017-04-27 03,75,70,93,30
2017-04-27 04,67,60,77,30
2017-04-27 05,60,60,60,30
2017-04-27 06,61,59,68,24
2017-04-27 07,61,56,68,29
2017-04-27 08,57,51,75,29
2017-04-27 09,56,55,56,30
2017-04-27 10,65,55,101,30
2017-04-27 11,86,67,120,30
2017-04-27 12,90,73,110,30
2017-04-27 13,90,72,107,30
2017-04-27 14,92,76,109,30
2017-04-27 15,82,66,101,30
2017-04-27 16,80,63,107,30
2017-04-27 17,94,83,112,30
2017-04-27 18,97,88,115,30
2017-04-27 19,87,67,112,30
2017-04-27 20,91,71,105,30
2017-04-27 21,96,86,107,30
2017-04-27 22,83,70,110,30
2017-04-27 23,81,71,111,30
2017-04-28 00,87,70,112,30
2017-04-28 01,70,64,76,30
2017-04-28 02,69,66,76,30
2017-04-28 03,67,64,82,30
2017-04-28 04,62,59,64,30
2017-04-28 05,59,59,59,30
2017-04-28 06,59,59,59,27
2017-04-28 07,59,59,60,30
2017-04-28 08,59,58,70,30
2017-04-28 09,59,57,68,27
2017-04-28 10,68,57,97,30
2017-04-28 11,69,59,96,30
2017-04-28 12,81,65,111,30
2017-04-28 13,86,71,99,30
2017-04-28 14,81,72,97,30
2017-04-28 15,85,65,103,30
2017-04-28 16,72,60,98,30
2017-04-28 17,87,64,117,30
2017-04-28 18,90,79,104,30
2017-04-28 19,84,75,101,30
2017-04-28 20,84,74,107,30
2017-04-28 21,78,68,106,30
2017-04-28 22,83,69,110,30
2017-04-28 23,83,69,94,30
2017-04-29 00,91,76,113,30
2017-04-29 01,96,80,126,30
2017-04-29 02,106,93,128,30
2017-04-29 03,111,92,136,30
2017-04-29 04,97,93,112,30
2017-04-29 05,88,85,93,30
2017-04-29 06,85,82,100,28
2017-04-29 07,77,75,86,30
2017-04-29 08,76,73,76,30
2017-04-29 09,73,72,79,30
2017-04-29 10,73,72,77,30
2017-04-29 11,73,72,73,30
2017-04-29 12,73,71,80,30
2017-04-29 13,71,68,84,30
2017-04-29 14,68,64,95,30
2017-04-29 15,91,73,116,30
2017-04-29 16,79,72,91,30
2017-04-29 17,91,71,110,30
2017-04-29 18,84,69,114,30
2017-04-29 19,89,75,115,30
2017-04-29 20,94,89,107,30
2017-04-29 21,92,88,104,30
2017-04-29 22,91,82,103,30
2017-04-29 23,90,83,105,30
2017-04-30 00,104,89,125,30
2017-04-30 01,109,90,129,30
2017-04-30 02,104,89,126,30
2017-04-30 03,105,94,127,30
2017-04-30 04,111,97,135,30
2017-04-30 05,109,98,130,30
2017-04-30 06,108,98,128,31
2017-04-30 07,112,100,130,30
2017-04-30 08,109,99,125,30
2017-04-30 09,110,98,133,30
2017-04-30 10,90,83,129,30
2017-04-30 11,84,83,101,30
2017-04-30 12,75,73,87,30
2017-04-30 13,74,72,85,30
2017-04-30 14,78,76,81,30
2017-04-30 15,74,67,84,30
2017-04-30 16,76,73,88,30
2017-04-30 17,87,75,99,30
2017-04-30 18,83,74,94,30
2017-04-30 19,82,73,99,30
2017-04-30 20,104,87,119,30
2017-04-30 21,95,91,104,30
2017-04-30 22,94,87,118,30
2017-04-30 23,95,90,105,30
2017-05-01 00,94,88,120,30
2017-05-01 01,93,88,106,30
2017-05-01 02,95,85,123,30
2017-05-01 03,89,84,103,30
2017-05-01 04,80,74,95,30
2017-05-01 05,76,73,94,30
2017-05-01 06,75,65,89,23
2017-05-01 07,69,63,84,30
2017-05-01 08,70,68,81,30
2017-05-01 09,70,68,80,30
2017-05-01 10,81,69,111,30
2017-05-01 11,85,71,114,30
2017-05-01 12,88,73,113,30
2017-05-01 13,88,70,110,30
2017-05-01 14,91,80,107,30
2017-05-01 15,82,67,105,30
2017-05-01 16,84,63,112,30
2017-05-01 17,96,79,114,30
2017-05-01 18,90,77,98,30
2017-05-01 19,88,74,113,30
2017-05-01 20,93,79,113,30
2017-05-01 21,95,85,111,30
2017-05-01 22,95,81,117,30
2017-05-01 23,87,79,108,30
2017-05-02 00,82,68,105,30
2017-05-02 01,84,72,100,30
2017-05-02 02,74,71,92,30
2017-05-02 03,71,71,71,30
2017-05-02 04,70,69,71,30
2017-05-02 05,68,68,69,30
2017-05-02 06,63,59,68,30
2017-05-02 07,65,59,83,30
2017-05-02 08,58,54,73,30
2017-05-02 09,59,55,66,30
2017-05-02 10,70,59,100,30
2017-05-02 11,72,58,96,30
2017-05-02 12,86,67,113,30
2017-05-02 13,94,74,116,30
2017-05-02 14,90,79,133,30
2017-05-02 15,85,71,105,30
2017-05-02 16,83,69,110,30
2017-05-02 17,87,78,94,30
2017-05-02 18,96,86,118,30
2017-05-02 19,93,73,115,30
2017-05-02 20,89,77,114,30
2017-05-02 21,91,80,110,30
2017-05-02 22,90,72,116,30
2017-05-02 23,90,77,114,30
2017-05-03 00,79,66,108,30
2017-05-03 01,74,67,93,30
2017-05-03 02,75,67,90,30
2017-05-03 03,72,72,77,30
2017-05-03 04,72,69,91,30
2017-05-03 05,66,62,69,30
2017-05-03 06,62,61,76,25
2017-05-03 07,60,54,69,30
2017-05-03 08,58,54,59,30
2017-05-03 09,57,56,64,30
2017-05-03 10,66,56,98,30
2017-05-03 11,72,58,94,30
2017-05-03 12,82,67,106,30
2017-05-03 13,88,68,105,30
2017-05-03 14,96,78,115,30
2017-05-03 15,86,73,112,30
2017-05-03 16,79,71,96,30
2017-05-03 17,80,71,107,27
2017-05-03 18,89,69,113,31
2017-05-03 19,81,64,107,28
2017-05-03 20,86,67,112,31
2017-05-03 21,70,56,102,28
2017-05-03 22,79,61,102,31
2017-05-03 23,77,64,102,25
2017-05-04 10,97,93,101,3
2017-05-04 11,59,30,94,30
2017-05-04 12,88,71,111,30
2017-05-04 13,95,74,115,30
2017-05-04 14,93,76,112,30
2017-05-04 15,83,75,103,30
2017-05-04 16,80,66,105,30
2017-05-04 17,99,80,119,30
2017-05-04 18,95,88,108,30
2017-05-04 19,97,82,119,30
2017-05-04 20,100,88,117,30
2017-05-04 21,93,85,96,30
2017-05-04 22,96,83,116,30
2017-05-04 23,94,80,116,30
2017-05-05 00,89,74,116,30
2017-05-05 01,82,74,111,30
2017-05-05 02,92,76,116,30
2017-05-05 03,87,74,153,30
2017-05-05 04,74,73,80,30
2017-05-05 05,72,70,81,30
2017-05-05 06,67,64,74,31
2017-05-05 07,66,65,66,30
2017-05-05 08,66,63,76,30
2017-05-05 09,61,58,67,30
2017-05-05 10,70,57,103,30
2017-05-05 11,78,69,100,30
2017-05-05 12,86,68,111,30
2017-05-05 13,98,87,115,30
2017-05-05 14,90,84,102,30
2017-05-05 15,87,81,102,30
2017-05-05 16,87,77,107,30
2017-05-05 17,87,70,107,30
2017-05-05 18,91,79,114,30
2017-05-05 19,91,81,114,30
2017-05-05 20,87,72,112,30
2017-05-05 21,89,69,106,19
2017-05-05 22,89,72,118,23
2017-05-05 23,97,81,123,30
2017-05-06 00,92,80,124,30
2017-05-06 01,85,78,97,30
2017-05-06 02,94,83,124,30
2017-05-06 03,87,80,99,30
2017-05-06 04,80,76,96,30
2017-05-06 05,74,71,81,30
2017-05-06 06,68,65,86,24
2017-05-06 07,65,61,75,30
2017-05-06 08,63,61,74,30
2017-05-06 09,61,61,63,30
2017-05-06 10,63,60,71,30
2017-05-06 11,61,60,68,30
2017-05-06 12,63,59,78,30
2017-05-06 13,68,63,78,26
2017-05-06 14,102,79,154,30
2017-05-06 15,86,72,98,30
2017-05-06 16,88,78,97,30
2017-05-06 17,117,90,134,30
2017-05-06 18,122,94,136,30
2017-05-06 19,103,86,125,29
2017-05-06 20,93,80,124,30
2017-05-06 21,80,75,92,30
2017-05-06 22,82,74,100,30
2017-05-06 23,94,77,118,30
2017-05-07 00,78,74,89,30
2017-05-07 01,80,74,93,30
2017-05-07 02,76,73,88,30
2017-05-07 03,78,74,93,30
2017-05-07 04,72,68,75,30
2017-05-07 05,63,62,65,30
2017-05-07 06,63,62,67,24
2017-05-07 07,60,57,73,30
2017-05-07 08,60,57,71,30
2017-05-07 09,61,57,70,30
2017-05-07 10,69,57,97,30
2017-05-07 11,74,63,96,30
2017-05-07 12,92,69,115,30
2017-05-07 13,98,85,130,30
2017-05-07 14,94,91,106,30
2017-05-07 15,93,81,104,30
2017-05-07 16,84,71,106,30
2017-05-07 17,86,79,98,30
2017-05-07 18,84,81,88,30
2017-05-07 19,84,69,106,30
2017-05-07 20,85,73,100,30
2017-05-07 21,78,66,98,30
2017-05-07 22,79,62,110,30
2017-05-07 23,75,64,100,30
2017-05-08 00,80,78,83,6
2017-05-10 00,83,78,86,14
2017-05-10 01,84,73,87,8
2017-05-10 02,73,66,103,30
2017-05-10 03,72,68,103,30
2017-05-10 04,70,68,75,30
2017-05-10 05,67,63,70,30
2017-05-10 06,61,58,65,29
2017-05-10 07,60,57,75,30
2017-05-10 08,60,56,69,30
2017-05-10 09,56,55,66,30
2017-05-10 10,68,55,102,30
2017-05-10 11,75,65,98,30
2017-05-10 12,83,62,110,30
2017-05-10 13,93,79,111,30
2017-05-10 14,96,86,112,30
2017-05-10 15,89,77,110,30
2017-05-10 16,89,76,110,30
2017-05-10 17,89,67,115,30
2017-05-10 18,103,83,122,30
2017-05-10 19,89,70,119,30
2017-05-10 20,96,78,120,30
2017-05-10 21,90,78,105,30
2017-05-10 22,86,68,106,30
2017-05-10 23,83,69,108,30
2017-05-11 00,92,74,106,29
2017-05-11 10,89,71,106,8
2017-05-11 11,75,64,102,30
2017-05-11 12,81,66,104,30
2017-05-11 13,78,61,99,30
2017-05-11 14,80,62,98,30
2017-05-11 15,82,70,102,30
2017-05-11 16,73,58,103,30
2017-05-11 17,89,79,104,30
2017-05-11 18,85,75,101,30
2017-05-11 19,83,67,110,30
2017-05-11 20,91,80,111,30
2017-05-11 21,97,85,116,30
2017-05-11 22,85,70,106,30
2017-05-11 23,81,67,102,30
2017-05-12 00,76,62,103,30
2017-05-12 01,72,61,102,30
2017-05-12 02,86,75,118,30
2017-05-12 03,84,76,98,30
2017-05-12 04,75,68,85,30
2017-05-12 05,68,68,69,30
2017-05-12 06,65,62,69,30
2017-05-12 07,58,54,67,30
2017-05-12 08,59,58,69,30
2017-05-12 09,61,59,71,30
2017-05-12 10,70,59,100,30
2017-05-12 11,85,72,109,30
2017-05-12 12,84,72,112,30
2017-05-12 13,100,74,112,30
2017-05-12 14,93,79,104,30
2017-05-12 15,90,78,109,30
2017-05-12 16,84,75,92,30
2017-05-12 17,92,80,115,20
2017-05-12 18,90,77,110,8
2017-05-12 19,73,59,98,30
2017-05-12 20,77,64,105,30
2017-05-12 21,81,68,93,30
2017-05-12 22,87,78,100,30
2017-05-12 23,85,76,109,30
2017-05-13 00,89,80,109,30
2017-05-13 01,96,81,127,30
2017-05-13 02,99,91,111,30
2017-05-13 03,97,91,104,30
2017-05-13 04,104,81,161,30
2017-05-13 05,90,82,106,30
2017-05-13 06,91,76,110,30
2017-05-13 07,76,75,84,30
2017-05-13 08,71,67,76,30
2017-05-13 09,69,67,80,30
2017-05-13 10,67,62,79,30
2017-05-13 11,63,62,70,30
2017-05-13 12,79,62,141,30
2017-05-13 13,74,69,82,30
2017-05-13 14,87,68,108,30
2017-05-13 15,95,83,113,30
2017-05-13 16,89,73,114,30
2017-05-13 17,95,77,137,30
2017-05-13 18,100,86,117,30
2017-05-13 19,89,74,115,30
2017-05-13 20,88,78,94,30
2017-05-13 21,94,81,119,30
2017-05-13 22,95,80,116,30
2017-05-13 23,98,88,117,30
2017-05-14 00,92,74,137,30
2017-05-14 01,97,82,127,30
2017-05-14 02,90,80,97,30
2017-05-14 03,87,76,111,30
2017-05-14 04,74,65,97,30
2017-05-14 05,63,61,66,29
2017-05-14 06,63,61,64,30
2017-05-14 07,61,60,62,30
2017-05-14 08,58,55,60,30
2017-05-14 09,58,55,61,30
2017-05-14 10,60,59,70,30
2017-05-14 11,63,60,78,30
2017-05-14 12,86,64,137,30
2017-05-14 13,87,69,133,30
2017-05-14 14,88,75,106,30
2017-05-14 15,81,67,106,30
2017-05-14 16,111,85,131,30
2017-05-14 17,118,96,135,30
2017-05-14 18,117,103,154,30
2017-05-14 19,90,73,112,30
2017-05-14 20,83,71,103,30
2017-05-14 21,82,80,96,30
2017-05-14 22,80,71,98,30
2017-05-14 23,81,69,100,30
2017-05-15 00,83,78,112,30
2017-05-15 01,81,69,95,30
2017-05-15 02,83,72,100,30
2017-05-15 03,85,74,96,30
2017-05-15 04,88,77,106,30
2017-05-15 05,71,70,77,30
2017-05-15 06,73,72,73,30
2017-05-15 07,71,69,75,30
2017-05-15 08,69,65,70,30
2017-05-15 09,65,61,75,30
2017-05-15 10,65,58,79,30
2017-05-15 11,65,59,72,30
2017-05-15 12,85,66,143,30
2017-05-15 13,86,74,100,30
2017-05-15 14,81,73,101,30
2017-05-15 15,106,85,129,30
2017-05-15 16,111,97,132,30
2017-05-15 17,98,86,115,30
2017-05-15 18,111,91,124,30
2017-05-15 19,115,91,132,30
2017-05-15 20,93,79,113,30
2017-05-15 21,94,81,107,30
2017-05-15 22,84,82,89,30
2017-05-15 23,84,75,106,30
2017-05-16 00,77,73,92,30
2017-05-16 01,93,75,117,30
2017-05-16 02,78,71,93,26
2017-05-16 03,80,70,97,30
2017-05-16 04,71,70,80,30
2017-05-16 05,67,64,78,30
2017-05-16 06,62,61,70,30
2017-05-16 07,60,57,72,30
2017-05-16 08,62,60,70,30
2017-05-16 09,62,62,63,30
2017-05-16 10,61,57,75,30
2017-05-16 11,67,57,99,30
2017-05-16 12,89,77,106,30
2017-05-16 13,82,72,105,30
2017-05-16 14,77,70,92,30
2017-05-16 15,79,71,104,30
2017-05-16 16,77,71,93,30
2017-05-16 17,87,75,117,30
2017-05-16 18,84,72,101,30
2017-05-16 19,79,68,93,30
2017-05-16 20,85,77,99,30
2017-05-16 21,96,84,118,30
2017-05-16 22,97,79,125,30
2017-05-16 23,87,74,107,30
2017-05-17 00,87,72,108,30
2017-05-17 01,84,64,106,30
2017-05-17 02,96,83,109,30
2017-05-17 03,105,91,128,30
2017-05-17 04,89,71,123,30
2017-05-17 05,72,71,77,30
2017-05-17 06,77,76,83,30
2017-05-17 07,78,74,87,30
2017-05-17 08,71,68,83,30
2017-05-17 09,70,68,78,30
2017-05-17 10,65,62,76,30
2017-05-17 11,64,62,75,30
2017-05-17 12,72,58,113,30
2017-05-17 13,75,61,93,30
2017-05-17 14,89,78,105,30
2017-05-17 15,85,70,99,30
2017-05-17 16,72,67,87,30
2017-05-17 17,82,69,118,30
2017-05-17 18,99,90,112,30
2017-05-17 19,100,87,118,30
2017-05-17 20,85,80,96,30
2017-05-17 21,82,74,102,30
2017-05-17 22,93,91,94,6
2017-05-18 05,76,76,76,1
2017-05-21 13,89,77,98,8
2017-05-21 14,91,76,138,30
2017-05-21 15,91,81,115,30
2017-05-21 16,87,76,109,30
2017-05-21 17,80,73,121,30
2017-05-21 18,79,72,104,30
2017-05-21 19,77,73,97,30
2017-05-21 20,86,74,113,30
2017-05-21 21,94,80,111,30
2017-05-21 22,101,85,126,30
2017-05-21 23,89,79,111,30
2017-05-22 00,92,82,114,30
2017-05-22 01,88,79,97,30
2017-05-22 02,96,82,112,30
2017-05-22 03,80,73,95,30
2017-05-22 04,83,73,110,30
2017-05-22 05,69,61,84,30
2017-05-22 06,62,61,62,30
2017-05-22 07,62,60,62,30
2017-05-22 08,64,61,70,30
2017-05-22 09,65,64,74,30
2017-05-22 10,59,56,73,30
2017-05-22 11,56,55,56,30
2017-05-22 12,78,56,131,30
2017-05-22 13,74,65,86,30
2017-05-22 14,89,76,109,30
2017-05-22 15,84,75,105,30
2017-05-22 16,81,76,96,30
2017-05-22 17,82,75,91,30
2017-05-22 18,76,72,90,30
2017-05-22 19,79,73,102,30
2017-05-22 20,82,77,101,30
2017-05-22 21,95,78,122,30
2017-05-22 22,95,82,118,30
2017-05-22 23,79,75,96,30
2017-05-23 00,76,72,87,30
2017-05-23 01,87,72,112,30
2017-05-23 02,74,67,109,30
2017-05-23 03,75,70,90,30
2017-05-23 04,82,76,96,13
2017-05-23 10,88,73,97,6
2017-05-23 11,76,63,99,30
2017-05-23 12,67,61,90,30
2017-05-23 13,86,68,106,30
2017-05-23 14,89,73,107,30
2017-05-23 15,94,81,105,30
2017-05-23 16,81,63,103,30
2017-05-23 17,95,81,110,30
2017-05-23 18,96,84,111,30
2017-05-23 19,83,68,111,30
2017-05-23 20,83,58,111,30
2017-05-23 21,91,81,114,30
2017-05-23 22,92,81,111,30
2017-05-23 23,88,71,111,28
2017-05-24 00,98,79,119,20
2017-05-24 01,88,80,93,30
2017-05-24 02,91,84,100,30
2017-05-24 03,88,81,102,30
2017-05-24 04,79,74,90,30
2017-05-24 05,71,69,80,30
2017-05-24 06,67,66,75,25
2017-05-24 07,64,64,66,30
2017-05-24 08,62,59,75,30
2017-05-24 09,63,59,77,30
2017-05-24 10,68,59,99,30
2017-05-24 11,79,66,106,30
2017-05-24 12,88,73,113,30
2017-05-24 13,93,81,107,30
2017-05-24 14,82,73,100,30
2017-05-24 15,90,76,124,30
2017-05-24 16,86,71,112,30
2017-05-24 17,91,81,108,30
2017-05-24 18,93,80,116,30
2017-05-24 19,90,72,114,30
2017-05-24 20,99,85,125,30
2017-05-24 21,93,78,118,30
2017-05-24 22,98,84,120,30
2017-05-24 23,86,74,117,30
2017-05-25 00,94,82,118,30
2017-05-25 01,90,75,115,30
2017-05-25 02,79,74,88,30
2017-05-25 03,81,73,103,30
2017-05-25 04,71,70,74,30
2017-05-25 05,68,65,71,30
2017-05-25 06,66,64,74,30
2017-05-25 07,64,62,69,30
2017-05-25 08,63,60,71,30
2017-05-25 09,62,59,80,30
2017-05-25 10,68,58,99,30
2017-05-25 11,76,61,101,30
2017-05-25 12,94,71,119,30
2017-05-25 13,93,86,103,30
2017-05-25 14,90,81,106,30
2017-05-25 15,91,79,113,30
2017-05-25 16,91,73,114,30
2017-05-25 17,106,90,126,30
2017-05-25 18,98,85,116,30
2017-05-25 19,90,74,117,30
2017-05-25 20,95,82,114,30
2017-05-25 21,95,80,118,30
2017-05-25 22,96,81,119,30
2017-05-25 23,81,65,101,30
2017-05-26 00,94,72,115,20
2017-05-26 01,93,83,110,30
2017-05-26 02,98,90,121,30
2017-05-26 03,95,83,107,30
2017-05-26 04,78,74,82,30
2017-05-26 05,74,74,74,30
2017-05-26 06,68,64,74,30
2017-05-26 07,65,64,75,30
2017-05-26 08,63,61,65,30
2017-05-26 09,61,61,68,30
2017-05-26 10,70,60,98,30
2017-05-26 11,75,66,97,30
2017-05-26 12,72,60,99,30
2017-05-26 13,87,71,119,30
2017-05-26 14,85,70,115,30
2017-05-26 15,87,72,123,30
2017-05-26 16,77,63,101,30
2017-05-26 17,91,72,114,30
2017-05-26 18,94,83,112,30
2017-05-26 19,84,65,129,30
2017-05-26 20,82,69,107,30
2017-05-26 21,99,67,147,30
2017-05-26 22,106,53,168,30
2017-05-26 23,102,89,118,30
2017-05-27 00,94,82,121,30
2017-05-27 01,91,85,105,30
2017-05-27 02,84,81,93,30
2017-05-27 03,82,74,95,30
2017-05-27 04,78,74,93,30
2017-05-27 05,77,72,105,30
2017-05-27 06,81,72,99,30
2017-05-27 07,68,67,73,30
2017-05-27 08,68,67,76,30
2017-05-27 09,66,64,87,30
2017-05-27 10,65,63,78,30
2017-05-27 11,64,63,73,30
2017-05-27 12,62,61,73,30
2017-05-27 13,63,59,85,30
2017-05-27 14,86,65,104,30
2017-05-27 15,120,111,135,30
2017-05-27 16,114,92,142,30
2017-05-27 17,100,83,132,30
2017-05-27 18,101,84,123,30
2017-05-27 19,90,77,117,30
2017-05-27 20,81,75,93,30
2017-05-27 21,82,75,97,30
2017-05-27 22,81,75,92,30
2017-05-27 23,79,73,88,30
2017-05-28 00,75,71,91,30
2017-05-28 01,77,70,90,30
2017-05-28 02,68,61,87,30
2017-05-28 03,69,61,83,30
2017-05-28 04,64,60,69,30
2017-05-28 05,59,57,69,30
2017-05-28 06,57,57,57,30
2017-05-28 07,58,56,69,30
2017-05-28 08,56,53,66,30
2017-05-28 09,57,56,70,30
2017-05-28 10,67,56,103,30
2017-05-28 11,77,62,99,30
2017-05-28 12,79,60,102,30
2017-05-28 13,79,67,96,30
2017-05-28 14,82,71,107,30
2017-05-28 15,82,67,101,30
2017-05-28 16,79,62,110,30
2017-05-28 17,92,78,114,30
2017-05-28 18,88,82,104,30
2017-05-28 19,81,62,108,30
2017-05-28 20,91,77,102,30
2017-05-28 21,86,74,99,30
2017-05-28 22,95,75,112,30
2017-05-28 23,77,60,103,30
2017-05-29 00,97,74,133,30
2017-05-29 01,86,75,121,30
2017-05-29 02,76,71,89,30
2017-05-29 03,74,71,88,30
2017-05-29 04,72,61,89,30
2017-05-29 05,62,61,73,30
2017-05-29 06,62,61,70,30
2017-05-29 07,61,58,62,30
2017-05-29 08,58,57,58,30
2017-05-29 09,57,56,67,30
2017-05-29 10,67,55,102,30
2017-05-29 11,78,65,101,30
2017-05-29 12,86,69,112,30
2017-05-29 13,93,77,107,30
2017-05-29 14,93,80,117,30
2017-05-29 15,86,75,105,30
2017-05-29 16,88,69,117,30
2017-05-29 17,96,83,114,30
2017-05-29 18,90,80,99,30
2017-05-29 19,76,63,103,30
2017-05-29 20,99,66,115,30
2017-05-29 21,94,86,122,30
2017-05-29 22,93,72,109,30
2017-05-29 23,79,62,103,28
2017-05-30 00,97,77,120,18
2017-05-30 01,86,79,98,30
2017-05-30 02,83,77,96,30
2017-05-30 03,80,74,96,30
2017-05-30 04,73,60,94,30
2017-05-30 05,59,58,59,30
2017-05-30 06,58,58,59,30
2017-05-30 07,61,58,65,30
2017-05-30 08,59,58,67,30
2017-05-30 09,60,56,82,30
2017-05-30 10,67,56,101,30
2017-05-30 11,77,64,98,30
2017-05-30 12,81,65,103,30
2017-05-30 13,83,71,107,30
2017-05-30 14,84,77,99,30
2017-05-30 15,90,74,120,30
2017-05-30 16,76,61,107,30
2017-05-30 17,84,75,96,30
2017-05-30 18,82,73,92,30
2017-05-30 19,71,59,96,30
2017-05-30 20,81,67,105,30
2017-05-30 21,86,70,118,30
2017-05-30 22,95,73,120,30
2017-05-30 23,81,67,105,30
2017-05-31 00,79,65,107,30
2017-05-31 01,79,68,109,30
2017-05-31 02,95,78,113,30
2017-05-31 03,89,75,104,23
2017-05-31 10,88,75,99,7
2017-05-31 11,74,59,99,30
2017-05-31 12,83,60,119,30
2017-05-31 13,82,68,101,30
2017-05-31 14,88,70,106,30
2017-05-31 15,92,75,105,30
2017-05-31 16,94,67,134,30
2017-05-31 17,105,93,120,30
2017-05-31 18,98,89,127,30
2017-05-31 19,87,70,111,30
2017-05-31 20,89,75,110,30
2017-05-31 21,92,84,139,30
2017-05-31 22,91,73,111,30
2017-05-31 23,86,70,110,30
2017-06-01 00,125,77,165,30
2017-06-01 01,97,82,120,30
2017-06-01 02,85,79,99,30
2017-06-01 03,77,67,99,30
2017-06-01 04,65,63,68,30
2017-06-01 05,62,59,64,30
2017-06-01 06,58,58,60,30
2017-06-01 07,59,57,69,30
2017-06-01 08,57,57,60,30
2017-06-01 09,58,54,74,30
2017-06-01 10,59,54,77,30
2017-06-01 11,75,62,100,30
2017-06-01 12,84,66,109,30
2017-06-01 13,101,82,109,30
2017-06-01 14,81,72,105,30
2017-06-01 15,85,71,107,30
2017-06-01 16,72,60,100,30
2017-06-01 17,79,72,108,30
2017-06-01 18,85,77,102,30
2017-06-01 19,80,65,109,30
2017-06-01 20,83,67,105,30
2017-06-01 21,87,76,128,30
2017-06-01 22,79,65,100,30
2017-06-01 23,73,60,100,30
2017-06-02 00,85,71,102,30
2017-06-02 01,74,63,90,30
2017-06-02 02,83,71,110,30
2017-06-02 03,71,67,90,30
2017-06-02 04,63,60,68,30
2017-06-02 05,60,60,60,30
2017-06-02 06,58,56,61,28
2017-06-02 07,60,57,72,30
2017-06-02 08,61,56,63,30
2017-06-02 09,57,51,67,26
2017-06-02 10,61,50,87,30
2017-06-02 11,69,57,92,30
2017-06-02 12,76,57,107,30
2017-06-02 13,95,76,104,30
2017-06-02 14,78,61,103,30
2017-06-02 15,71,61,81,30
2017-06-02 16,71,59,97,30
2017-06-02 17,82,64,118,30
2017-06-02 18,82,71,98,30
2017-06-02 19,84,76,108,30
2017-06-02 20,74,60,106,30
2017-06-02 21,71,55,97,30
2017-06-02 22,92,83,103,19
2017-06-02 23,82,68,113,30
2017-06-03 00,83,77,93,30
2017-06-03 01,81,78,90,30
2017-06-03 02,89,80,98,30
2017-06-03 03,79,70,92,30
2017-06-03 04,66,65,70,30
2017-06-03 05,64,63,65,30
2017-06-03 06,62,59,64,30
2017-06-03 07,58,57,64,22
2017-06-03 08,58,54,69,30
2017-06-03 09,55,54,65,30
2017-06-03 10,68,54,94,30
2017-06-03 11,73,56,99,30
2017-06-03 12,76,57,105,30
2017-06-03 13,87,67,120,30
2017-06-03 14,82,72,96,30
2017-06-03 15,82,65,107,30
2017-06-03 16,71,57,97,30
2017-06-03 17,78,66,101,30
2017-06-03 18,73,65,79,30
2017-06-03 19,77,62,99,30
2017-06-03 20,68,56,94,30
2017-06-03 21,81,52,111,30
2017-06-03 22,106,83,127,30
2017-06-03 23,83,73,108,30
2017-06-04 00,88,71,108,30
2017-06-04 01,68,63,81,30
2017-06-04 02,77,68,89,30
2017-06-04 03,76,68,101,30
2017-06-04 04,62,58,71,30
2017-06-04 05,59,58,59,30
2017-06-04 06,61,59,64,30
2017-06-04 07,59,59,60,30
2017-06-04 08,58,57,64,27
2017-06-04 09,56,53,66,30
2017-06-04 10,63,53,95,30
2017-06-04 11,74,61,97,30
2017-06-04 12,82,65,107,30
2017-06-04 13,96,79,106,30
2017-06-04 14,80,69,99,30
2017-06-04 15,75,58,103,30
2017-06-04 16,75,58,107,30
2017-06-04 17,71,59,77,30
2017-06-04 18,70,56,103,30
2017-06-04 19,69,56,94,30
2017-06-04 20,73,57,93,30
2017-06-04 21,71,59,84,30
2017-06-04 22,75,58,93,30
2017-06-04 23,68,54,93,30
2017-06-05 00,71,57,93,30
2017-06-05 01,66,63,79,30
2017-06-05 02,70,65,86,30
2017-06-05 03,59,53,76,30
2017-06-05 04,55,53,75,30
2017-06-05 05,50,49,55,30
2017-06-05 06,51,50,58,30
2017-06-05 07,51,50,62,30
2017-06-05 08,50,46,55,30
2017-06-05 09,46,45,52,30
2017-06-05 10,56,46,89,30
2017-06-05 11,68,53,94,30
2017-06-05 12,83,62,106,30
2017-06-05 13,96,78,104,30
2017-06-05 14,76,60,99,30
2017-06-05 15,74,60,96,30
2017-06-05 16,70,53,100,30
2017-06-05 17,85,70,102,30
2017-06-05 18,80,64,100,30
2017-06-05 19,77,55,99,30
2017-06-05 20,76,63,92,30
2017-06-05 21,73,59,102,30
2017-06-05 22,70,52,99,30
2017-06-05 23,66,54,95,30
2017-06-06 00,76,53,95,20
2017-06-06 01,72,64,96,30
2017-06-06 02,90,66,116,30
2017-06-06 03,62,52,73,30
2017-06-06 04,55,52,75,30
2017-06-06 05,53,53,54,30
2017-06-06 06,53,53,54,30
2017-06-06 07,51,49,53,30
2017-06-06 08,51,49,58,30
2017-06-06 09,52,52,58,30
2017-06-06 10,64,51,97,30
2017-06-06 11,71,61,96,30
2017-06-06 12,79,58,98,30
2017-06-06 13,93,76,106,30
2017-06-06 14,80,67,92,30
2017-06-06 15,79,60,110,30
2017-06-06 16,77,64,105,30
2017-06-06 17,81,70,96,30
2017-06-06 18,82,70,100,30
2017-06-06 19,75,60,102,30
2017-06-06 20,79,65,105,30
2017-06-06 21,76,64,96,30
2017-06-06 22,75,62,97,30
2017-06-06 23,72,59,99,30
2017-06-07 00,68,57,99,30
2017-06-07 01,63,58,78,30
2017-06-07 02,71,58,97,30
2017-06-07 03,64,59,78,30
2017-06-07 04,56,54,66,30
2017-06-07 05,54,54,66,30
2017-06-07 06,55,54,61,30
2017-06-07 07,53,50,60,30
2017-06-07 08,52,50,59,23
2017-06-07 09,53,47,66,30
2017-06-07 10,49,46,58,30
2017-06-07 11,52,51,62,30
2017-06-07 12,54,51,66,30
2017-06-07 13,52,51,52,30
2017-06-07 14,58,51,70,30
2017-06-07 15,65,51,102,24
2017-06-07 18,68,64,74,6
2017-06-07 19,78,72,96,30
2017-06-07 20,72,71,79,30
2017-06-07 21,72,69,89,30
2017-06-07 22,73,67,88,30
2017-06-07 23,70,63,87,30
2017-06-08 00,67,63,76,30
2017-06-08 01,72,61,91,30
2017-06-08 02,59,56,62,30
2017-06-08 03,56,55,58,30
2017-06-08 04,52,50,63,30
2017-06-08 05,49,48,58,30
2017-06-08 06,54,50,65,30
2017-06-08 07,55,52,56,30
2017-06-08 08,52,51,53,30
2017-06-08 09,52,51,65,30
2017-06-08 10,62,52,100,30
2017-06-08 11,75,60,101,30
2017-06-08 12,79,64,103,30
2017-06-08 13,90,66,107,30
2017-06-08 14,82,70,100,30
2017-06-08 15,90,72,120,30
2017-06-08 16,77,61,102,30
2017-06-08 17,85,70,98,30
2017-06-08 18,80,70,119,30
2017-06-08 19,78,60,100,30
2017-06-08 20,83,64,110,30
2017-06-08 21,79,68,115,30
2017-06-08 22,81,65,101,30
2017-06-08 23,71,58,98,30
2017-06-09 00,82,62,102,30
2017-06-09 01,68,60,93,30
2017-06-09 02,73,66,87,30
2017-06-09 03,67,63,85,30
2017-06-09 04,58,57,59,30
2017-06-09 05,59,57,67,30
2017-06-09 06,58,56,67,30
2017-06-09 07,56,56,57,30
2017-06-09 08,55,52,67,30
2017-06-09 09,53,52,62,30
2017-06-09 10,64,52,104,30
2017-06-09 11,79,65,104,30
2017-06-09 12,80,65,104,30
2017-06-09 13,88,66,113,30
2017-06-09 14,85,76,100,30
2017-06-09 15,82,68,105,30
2017-06-09 16,76,63,96,30
2017-06-09 17,103,68,130,30
2017-06-09 18,99,84,132,30
2017-06-09 19,88,70,110,30
2017-06-09 20,76,61,102,30
2017-06-09 21,80,65,102,30
2017-06-09 22,81,68,104,30
2017-06-09 23,82,67,99,30
2017-06-10 00,89,68,98,30
2017-06-10 01,70,58,96,30
2017-06-10 02,76,61,89,30
2017-06-10 03,84,75,113,30
2017-06-10 04,86,74,118,30
2017-06-10 05,106,93,120,30
2017-06-10 06,104,88,122,30
2017-06-10 07,101,86,119,30
2017-06-10 08,103,85,153,30
2017-06-10 09,85,80,93,30
2017-06-10 10,80,79,81,30
2017-06-10 11,80,80,91,30
2017-06-10 12,89,77,129,30
2017-06-10 13,83,78,103,30
2017-06-10 14,100,79,114,30
2017-06-10 15,89,75,108,30
2017-06-10 16,94,85,108,30
2017-06-10 17,88,70,113,30
2017-06-10 18,90,73,116,30
2017-06-10 19,83,73,103,30
2017-06-10 20,82,68,105,30
2017-06-10 21,86,65,106,30
2017-06-10 22,86,75,108,30
2017-06-10 23,98,85,117,30
2017-06-11 00,101,78,116,30
2017-06-11 01,103,85,119,30
2017-06-11 02,78,71,95,30
2017-06-11 03,72,71,81,30
2017-06-11 04,72,69,91,30
2017-06-11 05,69,68,69,30
2017-06-11 06,65,63,69,30
2017-06-11 07,62,60,64,30
2017-06-11 08,63,60,72,30
2017-06-11 09,62,58,76,30
2017-06-11 10,59,58,70,30
2017-06-11 11,58,56,64,30
2017-06-11 12,59,56,69,30
2017-06-11 13,58,57,68,30
2017-06-11 14,92,57,134,30
2017-06-11 15,92,78,112,30
2017-06-11 16,94,81,110,30
2017-06-11 17,80,62,105,30
2017-06-11 18,77,67,94,30
2017-06-11 19,87,74,114,29
2017-06-11 20,91,76,121,29
2017-06-11 21,97,84,119,30
2017-06-11 22,93,78,116,30
2017-06-11 23,94,80,120,30
2017-06-12 00,99,83,123,30
2017-06-12 01,97,90,111,30
2017-06-12 02,95,88,108,30
2017-06-12 03,83,80,89,30
2017-06-12 04,80,80,81,30
2017-06-12 05,80,76,98,30
2017-06-12 06,78,76,78,30
2017-06-12 07,78,76,93,30
2017-06-12 08,73,70,83,30
2017-06-12 09,69,65,82,30
2017-06-12 10,68,63,85,30
2017-06-12 11,65,61,74,30
2017-06-12 12,65,58,75,30
2017-06-12 13,62,58,89,30
2017-06-12 14,62,58,67,30
2017-06-12 15,65,63,71,30
2017-06-12 16,69,63,81,30
2017-06-12 17,77,63,103,30
2017-06-12 18,81,70,103,30
2017-06-12 19,79,73,95,30
2017-06-12 20,77,72,89,30
2017-06-12 21,76,67,108,30
2017-06-12 22,88,72,123,30
2017-06-12 23,83,72,114,30
2017-06-13 00,75,72,84,30
2017-06-13 01,76,70,91,30
2017-06-13 02,75,69,88,30
2017-06-13 03,67,63,80,30
2017-06-13 04,63,59,74,30
2017-06-13 05,60,59,60,30
2017-06-13 06,57,55,60,30
2017-06-13 07,55,55,65,30
2017-06-13 08,55,54,65,30
2017-06-13 09,54,53,55,30
2017-06-13 10,64,54,97,30
2017-06-13 11,71,57,92,30
2017-06-13 12,75,59,97,30
2017-06-13 13,92,75,119,30
2017-06-13 14,90,69,108,30
2017-06-13 15,106,90,123,30
2017-06-13 16,92,73,113,30
2017-06-13 17,95,87,107,30
2017-06-13 18,84,70,100,30
2017-06-13 19,83,67,105,30
2017-06-13 20,87,68,109,30
2017-06-13 21,95,81,141,30
2017-06-13 22,90,73,111,30
2017-06-13 23,82,67,106,30
2017-06-14 00,81,64,106,30
2017-06-14 01,71,62,97,30
2017-06-14 02,76,68,104,30
2017-06-14 03,77,71,91,30
2017-06-14 04,71,71,78,30
2017-06-14 05,68,62,76,30
2017-06-14 06,64,61,71,30
2017-06-14 07,60,57,61,30
2017-06-14 08,57,54,60,30
2017-06-14 09,56,55,67,30
2017-06-14 10,64,55,98,30
2017-06-14 11,80,70,100,30
2017-06-14 12,80,67,102,30
2017-06-14 13,81,65,103,30
2017-06-14 14,78,67,100,30
2017-06-14 15,88,74,107,30
2017-06-14 16,78,59,103,30
2017-06-14 17,80,67,99,30
2017-06-14 18,79,63,102,30
2017-06-14 19,77,65,104,30
2017-06-14 20,87,71,107,30
2017-06-14 21,88,72,109,30
2017-06-14 22,81,65,124,30
2017-06-14 23,79,62,103,30
2017-06-15 00,77,62,102,30
2017-06-15 01,74,70,83,30
2017-06-15 02,77,71,94,30
2017-06-15 03,69,65,89,30
2017-06-15 04,63,59,66,30
2017-06-15 05,63,59,71,30
2017-06-15 06,60,57,66,30
2017-06-15 07,55,55,56,30
2017-06-15 08,56,52,71,30
2017-06-15 09,53,52,54,30
2017-06-15 10,63,54,86,30
2017-06-15 11,76,61,101,30
2017-06-15 12,80,63,106,30
2017-06-15 13,91,76,118,30
2017-06-15 14,88,75,109,30
2017-06-15 15,84,68,109,30
2017-06-15 16,89,72,113,30
2017-06-15 17,88,74,110,30
2017-06-15 18,80,70,102,30
2017-06-15 19,89,76,112,30
2017-06-15 20,82,78,95,30
2017-06-15 21,79,73,95,30
2017-06-15 22,77,73,89,30
2017-06-15 23,78,72,96,30
2017-06-16 00,93,74,114,30
2017-06-16 01,83,69,105,30
2017-06-16 02,84,74,101,30
2017-06-16 03,83,76,90,30
2017-06-16 04,78,65,95,30
2017-06-16 05,70,63,88,30
2017-06-16 06,64,60,82,30
2017-06-16 07,60,58,68,30
2017-06-16 08,58,56,70,30
2017-06-16 09,59,56,61,30
2017-06-16 10,62,60,75,30
2017-06-16 11,79,60,92,30
2017-06-16 12,78,72,83,30
2017-06-16 13,88,81,98,30
2017-06-16 14,98,86,131,30
2017-06-16 15,95,82,109,30
2017-06-16 16,104,90,117,30
2017-06-16 17,105,93,126,30
2017-06-16 18,100,92,112,30
2017-06-16 19,94,89,104,30
2017-06-16 20,102,88,126,30
2017-06-16 21,106,92,126,30
2017-06-16 22,90,76,108,30
2017-06-16 23,90,77,99,30
2017-06-17 00,93,82,105,30
2017-06-17 01,96,84,114,30
2017-06-17 02,110,89,138,30
2017-06-17 03,96,85,114,30
2017-06-17 04,104,87,118,30
2017-06-17 05,120,98,158,30
2017-06-17 06,89,83,108,30
2017-06-17 07,84,83,84,30
2017-06-17 08,83,81,84,30
2017-06-17 09,79,75,80,30
2017-06-17 10,76,75,76,30
2017-06-17 11,73,71,85,30
2017-06-17 12,72,71,85,30
2017-06-17 13,88,74,95,30
2017-06-17 14,90,80,101,30
2017-06-17 15,94,81,113,30
2017-06-17 16,96,83,109,30
2017-06-17 17,108,96,126,30
2017-06-17 18,110,94,128,30
2017-06-17 19,103,86,125,30
2017-06-17 20,95,85,121,30
2017-06-17 21,91,82,109,30
2017-06-17 22,87,78,107,30
2017-06-17 23,83,72,105,30
2017-06-18 00,87,76,97,30
2017-06-18 01,86,76,96,30
2017-06-18 02,84,79,91,23
2017-06-18 03,94,80,128,22
2017-06-18 15,80,77,81,3
2017-06-18 16,85,80,105,30
2017-06-18 17,102,81,129,30
2017-06-18 18,123,112,139,30
2017-06-18 19,113,99,127,30
2017-06-18 20,98,84,113,30
2017-06-18 21,81,77,99,30
2017-06-18 22,77,73,95,30
2017-06-18 23,86,72,107,30
2017-06-19 00,93,89,110,30
2017-06-19 01,93,84,104,30
2017-06-19 02,83,71,108,30
2017-06-19 03,84,73,100,30
2017-06-19 04,76,68,118,30
2017-06-19 05,70,68,77,30
2017-06-19 06,70,69,79,30
2017-06-19 07,67,62,70,30
2017-06-19 08,60,59,66,30
2017-06-19 09,61,59,76,30
2017-06-19 10,61,60,71,30
2017-06-19 11,62,61,70,30
2017-06-19 12,62,59,75,30
2017-06-19 13,83,63,140,30
2017-06-19 14,89,76,104,30
2017-06-19 15,111,93,139,30
2017-06-19 16,121,108,142,16
2017-06-24 22,120,67,157,12
2017-06-24 23,130,106,141,15
2017-06-25 22,100,91,126,18
2017-06-25 23,88,81,106,30
2017-06-26 00,88,75,104,30
2017-06-26 01,99,84,150,30
2017-06-26 02,97,78,137,30
2017-06-26 03,88,79,114,30
2017-06-26 04,75,66,97,30
2017-06-26 05,75,62,128,30
2017-06-26 06,72,69,92,30
2017-06-26 07,64,63,70,30
2017-06-26 08,64,63,64,30
2017-06-26 09,65,63,73,30
2017-06-26 10,64,63,65,30
2017-06-26 11,62,59,75,30
2017-06-26 12,64,62,73,30
2017-06-26 13,84,62,132,30
2017-06-26 14,100,86,117,30
2017-06-26 15,115,99,134,30
2017-06-26 16,125,104,151,30
2017-06-26 17,101,84,113,30
2017-06-26 18,99,83,116,30
2017-06-26 19,99,79,130,30
2017-06-26 20,93,80,115,30
2017-06-26 21,88,77,107,30
2017-06-26 22,75,73,86,30
2017-06-26 23,85,73,94,30
2017-06-27 00,86,74,112,30
2017-06-27 01,87,72,99,30
2017-06-27 02,80,68,103,30
2017-06-27 03,78,69,129,30
2017-06-27 04,66,64,72,30
2017-06-27 05,62,57,65,30
2017-06-27 06,58,57,58,30
2017-06-27 07,58,57,59,30
2017-06-27 08,58,58,59,30
2017-06-27 09,56,52,66,30
2017-06-27 10,67,57,81,30
2017-06-27 11,64,60,74,30
2017-06-27 12,62,59,72,30
2017-06-27 13,79,64,137,30
2017-06-27 14,77,68,100,20
2017-06-28 15,103,81,121,30
2017-06-28 16,104,69,135,23
2017-06-28 17,97,82,114,30
2017-06-28 18,104,86,126,30
2017-06-28 19,95,80,108,30
2017-06-28 20,80,75,85,30
2017-06-28 21,86,80,106,30
2017-06-28 22,94,85,112,30
2017-06-28 23,94,87,113,30
2017-06-29 00,89,80,111,30
2017-06-29 01,87,76,94,30
2017-06-29 02,90,76,116,30
2017-06-29 03,82,67,103,30
2017-06-29 04,73,66,102,30
2017-06-29 05,63,60,74,30
2017-06-29 06,61,60,61,30
2017-06-29 07,58,57,61,30
2017-06-29 08,57,57,58,30
2017-06-29 09,58,57,66,30
2017-06-29 10,58,57,60,30
2017-06-29 11,62,58,80,30
2017-06-29 12,62,61,69,28
2017-06-29 13,74,61,136,30
2017-06-29 14,91,78,119,30
2017-06-29 15,95,78,114,30
2017-06-29 16,107,88,158,30
2017-06-29 17,99,86,119,30
2017-06-29 18,95,83,115,30
2017-06-29 19,79,75,98,30
2017-06-29 20,79,76,89,30
2017-06-29 21,86,76,112,30
2017-06-29 22,82,73,104,30
2017-06-29 23,99,82,155,30
2017-06-30 00,106,80,127,30
2017-06-30 01,85,78,99,30
2017-06-30 02,89,68,128,30
2017-06-30 03,82,66,99,30
2017-06-30 04,79,70,98,30
2017-06-30 05,86,79,105,30
2017-06-30 06,77,75,81,30
2017-06-30 07,76,75,76,30
2017-06-30 08,76,75,76,30
2017-06-30 09,76,76,77,30
2017-06-30 10,76,71,85,30
2017-06-30 11,68,65,79,27
2017-06-30 12,68,65,71,30
2017-06-30 13,67,64,86,30
2017-06-30 14,105,80,166,30
2017-06-30 15,103,79,114,30
2017-06-30 16,92,80,105,30
2017-06-30 17,88,81,108,30
2017-06-30 18,86,78,104,30
2017-06-30 19,93,77,110,30
2017-06-30 20,80,72,87,30
2017-06-30 21,95,74,122,30
2017-06-30 22,88,74,97,30
2017-06-30 23,91,79,108,30
2017-07-01 00,89,76,109,30
2017-07-01 01,92,75,143,30
2017-07-01 02,104,84,114,30
2017-07-01 03,106,91,117,30
2017-07-01 04,108,96,118,30
2017-07-01 05,106,92,133,30
2017-07-01 06,110,94,136,30
2017-07-01 07,92,85,101,30
2017-07-01 08,79,78,86,30
2017-07-01 09,74,71,78,30
2017-07-01 10,72,71,88,30
2017-07-01 11,79,72,97,30
2017-07-01 12,73,71,78,30
2017-07-01 13,76,71,78,30
2017-07-01 14,75,71,90,30
2017-07-01 15,96,77,119,30
2017-07-01 16,96,81,110,30
2017-07-01 17,102,85,129,30
2017-07-01 18,100,92,107,30
2017-07-01 19,104,92,128,30
2017-07-01 20,94,83,101,30
2017-07-01 21,105,86,135,30
2017-07-01 22,101,87,123,30
2017-07-01 23,95,83,146,30
2017-07-02 00,79,74,103,30
2017-07-02 01,101,86,116,30
2017-07-02 02,85,75,99,30
2017-07-02 03,71,62,89,30
2017-07-02 04,82,66,96,30
2017-07-02 05,66,62,68,30
2017-07-02 06,63,61,71,30
2017-07-02 07,62,61,62,30
2017-07-02 08,62,61,70,30
2017-07-02 09,61,60,74,30
2017-07-02 10,64,60,66,30
2017-07-02 11,63,59,69,30
2017-07-02 12,73,59,89,30
2017-07-02 13,81,66,102,30
2017-07-02 14,89,70,103,30
2017-07-02 15,80,65,105,30
2017-07-02 16,72,64,81,30
2017-07-02 17,82,68,105,30
2017-07-02 18,81,69,108,30
2017-07-02 19,89,77,130,30
2017-07-02 20,81,68,110,30
2017-07-02 21,90,75,106,30
2017-07-02 22,101,76,152,30
2017-07-02 23,100,86,117,30
2017-07-03 00,93,79,107,30
2017-07-03 01,98,87,114,30
2017-07-03 02,95,84,113,30
2017-07-03 03,91,72,109,30
2017-07-03 04,73,65,91,30
2017-07-03 05,59,58,65,30
2017-07-03 06,59,58,60,30
2017-07-03 07,60,59,70,30
2017-07-03 08,60,58,61,30
2017-07-03 09,62,60,71,30
2017-07-03 10,61,60,68,30
2017-07-03 11,69,60,94,30
2017-07-03 12,90,78,109,30
2017-07-03 13,93,78,108,30
2017-07-03 14,89,78,100,30
2017-07-03 15,90,79,110,30
2017-07-03 16,95,77,112,30
2017-07-03 17,91,78,107,30
2017-07-03 18,83,68,103,30
2017-07-03 19,92,83,115,30
2017-07-03 20,98,77,116,30
2017-07-03 21,106,84,140,30
2017-07-03 22,117,98,139,30
2017-07-03 23,107,92,135,30
2017-07-04 00,105,94,120,30
2017-07-04 01,102,97,117,30
2017-07-04 02,89,80,112,30
2017-07-04 03,89,77,142,30
2017-07-04 04,75,66,91,30
2017-07-04 05,66,66,68,30
2017-07-04 06,68,65,75,30
2017-07-04 07,61,58,72,19
2017-07-04 08,59,59,59,30
2017-07-04 09,60,58,73,30
2017-07-04 10,59,54,72,30
2017-07-04 11,64,52,85,30
2017-07-04 12,84,74,106,30
2017-07-04 13,90,78,106,30
2017-07-04 14,86,81,92,30
2017-07-04 15,87,69,103,30
2017-07-04 16,82,71,100,30
2017-07-04 17,81,63,100,30
2017-07-04 18,80,67,100,30
2017-07-04 19,84,80,87,30
2017-07-04 20,91,83,98,30
2017-07-04 21,99,85,116,30
2017-07-04 22,112,94,135,30
2017-07-04 23,118,111,138,30
2017-07-05 00,97,79,121,30
2017-07-05 01,84,74,100,30
2017-07-05 02,80,72,94,30
2017-07-05 03,78,72,102,30
2017-07-05 04,69,58,101,30
2017-07-05 05,56,55,58,30
2017-07-05 06,55,55,56,30
2017-07-05 07,56,51,67,30
2017-07-05 08,54,51,66,30
2017-07-05 09,57,54,65,30
2017-07-05 10,57,54,66,30
2017-07-05 11,57,52,72,30
2017-07-05 12,76,66,99,30
2017-07-05 13,76,63,97,30
2017-07-05 14,79,65,101,30
2017-07-05 15,90,70,107,30
2017-07-05 16,85,78,96,30
2017-07-05 17,86,75,109,30
2017-07-05 18,81,68,104,30
2017-07-05 19,92,85,106,30
2017-07-05 20,91,80,109,30
2017-07-05 21,87,74,146,30
2017-07-05 22,152,113,165,28
2017-07-06 00,82,74,94,26
2017-07-06 01,81,75,106,30
2017-07-06 02,77,73,90,30
2017-07-06 03,68,64,81,30
2017-07-06 04,68,66,77,30
2017-07-06 05,63,59,75,30
2017-07-06 06,59,57,71,30
2017-07-06 07,58,54,67,30
2017-07-06 08,58,55,70,30
2017-07-06 09,55,52,71,28
2017-07-06 10,59,49,81,30
2017-07-06 11,91,70,128,18
2017-07-06 12,112,92,134,30
2017-07-06 13,100,89,122,30
2017-07-06 14,95,82,112,30
2017-07-06 15,85,71,108,30
2017-07-06 16,85,79,100,30
2017-07-06 17,83,75,105,30
2017-07-06 18,84,74,112,30
2017-07-06 19,97,87,115,30
2017-07-06 20,88,72,117,30
2017-07-06 21,88,75,111,30
2017-07-06 22,80,72,86,30
2017-07-06 23,102,93,111,30
2017-07-07 00,92,80,103,30
2017-07-07 01,86,77,95,30
2017-07-07 02,93,82,109,30
2017-07-07 03,85,73,106,30
2017-07-07 04,81,71,92,30
2017-07-07 05,75,67,86,30
2017-07-07 06,69,67,85,30
2017-07-07 07,67,63,85,30
2017-07-07 08,63,63,64,30
2017-07-07 09,64,62,75,30
2017-07-07 10,65,64,73,30
2017-07-07 11,72,59,139,30
2017-07-07 12,69,65,81,30
2017-07-07 13,70,64,85,30
2017-07-07 14,86,75,104,30
2017-07-07 15,84,75,103,30
2017-07-07 16,82,76,93,30
2017-07-07 17,83,75,95,30
2017-07-07 18,91,80,112,30
2017-07-07 19,95,85,108,30
2017-07-07 20,90,85,118,30
2017-07-07 21,88,80,103,30
2017-07-07 22,87,76,106,30
2017-07-07 23,86,80,103,30
2017-07-08 00,94,80,115,30
2017-07-08 01,91,86,95,30
2017-07-08 02,91,79,114,30
2017-07-08 03,113,102,144,30
2017-07-08 04,93,78,110,30
2017-07-08 05,79,76,97,30
2017-07-08 06,75,71,79,30
2017-07-08 07,67,66,71,30
2017-07-08 08,69,66,81,30
2017-07-08 09,69,68,79,30
2017-07-08 10,68,67,70,30
2017-07-08 11,64,62,73,30
2017-07-08 12,66,62,84,30
2017-07-08 13,80,67,92,30
2017-07-08 14,87,80,105,30
2017-07-08 15,91,80,110,30
2017-07-08 16,91,76,116,30
2017-07-08 17,83,68,101,30
2017-07-08 18,78,61,99,30
2017-07-08 19,91,80,108,30
2017-07-08 20,88,79,106,30
2017-07-08 21,90,74,105,30
2017-07-08 22,94,85,105,30
2017-07-08 23,90,79,108,30
2017-07-09 00,83,78,97,30
2017-07-09 01,86,75,109,30
2017-07-09 02,97,84,110,30
2017-07-09 03,88,71,104,30
2017-07-09 04,66,59,81,30
2017-07-09 05,59,59,62,30
2017-07-09 06,60,58,63,30
2017-07-09 07,60,59,60,30
2017-07-09 08,58,56,66,30
2017-07-09 09,58,56,62,30
2017-07-09 10,56,54,69,30
2017-07-09 11,61,55,79,30
2017-07-09 12,80,66,100,30
2017-07-09 13,81,73,101,30
2017-07-09 14,79,70,88,30
2017-07-09 15,79,64,98,30
2017-07-09 16,74,63,98,30
2017-07-09 17,78,63,94,30
2017-07-09 18,73,60,100,30
2017-07-09 19,81,64,97,30
2017-07-09 20,77,68,83,30
2017-07-09 21,86,70,100,30
2017-07-09 22,102,87,120,30
2017-07-09 23,97,87,118,30
2017-07-10 00,90,85,101,30
2017-07-10 01,87,76,108,30
2017-07-10 02,84,71,137,30
2017-07-10 03,87,71,115,30
2017-07-10 04,72,60,122,30
2017-07-10 05,60,60,60,30
2017-07-10 06,60,59,67,30
2017-07-10 07,62,58,65,30
2017-07-10 08,59,59,65,30
2017-07-10 09,57,55,68,30
2017-07-10 10,57,55,60,30
2017-07-10 11,64,59,87,30
2017-07-10 12,88,76,112,30
2017-07-10 13,86,71,107,24
2017-07-10 14,69,67,74,22
2017-07-10 15,81,65,105,30
2017-07-10 16,88,77,110,30
2017-07-10 17,85,79,93,30
2017-07-10 18,87,72,109,30
2017-07-10 19,85,73,100,30
2017-07-10 20,83,67,98,30
2017-07-10 21,90,70,108,30
2017-07-10 22,97,69,115,23
2017-07-10 23,92,76,109,30
2017-07-11 00,86,72,100,30
2017-07-11 01,84,73,96,30
2017-07-11 02,97,74,128,30
2017-07-11 03,79,66,104,30
2017-07-11 04,72,60,98,30
2017-07-11 05,59,59,60,30
2017-07-11 06,59,57,60,30
2017-07-11 07,55,53,65,30
2017-07-11 08,54,52,62,30
2017-07-11 09,58,56,68,30
2017-07-11 10,57,51,63,30
2017-07-11 11,59,51,86,30
2017-07-11 12,81,71,101,30
2017-07-11 13,83,67,100,30
2017-07-11 14,74,64,92,30
2017-07-11 15,74,59,93,30
2017-07-11 16,80,72,96,30
2017-07-11 17,79,73,102,30
2017-07-11 18,79,64,104,30
2017-07-11 19,83,72,101,30
2017-07-11 20,84,79,94,30
2017-07-11 21,90,71,106,30
2017-07-11 22,113,100,128,30
2017-07-11 23,109,92,131,30
2017-07-12 00,83,69,105,30
2017-07-12 01,80,67,91,30
2017-07-12 02,86,79,94,30
2017-07-12 03,86,75,100,30
2017-07-12 04,74,67,90,30
2017-07-12 05,68,66,79,30
2017-07-12 06,67,67,68,30
2017-07-12 07,65,63,67,30
2017-07-12 08,63,60,79,29
2017-07-12 09,55,54,65,30
2017-07-12 10,55,53,65,30
2017-07-12 11,58,53,84,30
2017-07-12 12,86,73,103,30
2017-07-12 13,84,75,100,30
2017-07-12 14,78,67,100,30
2017-07-12 15,81,62,107,30
2017-07-12 16,86,76,105,30
2017-07-12 17,84,69,114,30
2017-07-12 18,75,61,96,30
2017-07-12 19,82,65,106,30
2017-07-12 20,85,75,94,30
2017-07-12 21,90,73,147,30
2017-07-12 22,153,133,163,30
2017-07-12 23,90,78,115,30
2017-07-13 00,88,73,111,30
2017-07-13 01,89,78,106,30
2017-07-13 02,85,75,124,30
2017-07-13 03,89,73,106,27
2017-07-13 10,86,76,91,8
2017-07-13 11,103,87,112,19
2017-07-13 12,96,73,120,30
2017-07-13 13,91,75,108,30
2017-07-13 14,77,64,94,30
2017-07-13 15,79,62,99,30
2017-07-13 16,80,65,90,30
2017-07-13 17,78,63,101,30
2017-07-13 18,70,58,95,30
2017-07-13 19,84,65,104,30
2017-07-13 20,80,69,99,30
2017-07-13 21,80,70,102,30
2017-07-13 22,85,69,104,30
2017-07-13 23,75,66,82,30
2017-07-14 00,75,65,83,30
2017-07-14 01,77,66,93,30
2017-07-14 02,77,62,97,30
2017-07-14 03,71,59,94,30
2017-07-14 04,90,77,101,30
2017-07-14 05,96,84,104,30
2017-07-14 06,100,87,130,30
2017-07-14 07,91,75,127,30
2017-07-14 08,72,72,75,30
2017-07-14 09,72,71,72,30
2017-07-14 10,78,73,97,30
2017-07-14 11,75,70,83,30
2017-07-14 12,73,68,77,30
2017-07-14 13,72,67,91,30
2017-07-14 14,92,86,106,30
2017-07-14 15,94,87,130,30
2017-07-14 16,95,88,121,30
2017-07-14 17,102,86,144,30
2017-07-14 18,96,83,115,30
2017-07-14 19,106,92,152,30
2017-07-14 20,100,86,120,30
2017-07-14 21,100,89,115,30
2017-07-14 22,101,81,145,30
2017-07-14 23,92,81,108,30
2017-07-15 00,105,91,133,30
2017-07-15 01,108,94,156,30
2017-07-15 02,90,73,113,30
2017-07-15 03,78,69,89,30
2017-07-15 04,83,77,97,30
2017-07-15 05,79,71,102,30
2017-07-15 06,69,67,79,30
2017-07-15 07,67,65,71,30
2017-07-15 08,61,55,70,30
2017-07-15 09,58,55,72,30
2017-07-15 10,62,61,72,30
2017-07-15 11,62,58,73,30
2017-07-15 12,59,57,69,30
2017-07-15 13,71,60,81,30
2017-07-15 14,76,60,101,30
2017-07-15 15,85,75,108,30
2017-07-15 16,93,74,108,30
2017-07-15 17,94,78,140,30
2017-07-15 18,93,78,124,30
2017-07-15 19,95,78,127,30
2017-07-15 20,100,86,126,30
2017-07-15 21,84,75,117,30
2017-07-15 22,81,71,100,30
2017-07-15 23,82,68,97,30
2017-07-16 00,80,70,99,30
2017-07-16 01,83,73,100,30
2017-07-16 02,79,72,89,30
2017-07-16 03,89,72,106,30
2017-07-16 04,86,71,104,30
2017-07-16 05,92,71,142,30
2017-07-16 06,68,63,80,30
2017-07-16 07,60,59,65,30
2017-07-16 08,59,59,59,30
2017-07-16 09,58,57,62,30
2017-07-16 10,61,57,70,30
2017-07-16 11,61,58,78,30
2017-07-16 12,79,66,103,30
2017-07-16 13,89,75,107,30
2017-07-16 14,73,61,100,30
2017-07-16 15,77,62,101,30
2017-07-16 16,78,65,104,30
2017-07-16 17,70,59,88,30
2017-07-16 18,78,62,117,30
2017-07-16 19,82,71,102,30
2017-07-16 20,79,68,101,30
2017-07-16 21,89,75,109,30
2017-07-16 22,108,101,124,30
2017-07-16 23,102,86,122,30
2017-07-17 00,90,74,114,30
2017-07-17 01,82,77,87,30
2017-07-17 02,73,66,87,30
2017-07-17 03,75,65,90,30
2017-07-17 04,63,61,72,30
2017-07-17 05,62,60,64,30
2017-07-17 06,62,59,69,30
2017-07-17 07,62,56,64,30
2017-07-17 08,55,53,62,30
2017-07-17 09,54,53,63,30
2017-07-17 10,59,53,66,30
2017-07-17 11,57,52,79,30
2017-07-17 12,79,61,102,30
2017-07-17 13,77,67,93,30
2017-07-17 14,73,66,82,30
2017-07-17 15,81,66,107,30
2017-07-17 16,82,69,108,30
2017-07-17 17,75,67,89,30
2017-07-17 18,81,68,108,30
2017-07-17 19,75,66,85,30
2017-07-17 20,85,72,101,30
2017-07-17 21,99,80,142,30
2017-07-17 22,113,88,145,30
2017-07-17 23,105,89,135,21
2017-07-18 04,68,63,78,8
2017-07-18 05,67,59,109,30
2017-07-18 06,60,59,69,30
2017-07-18 07,60,57,74,30
2017-07-18 08,58,55,66,30
2017-07-18 09,55,55,55,30
2017-07-18 10,62,55,70,27
2017-07-18 11,62,56,93,30
2017-07-18 12,84,71,102,30
2017-07-18 13,89,76,106,30
2017-07-18 14,83,71,108,30
2017-07-18 15,84,69,102,30
2017-07-18 17,85,80,88,29
2017-07-18 18,86,71,104,30
2017-07-18 19,95,91,97,30
2017-07-18 20,90,70,109,30
2017-07-18 21,91,78,106,30
2017-07-18 22,113,96,133,30
2017-07-18 23,106,79,132,30
2017-07-19 00,81,71,105,30
2017-07-19 01,86,81,93,30
2017-07-19 02,80,65,106,30
2017-07-19 03,83,65,130,30
2017-07-19 04,70,61,85,30
2017-07-19 05,61,60,62,30
2017-07-19 06,62,60,64,30
2017-07-19 07,63,59,78,30
2017-07-19 08,58,54,66,30
2017-07-19 09,61,54,71,30
2017-07-19 10,59,57,71,30
2017-07-19 11,61,57,79,30
2017-07-19 12,80,70,100,30
2017-07-19 13,90,72,106,30
2017-07-19 14,84,67,105,30
2017-07-19 15,75,62,97,30
2017-07-19 16,80,65,109,30
2017-07-19 17,86,78,106,30
2017-07-19 18,85,67,107,30
2017-07-19 19,82,68,101,30
2017-07-19 20,81,74,98,30
2017-07-19 21,79,67,103,30
2017-07-19 22,121,68,167,30
2017-07-19 23,125,76,169,30
2017-07-20 00,81,74,97,30
2017-07-20 01,82,71,98,30
2017-07-20 02,91,80,108,30
2017-07-20 03,82,73,95,30
2017-07-20 04,78,67,101,30
2017-07-20 05,65,63,71,30
2017-07-20 06,62,60,77,30
2017-07-20 07,60,60,61,30
2017-07-20 08,60,59,69,30
2017-07-20 09,61,59,71,30
2017-07-20 10,66,59,93,30
2017-07-20 11,96,78,120,20
2017-07-20 12,98,79,118,30
2017-07-20 13,94,85,111,30
2017-07-20 14,86,73,104,30
2017-07-20 15,79,61,102,30
2017-07-20 16,87,66,107,30
2017-07-20 17,83,74,97,16
2017-07-20 18,82,69,113,30
2017-07-20 19,88,73,105,30
2017-07-20 20,84,69,103,30
2017-07-20 21,89,74,123,30
2017-07-20 22,84,72,111,30
2017-07-20 23,74,62,89,30
2017-07-21 00,74,64,86,30
2017-07-21 01,72,64,89,30
2017-07-21 02,76,67,90,30
2017-07-21 03,74,66,82,30
2017-07-21 04,73,57,91,30
2017-07-21 05,60,50,82,30
2017-07-21 06,54,53,64,30
2017-07-21 07,55,53,58,30
2017-07-21 08,61,58,68,30
2017-07-21 09,62,58,75,30
2017-07-21 10,64,56,71,30
2017-07-21 11,57,53,72,30
2017-07-21 12,58,53,73,30
2017-07-21 13,72,60,85,30
2017-07-21 14,79,60,108,30
2017-07-21 15,89,75,105,30
2017-07-21 16,97,81,114,30
2017-07-21 17,96,72,133,30
2017-07-21 18,85,71,105,30
2017-07-21 19,99,71,135,30
2017-07-21 20,108,94,150,30
2017-07-21 21,95,85,102,30
2017-07-21 22,97,82,123,30
2017-07-21 23,90,80,107,30
2017-07-22 00,84,70,100,30
2017-07-22 01,88,75,115,30
2017-07-22 02,89,74,111,30
2017-07-22 03,90,78,115,30
2017-07-22 04,91,80,110,30
2017-07-22 05,95,81,111,30
2017-07-22 06,105,98,133,30
2017-07-22 07,104,93,115,30
2017-07-22 08,91,90,100,30
2017-07-22 09,90,89,90,30
2017-07-22 10,89,89,90,30
2017-07-22 11,87,81,111,30
2017-07-22 12,77,75,82,30
2017-07-22 13,77,75,84,30
2017-07-22 14,76,75,81,30
2017-07-22 15,90,76,137,30
2017-07-22 16,102,90,120,30
2017-07-22 17,95,78,117,30
2017-07-22 18,84,74,98,30
2017-07-22 19,93,81,106,30
2017-07-22 20,95,84,114,30
2017-07-22 21,74,65,84,30
2017-07-22 22,83,77,101,30
2017-07-22 23,77,67,89,30
2017-07-23 00,86,72,105,30
2017-07-23 01,85,79,109,30
2017-07-23 02,80,65,93,30
2017-07-23 03,84,66,109,30
2017-07-23 04,77,61,94,30
2017-07-23 05,69,56,93,30
2017-07-23 06,56,56,58,30
2017-07-23 07,57,55,58,30
2017-07-23 08,56,54,59,30
2017-07-23 09,56,54,58,30
2017-07-23 10,55,54,63,30
2017-07-23 11,60,54,83,20
2017-07-23 12,82,71,104,30
2017-07-23 13,84,74,101,30
2017-07-23 14,85,71,97,30
2017-07-23 15,82,69,103,30
2017-07-23 16,87,79,101,30
2017-07-23 17,90,76,120,30
2017-07-23 18,80,67,101,30
2017-07-23 19,83,75,86,30
2017-07-23 20,88,82,105,30
2017-07-23 21,94,79,131,30
2017-07-23 22,99,85,121,30
2017-07-23 23,96,85,122,30
2017-07-24 00,85,78,97,30
2017-07-24 01,78,67,85,30
2017-07-24 02,74,64,96,30
2017-07-24 03,79,64,90,13
2017-07-24 12,71,56,89,30
2017-07-24 13,82,65,98,30
2017-07-24 14,79,69,98,30
2017-07-24 15,80,63,102,30
2017-07-24 16,76,65,81,30
2017-07-24 17,80,72,95,30
2017-07-24 18,79,60,101,30
2017-07-24 19,78,69,91,30
2017-07-24 20,77,70,94,30
2017-07-24 21,91,75,114,30
2017-07-24 22,109,97,127,30
2017-07-24 23,102,87,134,30
2017-07-25 00,85,72,96,30
2017-07-25 01,77,67,92,30
2017-07-25 02,81,66,118,21
2017-08-20 04,77,56,124,16
2017-08-20 05,71,69,78,30
2017-08-20 06,61,60,67,30
2017-08-20 07,57,56,60,30
2017-08-20 08,59,56,67,30
2017-08-20 09,60,57,72,19
2017-08-20 10,59,57,66,30
2017-08-20 11,66,58,84,30
2017-08-20 12,80,71,100,30
2017-08-20 13,81,70,101,30
2017-08-20 14,87,71,102,30
2017-08-20 15,83,67,103,30
2017-08-20 16,87,76,102,30
2017-08-20 17,81,70,95,30
2017-08-20 18,81,65,102,30
2017-08-20 19,81,71,98,30
2017-08-20 20,79,68,96,30
2017-08-20 21,78,67,95,30
2017-08-20 22,88,72,116,30
2017-08-20 23,101,75,127,30
2017-08-21 00,87,77,120,30
2017-08-21 01,81,67,91,30
2017-08-21 02,80,69,97,30
2017-08-21 03,79,68,132,30
2017-08-21 04,64,62,68,30
2017-08-21 05,61,57,69,30
2017-08-21 06,62,57,65,30
2017-08-21 07,56,52,61,30
2017-08-21 08,53,51,66,30
2017-08-21 09,54,52,61,30
2017-08-21 10,56,51,68,30
2017-08-21 11,56,50,74,27
2017-08-21 12,79,66,94,30
2017-08-21 13,75,66,91,30
2017-08-21 14,75,70,81,30
2017-08-21 15,70,60,88,30
2017-08-21 16,72,67,75,30
2017-08-21 17,73,66,85,30
2017-08-21 18,75,62,97,30
2017-08-21 19,79,66,85,30
2017-08-21 20,82,73,89,30
2017-08-21 21,87,73,106,30
2017-08-21 22,104,92,125,30
2017-08-21 23,101,88,123,30
2017-08-22 00,92,74,105,30
2017-08-22 01,79,62,115,30
2017-08-22 02,70,63,80,30
2017-08-22 03,73,58,98,30
2017-08-22 04,63,59,84,30
2017-08-22 05,58,56,66,30
2017-08-22 06,56,55,65,30
2017-08-22 07,56,56,56,30
2017-08-22 08,56,55,64,30
2017-08-22 09,56,55,65,30
2017-08-22 10,56,55,67,30
2017-08-22 11,58,55,76,30
2017-08-22 12,79,70,100,30
2017-08-22 13,81,71,95,30
2017-08-22 14,80,72,99,30
2017-08-22 15,77,63,105,30
2017-08-22 16,85,74,94,30
2017-08-22 17,82,69,110,30
2017-08-22 18,81,72,100,30
2017-08-22 19,88,77,97,30
2017-08-22 20,91,79,103,30
2017-08-22 21,88,76,116,30
2017-08-22 22,102,91,119,30
2017-08-22 23,102,88,118,30
2017-08-23 00,96,83,113,30
2017-08-23 01,90,81,105,30
2017-08-23 02,86,76,107,30
2017-08-23 03,82,77,106,30
2017-08-23 04,83,71,109,30
2017-08-23 05,71,66,81,30
2017-08-23 06,62,60,66,30
2017-08-23 07,58,57,66,30
2017-08-23 08,57,55,65,30
2017-08-23 09,55,55,60,30
2017-08-23 10,57,55,68,30
2017-08-23 11,64,59,114,30
2017-08-23 12,83,73,106,30
2017-08-23 13,86,75,100,30
2017-08-23 14,85,74,99,30
2017-08-23 15,80,68,104,30
2017-08-23 16,87,77,105,30
2017-08-23 17,85,77,95,30
2017-08-23 18,83,67,108,30
2017-08-23 19,88,74,109,30
2017-08-23 20,88,81,92,30
2017-08-23 21,100,87,121,30
2017-08-23 22,99,86,119,30
2017-08-23 23,97,88,121,30
2017-08-24 00,90,80,115,30
2017-08-24 01,89,78,108,30
2017-08-24 02,76,69,96,30
2017-08-24 03,76,68,97,30
2017-08-24 04,69,68,79,30
2017-08-24 05,66,63,75,30
2017-08-24 06,62,62,62,30
2017-08-24 07,62,62,62,30
2017-08-24 08,58,52,70,30
2017-08-24 09,59,52,68,30
2017-08-24 10,73,63,100,30
2017-08-24 11,116,80,150,30
2017-08-24 12,109,97,126,30
2017-08-24 13,103,93,112,30
2017-08-24 14,95,80,110,30
2017-08-24 15,94,79,112,30
2017-08-24 16,89,80,103,30
2017-08-24 17,84,78,88,30
2017-08-24 18,84,69,105,30
2017-08-24 19,91,85,95,30
2017-08-24 20,89,80,109,30
2017-08-24 21,88,80,110,30
2017-08-24 22,84,76,100,30
2017-08-24 23,76,68,88,30
2017-08-25 00,74,64,88,30
2017-08-25 01,78,68,84,30
2017-08-25 02,80,71,99,30
2017-08-25 03,73,67,81,30
2017-08-25 04,73,68,88,30
2017-08-25 05,76,63,93,30
2017-08-25 06,92,77,130,30
2017-08-25 07,97,79,138,30
2017-08-25 08,78,73,79,30
2017-08-25 09,74,73,74,30
2017-08-25 10,69,61,74,30
2017-08-25 11,63,61,80,30
2017-08-25 12,62,61,72,30
2017-08-25 13,72,62,87,30
2017-08-25 14,79,63,100,30
2017-08-25 15,88,72,111,30
2017-08-25 16,94,88,106,30
2017-08-25 17,101,89,126,30
2017-08-25 18,97,85,128,30
2017-08-25 19,105,90,129,30
2017-08-25 20,94,77,110,30
2017-08-25 21,101,76,128,30
2017-08-25 22,98,85,128,30
2017-08-25 23,85,68,110,30
2017-08-26 00,77,68,98,30
2017-08-26 01,84,74,96,30
2017-08-26 02,85,75,98,30
2017-08-26 03,85,77,95,30
2017-08-26 04,91,78,113,30
2017-08-26 05,90,77,115,30
2017-08-26 06,77,76,81,30
2017-08-26 07,76,76,77,30
2017-08-26 08,69,69,75,30
2017-08-26 09,68,63,79,30
2017-08-26 10,63,62,72,30
2017-08-26 11,60,56,67,30
2017-08-26 12,85,56,106,30
2017-08-26 13,84,68,98,30
2017-08-26 14,81,70,102,30
2017-08-26 15,75,63,110,30
2017-08-26 16,84,66,106,29
2017-08-26 17,98,78,120,30
2017-08-26 18,91,77,111,30
2017-08-26 19,85,77,115,30
2017-08-26 20,79,74,97,30
2017-08-26 21,75,66,86,30
2017-08-26 22,74,65,84,30
2017-08-26 23,70,62,81,30
2017-08-27 00,74,64,102,30
2017-08-27 01,87,74,111,30
2017-08-27 02,82,64,97,30
2017-08-27 03,71,62,89,29
2017-08-27 11,88,73,99,18
2017-08-27 12,91,74,112,30
2017-08-27 13,92,80,109,30
2017-08-27 14,87,72,105,30
2017-08-27 15,77,64,99,30
2017-08-27 16,76,65,83,30
2017-08-27 17,79,67,100,30
2017-08-27 18,78,64,103,30
2017-08-27 19,79,67,100,30
2017-08-27 20,84,70,102,30
2017-08-27 21,109,84,154,30
2017-08-27 22,110,97,137,30
2017-08-27 23,103,91,125,30
2017-08-28 00,87,80,98,30
2017-08-28 01,88,79,118,30
2017-08-28 02,80,71,100,30
2017-08-28 03,66,60,73,30
2017-08-28 04,66,66,67,30
2017-08-28 05,61,58,74,30
2017-08-28 06,62,62,73,30
2017-08-28 07,61,58,70,30
2017-08-28 08,59,58,67,30
2017-08-28 09,56,54,59,30
2017-08-28 10,54,53,60,26
2017-08-28 11,81,57,102,30
2017-08-28 12,84,73,104,30
2017-08-28 13,80,67,100,30
2017-08-28 14,81,67,101,30
2017-08-28 15,78,64,99,30
2017-08-28 16,76,59,103,30
2017-08-28 17,79,70,91,30
2017-08-28 18,83,65,105,30
2017-08-28 19,89,77,110,30
2017-08-28 20,87,73,111,30
2017-08-28 21,110,85,155,30
2017-08-28 22,107,86,157,30
2017-08-28 23,101,83,130,30
2017-08-29 00,98,81,119,30
2017-08-29 01,84,72,95,30
2017-08-29 02,84,74,99,30
2017-08-29 03,75,69,95,30
2017-08-29 04,78,69,89,30
2017-08-29 05,66,60,77,30
2017-08-29 06,62,59,64,30
2017-08-29 07,64,63,69,30
2017-08-29 08,62,60,75,30
2017-08-29 09,63,60,79,30
2017-08-29 10,63,62,70,30
2017-08-29 11,65,62,74,30
2017-08-29 12,60,57,76,30
2017-08-29 13,76,57,125,30
2017-08-29 14,82,67,97,30
2017-08-29 15,75,60,90,30
2017-08-29 16,73,57,94,30
2017-08-29 17,80,61,102,30
2017-08-29 18,85,74,109,30
2017-08-29 19,84,67,106,30
2017-08-29 20,88,72,110,30
2017-08-29 21,87,76,97,30
2017-08-29 22,87,77,101,30
2017-08-29 23,92,75,114,30
2017-08-30 00,95,81,111,30
2017-08-30 01,92,79,110,30
2017-08-30 02,95,76,116,30
2017-08-30 03,101,89,122,30
2017-08-30 04,86,84,100,30
2017-08-30 05,75,72,84,30
2017-08-30 06,69,69,70,30
2017-08-30 07,69,69,70,30
2017-08-30 08,68,63,79,30
2017-08-30 09,68,63,72,30
2017-08-30 10,65,62,82,30
2017-08-30 11,93,75,138,30
2017-08-30 12,85,78,98,30
2017-08-30 13,85,79,109,30
2017-08-30 14,93,78,119,30
2017-08-30 15,84,73,108,30
2017-08-30 16,98,78,126,30
2017-08-30 17,101,86,131,30
2017-08-30 18,88,74,116,30
2017-08-30 19,86,76,90,30
2017-08-30 20,90,78,103,30
2017-08-30 21,81,70,105,30
2017-08-30 22,82,70,108,30
2017-08-30 23,88,72,134,30
2017-08-31 00,93,77,121,30
2017-08-31 01,99,87,118,30
2017-08-31 02,94,84,110,30
2017-08-31 03,81,67,105,30
2017-08-31 04,67,63,75,30
2017-08-31 05,68,65,81,30
2017-08-31 06,63,60,72,30
2017-08-31 07,61,58,61,30
2017-08-31 08,59,57,68,30
2017-08-31 09,62,61,73,30
2017-08-31 10,60,56,72,30
2017-08-31 11,77,56,85,30
2017-08-31 12,83,74,95,30
2017-08-31 13,85,72,117,30
2017-08-31 14,94,82,119,30
2017-08-31 15,95,83,106,30
2017-08-31 16,87,74,111,30
2017-08-31 17,91,70,118,30
2017-08-31 18,101,89,122,30
2017-08-31 19,107,96,124,30
2017-08-31 20,86,71,109,30
2017-08-31 21,86,74,108,30
2017-08-31 22,102,82,114,30
2017-08-31 23,96,83,110,30
2017-09-01 00,86,76,110,30
2017-09-01 01,89,77,103,30
2017-09-01 02,96,79,123,30
2017-09-01 03,89,79,113,30
2017-09-01 04,96,87,122,30
2017-09-01 05,83,79,89,30
2017-09-01 06,79,73,80,30
2017-09-01 07,71,68,74,30
2017-09-01 08,69,68,69,30
2017-09-01 09,72,68,89,30
2017-09-01 10,70,69,78,30
2017-09-01 11,70,68,78,30
2017-09-01 12,83,67,102,30
2017-09-01 13,85,74,101,30
2017-09-01 14,94,80,114,30
2017-09-01 15,102,93,113,30
2017-09-01 16,99,88,124,30
2017-09-01 17,89,76,100,30
2017-09-01 18,102,87,125,30
2017-09-01 19,105,92,126,30
2017-09-01 20,91,75,111,30
2017-09-01 21,81,67,99,30
2017-09-01 22,82,70,111,30
2017-09-01 23,67,59,96,30
2017-09-02 00,83,66,121,30
2017-09-02 01,76,64,104,30
2017-09-02 02,86,77,105,30
2017-09-02 03,99,75,138,30
2017-09-02 04,72,70,74,30
2017-09-02 05,70,70,71,30
2017-09-02 06,71,71,72,30
2017-09-02 07,68,64,81,30
2017-09-02 08,65,64,72,30
2017-09-02 09,67,64,80,30
2017-09-02 10,65,63,71,30
2017-09-02 11,71,60,116,30
2017-09-02 12,88,69,137,30
2017-09-02 13,93,83,103,30
2017-09-02 14,99,88,115,30
2017-09-02 15,91,77,113,30
2017-09-02 16,79,70,92,30
2017-09-02 17,73,70,86,30
2017-09-02 18,74,68,87,30
2017-09-02 19,81,62,126,30
2017-09-02 20,88,65,109,30
2017-09-02 21,91,80,116,30
2017-09-02 22,91,73,107,30
2017-09-02 23,74,62,93,30
2017-09-03 00,90,62,105,30
2017-09-03 01,62,58,78,30
2017-09-03 02,71,62,92,30
2017-09-03 03,69,59,84,30
2017-09-03 04,64,61,67,30
2017-09-03 05,62,59,64,30
2017-09-03 06,60,60,61,30
2017-09-03 07,57,53,60,30
2017-09-03 08,55,53,62,30
2017-09-03 09,54,53,62,30
2017-09-03 10,53,53,61,30
2017-09-03 11,63,53,84,30
2017-09-03 12,81,67,106,30
2017-09-03 13,86,73,103,30
2017-09-03 14,75,68,81,30
2017-09-03 15,86,66,113,30
2017-09-03 16,83,65,124,30
2017-09-03 17,78,65,101,30
2017-09-03 18,76,63,96,30
2017-09-03 19,77,65,105,30
2017-09-03 20,79,65,103,30
2017-09-03 21,98,74,148,30
2017-09-03 22,100,86,124,30
2017-09-03 23,111,95,139,30
2017-09-04 00,103,98,114,30
2017-09-04 01,97,81,119,30
2017-09-04 02,76,71,98,30
2017-09-04 03,103,84,118,30
2017-09-04 04,75,68,94,30
2017-09-04 05,65,64,74,30
2017-09-04 06,61,58,64,30
2017-09-04 07,63,58,72,30
2017-09-04 08,59,57,63,30
2017-09-04 09,58,57,65,30
2017-09-04 10,59,57,70,30
2017-09-04 11,63,55,85,30
2017-09-04 12,84,70,122,30
2017-09-04 13,80,69,94,30
2017-09-04 14,88,78,106,30
2017-09-04 15,90,74,109,30
2017-09-04 16,80,70,103,30
2017-09-04 17,75,65,84,30
2017-09-04 18,84,68,101,30
2017-09-04 19,79,66,87,29
2017-09-04 20,76,65,90,30
2017-09-04 21,98,75,143,30
2017-09-04 22,98,82,129,30
2017-09-04 23,101,83,129,30
2017-09-05 00,92,81,112,30
2017-09-05 01,92,79,112,30
2017-09-05 02,82,73,98,30
2017-09-05 03,82,71,104,30
2017-09-05 04,69,66,83,30
2017-09-05 05,65,62,74,30
2017-09-05 06,67,66,80,30
2017-09-05 07,64,61,66,30
2017-09-05 08,63,61,69,29
2017-09-05 09,62,60,70,30
2017-09-05 10,61,58,68,30
2017-09-05 11,67,61,91,30
2017-09-05 12,84,73,105,30
2017-09-05 13,81,69,97,30
2017-09-05 14,87,73,105,30
2017-09-05 15,85,69,108,30
2017-09-05 16,77,67,88,30
2017-09-05 17,74,66,86,30
2017-09-05 18,83,68,105,30
2017-09-05 19,83,68,103,30
2017-09-05 20,84,70,109,30
2017-09-05 21,109,85,154,30
2017-09-05 22,101,91,115,30
2017-09-05 23,103,80,126,30
2017-09-06 00,98,93,125,30
2017-09-06 01,93,80,108,30
2017-09-06 02,86,79,103,30
2017-09-06 03,73,69,78,30
2017-09-06 04,69,68,84,30
2017-09-06 05,68,68,80,30
2017-09-06 06,64,62,77,30
2017-09-06 07,63,61,69,30
2017-09-06 08,62,61,62,30
2017-09-06 09,60,59,72,30
2017-09-06 10,60,58,72,30
2017-09-06 11,66,58,91,30
2017-09-06 12,85,74,107,30
2017-09-06 13,84,69,104,30
2017-09-06 14,74,65,85,30
2017-09-06 15,75,73,83,21
2017-09-07 11,79,77,81,2
2017-09-07 12,82,68,103,30
2017-09-07 13,86,67,107,30
2017-09-07 14,82,70,105,30
2017-09-07 15,74,62,96,30
2017-09-07 16,82,68,100,30
2017-09-07 17,70,60,95,30
2017-09-07 18,80,62,101,30
2017-09-07 19,72,65,85,30
2017-09-07 20,74,63,101,30
2017-09-07 21,78,66,104,30
2017-09-07 22,86,68,105,30
2017-09-07 23,78,69,82,30
2017-09-08 00,76,67,82,30
2017-09-08 01,77,68,97,30
2017-09-08 02,71,60,86,30
2017-09-08 03,75,65,103,30
2017-09-08 04,72,58,93,30
2017-09-08 05,76,64,97,30
2017-09-08 06,60,47,81,30
2017-09-08 07,50,47,56,30
2017-09-08 08,58,56,77,30
2017-09-08 09,53,52,62,30
2017-09-08 10,52,50,61,30
2017-09-08 11,54,52,62,30
2017-09-08 12,60,49,89,30
2017-09-08 13,75,62,96,30
2017-09-08 14,92,72,123,30
2017-09-08 15,106,88,126,30
2017-09-08 16,105,85,122,30
2017-09-08 17,89,75,121,30
2017-09-08 18,109,95,127,30
2017-09-08 19,116,104,128,30
2017-09-08 20,93,82,102,30
2017-09-08 21,106,90,140,30
2017-09-08 22,109,98,129,30
2017-09-08 23,96,81,122,30
2017-09-09 00,95,81,131,30
2017-09-09 01,88,78,107,30
2017-09-09 02,80,69,94,30
2017-09-09 03,97,84,123,30
2017-09-09 04,104,83,124,30
2017-09-09 05,82,76,121,30
2017-09-09 06,78,78,79,30
2017-09-09 07,78,78,79,30
2017-09-09 08,79,78,89,30
2017-09-09 09,76,74,78,30
2017-09-09 10,75,74,82,30
2017-09-09 11,74,70,87,30
2017-09-09 12,72,70,81,30
2017-09-09 13,70,67,78,30
2017-09-09 14,84,67,116,30
2017-09-09 15,92,82,113,30
2017-09-09 16,106,90,126,30
2017-09-09 17,118,105,133,30
2017-09-09 18,107,96,121,30
2017-09-09 19,97,85,127,30
2017-09-09 20,93,80,117,30
2017-09-09 21,92,80,105,30
2017-09-09 22,80,69,88,30
2017-09-09 23,75,63,91,30
2017-09-10 00,68,60,78,30
2017-09-10 01,77,62,105,30
2017-09-10 02,87,71,105,30
2017-09-10 03,86,73,100,30
2017-09-10 04,95,83,143,30
2017-09-10 05,70,64,89,30
2017-09-10 06,59,57,64,30
2017-09-10 07,58,57,68,30
2017-09-10 08,57,53,64,30
2017-09-10 09,54,53,62,30
2017-09-10 10,58,53,69,30
2017-09-10 11,60,54,98,30
2017-09-10 12,81,71,101,30
2017-09-10 13,78,66,105,30
2017-09-10 14,70,50,95,30
2017-09-10 15,73,57,97,30
2017-09-10 16,76,62,100,30
2017-09-10 17,65,53,96,30
2017-09-10 18,69,56,88,30
2017-09-10 19,72,63,95,30
2017-09-10 20,73,59,110,30
2017-09-10 21,98,75,143,30
2017-09-10 22,96,84,114,30
2017-09-10 23,100,88,117,30
2017-09-11 00,92,80,110,30
2017-09-11 01,80,70,91,30
2017-09-11 02,78,66,106,30
2017-09-11 03,83,68,100,30
2017-09-11 04,54,49,75,30
2017-09-11 05,54,53,59,30
2017-09-11 06,55,54,72,30
2017-09-11 07,54,54,60,30
2017-09-11 08,54,52,65,30
2017-09-11 09,53,51,59,30
2017-09-11 10,54,51,61,30
2017-09-11 11,58,53,74,30
2017-09-11 12,78,65,99,30
2017-09-11 13,80,65,101,30
2017-09-11 14,78,65,104,30
2017-09-11 15,74,60,99,30
2017-09-11 16,70,60,95,30
2017-09-11 17,70,61,96,30
2017-09-11 18,73,53,101,30
2017-09-11 19,85,65,127,30
2017-09-11 20,66,59,94,30
2017-09-11 21,87,70,108,30
2017-09-11 22,103,87,116,30
2017-09-11 23,94,76,118,30
2017-09-12 00,85,73,109,30
2017-09-12 01,82,69,92,30
2017-09-12 02,73,63,93,30
2017-09-12 03,69,63,90,30
2017-09-12 04,68,59,118,30
2017-09-12 05,59,59,59,30
2017-09-12 06,59,56,79,30
2017-09-12 07,57,54,66,30
2017-09-12 08,56,52,72,30
2017-09-12 09,56,54,58,30
2017-09-12 10,58,55,69,30
2017-09-12 11,64,54,125,30
2017-09-12 12,86,71,109,30
2017-09-12 13,88,75,104,30
2017-09-12 14,86,70,101,30
2017-09-12 15,91,78,109,30
2017-09-12 16,80,69,107,30
2017-09-12 17,79,68,90,30
2017-09-12 18,85,70,101,30
2017-09-12 19,80,68,103,30
2017-09-12 20,84,71,109,30
2017-09-12 21,91,81,108,30
2017-09-12 22,98,85,114,30
2017-09-12 23,86,71,106,30
2017-09-13 00,80,75,90,30
2017-09-13 01,80,67,94,30
2017-09-13 02,84,66,107,30
2017-09-13 03,89,74,106,30
2017-09-13 04,69,64,84,30
2017-09-13 05,60,58,64,30
2017-09-13 06,57,55,61,30
2017-09-13 07,61,58,75,30
2017-09-13 08,59,53,70,30
2017-09-13 09,53,50,61,30
2017-09-13 10,61,50,74,30
2017-09-13 11,58,50,75,30
2017-09-13 12,79,61,106,30
2017-09-13 13,79,69,98,30
2017-09-13 14,78,61,92,30
2017-09-13 15,83,64,96,30
2017-09-13 16,80,72,94,30
2017-09-13 17,81,75,92,30
2017-09-13 18,75,60,99,30
2017-09-13 19,75,61,95,30
2017-09-13 20,76,63,108,30
2017-09-13 21,90,74,129,30
2017-09-13 22,85,77,97,30
2017-09-13 23,74,58,89,30
2017-09-14 00,74,60,100,30
2017-09-14 01,73,68,88,30
2017-09-14 02,69,62,86,30
2017-09-14 03,66,55,87,30
2017-09-14 04,55,53,67,30
2017-09-14 05,54,54,60,30
2017-09-14 06,54,48,68,30
2017-09-14 07,56,52,59,29
2017-09-14 08,58,55,73,14
2017-09-14 09,57,54,73,30
2017-09-14 10,57,54,68,30
2017-09-14 11,58,54,79,30
2017-09-14 12,78,66,98,30
2017-09-14 13,80,67,100,30
2017-09-14 14,78,66,96,30
2017-09-14 15,74,58,105,30
2017-09-14 16,77,61,103,30
2017-09-14 17,74,62,86,30
2017-09-14 18,77,64,99,30
2017-09-14 19,75,66,94,30
2017-09-14 20,82,68,107,30
2017-09-14 21,92,79,111,30
2017-09-14 22,104,74,118,19
2017-09-14 23,99,85,112,30
2017-09-15 00,86,71,106,30
2017-09-15 01,76,65,100,30
2017-09-15 02,76,64,93,30
2017-09-15 03,77,63,99,30
2017-09-15 04,69,55,100,30
2017-09-15 05,65,56,87,30
2017-09-15 06,61,60,70,30
2017-09-15 07,61,60,67,30
2017-09-15 08,61,60,70,30
2017-09-15 09,61,54,67,29
2017-09-15 10,55,53,69,30
2017-09-15 11,53,53,60,30
2017-09-15 12,54,53,61,30
2017-09-15 13,75,53,138,30
2017-09-15 14,139,88,160,30
2017-09-16 16,87,74,100,19
2017-09-16 17,81,69,108,30
2017-09-16 18,99,82,119,30
2017-09-16 19,104,87,126,30
2017-09-16 20,100,80,132,30
2017-09-16 21,89,79,125,30
2017-09-16 22,82,78,93,30
2017-09-16 23,92,79,115,30
2017-09-17 00,89,77,114,30
2017-09-17 01,84,75,101,30
2017-09-17 02,84,74,101,30
2017-09-17 03,83,65,102,30
2017-09-17 04,62,57,74,30
2017-09-17 05,58,57,63,30
2017-09-17 06,60,58,67,30
2017-09-17 07,63,63,67,21
2017-09-17 08,62,61,71,30
2017-09-17 09,62,58,70,30
2017-09-17 10,59,57,68,30
2017-09-17 11,66,58,84,23
2017-09-17 12,81,68,97,30
2017-09-17 13,79,66,101,30
2017-09-17 14,76,64,93,30
2017-09-17 15,79,65,99,30
2017-09-17 16,81,65,102,30
2017-09-17 17,82,69,90,30
2017-09-17 18,77,64,95,30
2017-09-17 19,81,68,92,30
2017-09-17 20,82,69,101,30
2017-09-17 21,86,75,102,30
2017-09-17 22,89,70,115,30
2017-09-17 23,88,78,100,30
2017-09-18 00,80,66,97,30
2017-09-18 01,75,66,86,30
2017-09-18 02,66,65,70,30
2017-09-18 03,66,65,66,30
2017-09-18 04,63,59,66,30
2017-09-18 05,59,56,77,30
2017-09-18 06,56,56,57,30
2017-09-18 07,53,53,57,30
2017-09-18 08,53,52,63,30
2017-09-18 09,53,52,54,30
2017-09-18 10,59,53,61,30
2017-09-18 11,63,57,77,30
2017-09-18 12,76,63,97,30
2017-09-18 13,77,65,102,30
2017-09-18 14,78,67,89,30
2017-09-18 15,76,64,99,30
2017-09-18 16,74,60,88,30
2017-09-18 17,70,59,82,30
2017-09-18 18,72,61,91,30
2017-09-18 19,75,63,89,30
2017-09-18 20,80,61,97,30
2017-09-18 21,82,71,106,30
2017-09-18 22,79,61,106,30
2017-09-18 23,100,90,120,30
2017-09-19 00,87,74,97,30
2017-09-19 01,75,63,86,30
2017-09-19 02,70,62,103,30
2017-09-19 03,69,61,85,30
2017-09-19 04,66,61,85,30
2017-09-19 05,57,56,65,30
2017-09-19 20,76,69,84,6
2017-09-19 21,81,68,99,21
2017-09-19 22,100,73,120,20
2017-09-19 23,87,79,101,30
2017-09-20 00,82,72,114,30
2017-09-20 01,84,73,96,30
2017-09-20 02,96,81,118,30
2017-09-20 03,87,70,136,30
2017-09-20 04,73,68,89,30
2017-09-20 05,65,60,68,30
2017-09-20 06,60,59,68,30
2017-09-20 07,58,56,66,30
2017-09-20 08,56,53,60,30
2017-09-20 09,58,52,73,30
2017-09-20 10,58,55,68,30
2017-09-20 11,59,54,76,30
2017-09-20 12,79,67,98,30
2017-09-20 13,83,72,99,30
2017-09-20 14,84,75,104,30
2017-09-20 15,84,71,105,30
2017-09-20 16,81,68,97,30
2017-09-20 17,77,61,89,30
2017-09-20 18,73,61,104,30
2017-09-20 19,69,61,80,30
2017-09-20 20,77,66,106,30
2017-09-20 21,82,68,106,30
2017-09-20 22,100,66,153,30
2017-09-20 23,143,90,161,30
2017-09-21 00,84,68,110,30
2017-09-21 01,87,73,106,30
2017-09-21 02,91,78,102,30
2017-09-21 03,86,75,97,30
2017-09-21 04,82,71,94,30
2017-09-21 05,70,64,83,30
2017-09-21 06,64,62,69,30
2017-09-21 07,64,60,75,30
2017-09-21 08,58,55,66,30
2017-09-21 09,58,55,71,30
2017-09-21 10,58,56,65,30
2017-09-21 11,66,58,87,30
2017-09-21 12,83,68,107,30
2017-09-21 13,76,61,100,30
2017-09-21 14,69,61,93,30
2017-09-21 15,75,62,100,30
2017-09-21 16,81,72,104,30
2017-09-21 17,77,68,105,30
2017-09-21 18,78,66,105,30
2017-09-21 19,72,65,83,30
2017-09-21 20,81,72,115,30
2017-09-21 21,81,71,104,30
2017-09-21 22,78,72,90,30
2017-09-21 23,77,70,85,30
2017-09-22 00,76,70,85,30
2017-09-22 01,75,64,89,30
2017-09-22 02,72,63,85,30
2017-09-22 03,73,59,89,30
2017-09-22 04,73,63,87,30
2017-09-22 05,78,58,137,30
2017-09-22 06,69,66,82,30
2017-09-22 07,61,59,68,30
2017-09-22 08,56,54,67,30
2017-09-22 09,55,52,62,30
2017-09-22 10,53,52,59,30
2017-09-22 11,56,54,63,30
2017-09-22 12,55,54,65,30
2017-09-22 13,74,54,131,30
2017-09-22 14,83,72,98,30
2017-09-22 15,92,75,117,30
2017-09-22 16,108,89,135,30
2017-09-22 17,97,81,126,30
2017-09-22 18,103,96,113,30
2017-09-22 19,101,87,113,30
2017-09-22 20,109,94,131,30
2017-09-22 21,95,80,136,30
2017-09-22 22,97,81,126,30
2017-09-22 23,98,87,131,30
2017-09-23 00,97,83,113,30
2017-09-23 01,94,80,122,30
2017-09-23 02,90,75,116,30
2017-09-23 03,104,95,118,30
2017-09-23 04,104,95,123,30
2017-09-23 05,90,85,96,30
2017-09-23 06,88,85,105,30
2017-09-23 07,86,82,88,30
2017-09-23 08,79,76,83,30
2017-09-23 09,77,76,85,30
2017-09-23 10,76,75,76,30
2017-09-23 11,72,66,76,30
2017-09-23 12,70,66,89,30
2017-09-23 13,68,63,81,30
2017-09-23 14,92,74,145,30
2017-09-23 15,87,74,100,30
2017-09-23 16,82,71,102,30
2017-09-23 17,94,77,117,30
2017-09-23 18,87,79,100,30
2017-09-23 19,89,76,111,30
2017-09-23 20,84,74,96,30
2017-09-23 21,83,71,92,30
2017-09-23 22,80,70,88,30
2017-09-23 23,82,68,112,30
2017-09-24 00,91,75,112,30
2017-09-24 01,82,69,99,30
2017-09-24 02,74,67,90,30
2017-09-24 03,75,66,96,30
2017-09-24 04,64,62,81,30
2017-09-24 05,59,58,63,30
2017-09-24 06,58,58,59,30
2017-09-24 07,56,55,66,30
2017-09-24 08,57,54,64,30
2017-09-24 09,60,57,63,30
2017-09-24 10,57,54,74,30
2017-09-24 11,61,57,78,30
2017-09-24 12,81,69,104,30
2017-09-24 13,90,72,106,30
2017-09-24 14,85,67,104,30
2017-09-24 15,87,71,106,30
2017-09-24 16,85,77,99,30
2017-09-24 17,81,69,97,30
2017-09-24 18,78,64,96,30
2017-09-24 19,86,73,102,30
2017-09-24 20,90,80,108,30
2017-09-24 21,89,79,108,30
2017-09-24 22,107,76,153,30
2017-09-24 23,112,98,136,30
2017-09-25 00,96,89,111,30
2017-09-25 01,94,81,110,30
2017-09-25 02,83,73,96,30
2017-09-25 03,76,73,86,30
2017-09-25 04,76,66,97,30
2017-09-25 05,61,58,66,30
2017-09-25 06,58,56,60,30
2017-09-25 07,56,56,61,30
2017-09-25 08,57,55,64,30
2017-09-25 09,54,50,66,25
2017-09-25 10,52,50,64,30
2017-09-25 11,59,55,75,30
2017-09-25 12,77,63,96,30
2017-09-25 13,76,64,92,30
2017-09-25 14,78,66,96,30
2017-09-25 15,75,70,90,20
2017-09-27 04,75,66,87,30
2017-09-27 05,70,60,92,30
2017-09-27 06,65,62,72,30
2017-09-27 07,61,55,66,30
2017-09-27 08,58,55,71,30
2017-09-27 09,57,56,66,30
2017-09-27 10,59,57,71,30
2017-09-27 11,66,60,87,30
2017-09-27 12,84,71,104,30
2017-09-27 13,79,65,101,30
2017-09-27 14,77,64,97,30
2017-09-27 15,80,69,103,30
2017-09-27 16,81,72,93,30
2017-09-27 17,76,68,99,30
2017-09-27 18,78,65,106,30
2017-09-27 19,86,69,114,30
2017-09-27 20,87,71,102,30
2017-09-27 21,84,66,106,30
2017-09-27 22,95,78,109,19
2017-09-27 23,90,80,101,30
2017-09-28 00,88,77,103,30
2017-09-28 01,79,72,89,30
2017-09-28 02,87,78,101,30
2017-09-28 03,93,79,112,30
2017-09-28 04,89,73,110,30
2017-09-28 05,74,70,89,30
2017-09-28 06,69,65,72,30
2017-09-28 07,59,59,66,30
2017-09-28 08,59,58,60,30
2017-09-28 09,59,58,59,30
2017-09-28 10,59,58,59,30
2017-09-28 11,61,57,75,30
2017-09-28 12,81,65,105,30
2017-09-28 13,83,71,103,30
2017-09-28 14,75,64,85,30
2017-09-28 15,80,66,101,30
2017-09-28 16,83,73,91,30
2017-09-28 17,84,73,100,30
2017-09-28 18,77,68,105,30
2017-09-28 19,82,69,99,30
2017-09-28 20,82,71,104,30
2017-09-28 21,94,84,112,30
2017-09-28 22,106,74,147,30
2017-09-28 23,109,96,130,30
2017-09-29 00,92,79,106,30
2017-09-29 01,88,79,96,30
2017-09-29 02,81,73,97,30
2017-09-29 03,81,78,102,30
2017-09-29 04,84,79,101,30
2017-09-29 05,83,80,95,30
2017-09-29 06,78,76,91,30
2017-09-29 07,68,63,85,30
2017-09-29 08,65,63,76,30
2017-09-29 09,61,60,78,30
2017-09-29 10,60,58,68,30
2017-09-29 11,59,58,71,30
2017-09-29 12,60,59,63,30
2017-09-29 13,65,63,81,30
2017-09-29 14,83,61,150,30
2017-09-29 15,78,72,92,30
2017-09-29 16,94,86,106,30
2017-09-29 17,85,72,111,30
2017-09-29 18,80,71,108,30
2017-09-29 19,99,79,118,30
2017-09-29 20,78,65,110,30
2017-09-29 21,75,66,93,30
2017-09-29 22,78,67,105,21
2017-10-01 05,67,66,74,30
2017-10-01 06,64,59,68,30
2017-10-01 07,59,59,60,30
2017-10-01 08,60,57,73,30
2017-10-01 09,60,58,71,30
2017-10-01 10,60,60,63,30
2017-10-01 11,62,59,75,30
2017-10-01 12,63,60,81,30
2017-10-01 13,62,61,70,30
2017-10-01 14,84,62,135,30
2017-10-01 15,81,68,104,30
2017-10-01 16,86,69,106,30
2017-10-01 17,86,73,109,30
2017-10-01 18,88,75,107,30
2017-10-01 19,69,67,74,30
2017-10-01 20,87,68,110,30
2017-10-01 21,78,66,106,30
2017-10-01 22,73,64,87,30
2017-10-01 23,85,70,118,30
2017-10-02 00,77,73,92,30
2017-10-02 01,85,74,107,30
2017-10-02 02,84,70,100,30
2017-10-02 03,77,66,95,30
2017-10-02 04,71,66,86,29
2017-10-02 05,65,62,78,30
2017-10-02 06,63,62,74,30
2017-10-02 07,59,58,61,30
2017-10-02 08,57,53,59,30
2017-10-02 09,56,53,59,30
2017-10-02 10,60,53,78,30
2017-10-02 11,76,65,94,30
2017-10-02 12,73,64,88,30
2017-10-02 13,73,60,89,30
2017-10-02 14,83,69,96,30
2017-10-02 15,84,68,106,30
2017-10-02 16,78,65,99,30
2017-10-02 17,77,66,98,30
2017-10-02 18,83,72,101,30
2017-10-02 19,84,68,105,30
2017-10-02 20,90,73,108,30
2017-10-02 21,96,75,119,30
2017-10-02 22,89,73,105,30
2017-10-02 23,88,78,112,30
2017-10-03 00,85,71,119,30
2017-10-03 01,93,79,115,30
2017-10-03 02,77,73,91,30
2017-10-03 03,80,68,97,30
2017-10-03 04,64,61,82,30
2017-10-03 05,63,61,71,17
2017-10-03 06,60,57,62,30
2017-10-03 07,58,57,69,30
2017-10-03 08,54,52,60,30
2017-10-03 09,55,52,63,30
2017-10-03 10,59,53,81,30
2017-10-03 11,82,70,103,30
2017-10-03 12,79,67,97,30
2017-10-03 13,78,67,86,30
2017-10-03 14,76,67,89,30
2017-10-03 15,76,64,87,30
2017-10-03 16,76,66,99,30
2017-10-03 17,72,59,93,30
2017-10-03 18,79,66,101,30
2017-10-03 19,80,70,98,30
2017-10-03 20,91,77,109,30
2017-10-03 21,85,75,104,30
2017-10-03 22,85,80,95,30
2017-10-03 23,80,77,85,30
2017-10-04 00,80,74,88,30
2017-10-04 01,77,62,91,30
2017-10-04 02,72,63,91,30
2017-10-04 03,65,63,77,30
2017-10-04 04,64,61,70,30
2017-10-04 05,59,57,61,30
2017-10-04 06,62,57,71,30
2017-10-04 07,60,58,62,30
2017-10-04 08,59,58,67,30
2017-10-04 09,55,54,58,30
2017-10-04 10,59,54,78,30
2017-10-04 11,78,65,97,30
2017-10-04 12,81,67,111,30
2017-10-04 13,82,73,98,30
2017-10-04 14,87,74,111,30
2017-10-04 15,84,73,92,30
2017-10-04 16,79,65,103,30
2017-10-04 17,79,67,95,30
2017-10-04 18,81,66,95,30
2017-10-04 19,82,69,107,30
2017-10-04 20,92,81,112,30
2017-10-04 21,76,69,100,30
2017-10-04 22,82,65,102,30
2017-10-04 23,79,64,117,30
2017-10-05 00,75,62,86,30
2017-10-05 01,77,71,95,30
2017-10-05 02,76,64,97,30
2017-10-05 03,67,64,77,30
2017-10-05 04,67,64,71,30
2017-10-05 05,68,64,71,30
2017-10-05 06,65,64,65,30
2017-10-05 07,64,62,67,29
2017-10-05 08,63,61,78,30
2017-10-05 09,64,61,65,30
2017-10-05 10,65,58,75,30
2017-10-05 11,77,64,143,30
2017-10-05 12,76,69,88,30
2017-10-05 13,89,79,104,29
2017-10-05 14,80,71,94,6
2017-10-05 15,74,74,74,1
2017-10-05 16,75,75,75,1
2017-10-05 19,78,78,78,1
2017-10-08 00,73,73,73,1
2017-10-08 03,62,56,73,27
2017-10-08 04,62,59,70,30
2017-10-08 05,60,58,69,30
2017-10-08 06,59,56,64,30
2017-10-08 07,57,55,66,30
2017-10-08 08,56,55,66,30
2017-10-08 09,57,55,70,30
2017-10-08 10,62,57,79,30
2017-10-08 11,80,68,100,30
2017-10-08 12,77,68,99,30
2017-10-08 13,83,72,90,30
2017-10-08 14,82,71,100,30
2017-10-08 15,83,76,90,30
2017-10-08 16,72,54,95,30
2017-10-08 17,73,56,97,30
2017-10-08 18,84,72,95,30
2017-10-08 19,90,80,106,30
2017-10-08 20,88,76,109,30
2017-10-08 21,108,78,148,30
2017-10-08 22,98,79,134,30
2017-10-08 23,85,80,96,30
2017-10-09 00,88,80,101,30
2017-10-09 01,96,85,120,30
2017-10-09 02,87,82,99,30
2017-10-09 03,85,81,105,30
2017-10-09 04,72,65,81,30
2017-10-09 05,64,63,66,30
2017-10-09 06,64,63,75,30
2017-10-09 07,59,55,66,30
2017-10-09 08,58,55,70,30
2017-10-09 09,59,58,59,30
2017-10-09 10,62,58,80,30
2017-10-09 11,82,66,103,30
2017-10-09 12,81,66,103,30
2017-10-09 13,75,66,87,30
2017-10-09 14,81,66,105,30
2017-10-09 15,80,70,101,30
2017-10-09 16,74,65,93,30
2017-10-09 17,80,67,104,30
2017-10-09 18,90,76,112,30
2017-10-09 19,88,74,108,30
2017-10-09 20,91,80,114,30
2017-10-09 21,100,79,127,24
2017-10-09 22,101,89,126,30
2017-10-09 23,85,77,95,30
2017-10-10 00,82,74,94,30
2017-10-10 01,78,71,92,30
2017-10-10 02,81,70,97,30
2017-10-10 03,68,64,85,30
2017-10-10 04,64,64,65,30
2017-10-10 05,62,60,65,30
2017-10-10 06,58,57,68,30
2017-10-10 07,58,56,69,30
2017-10-10 08,57,57,58,30
2017-10-10 09,63,57,76,30
2017-10-10 10,62,58,88,30
2017-10-10 11,86,73,107,30
2017-10-10 12,87,76,106,30
2017-10-10 13,91,78,97,30
2017-10-10 14,82,71,101,30
2017-10-10 15,78,67,106,30
2017-10-10 16,80,72,90,30
2017-10-10 17,70,60,93,30
2017-10-10 18,81,65,99,30
2017-10-10 19,85,74,101,30
2017-10-10 20,86,76,104,30
2017-10-10 21,115,83,154,30
2017-10-10 22,110,97,133,30
2017-10-10 23,104,94,114,30
2017-10-11 00,92,79,106,30
2017-10-11 01,86,82,95,30
2017-10-11 02,87,79,114,30
2017-10-11 03,91,77,148,30
2017-10-11 04,74,71,77,30
2017-10-11 05,68,66,73,30
2017-10-11 06,64,62,72,30
2017-10-11 07,59,56,66,30
2017-10-11 08,59,57,65,30
2017-10-11 09,63,58,75,30
2017-10-11 10,65,61,79,30
2017-10-11 11,82,70,102,30
2017-10-11 12,80,67,110,30
2017-10-11 13,77,66,97,30
2017-10-11 14,83,70,100,30
2017-10-11 15,87,76,107,30
2017-10-11 16,79,72,103,30
2017-10-11 17,86,71,114,30
2017-10-11 18,94,80,109,30
2017-10-11 19,89,76,109,30
2017-10-11 20,85,73,112,30
2017-10-11 21,88,77,104,30
2017-10-11 22,80,70,95,30
2017-10-11 23,90,75,117,30
2017-10-12 00,87,75,98,30
2017-10-12 01,91,78,108,30
2017-10-12 02,84,73,109,30
2017-10-12 03,75,71,90,30
2017-10-12 04,68,65,79,30
2017-10-12 05,65,61,73,30
2017-10-12 06,60,56,61,30
2017-10-12 07,57,56,70,30
2017-10-12 08,58,56,61,30
2017-10-12 09,57,56,63,30
2017-10-12 10,61,56,80,30
2017-10-12 11,63,56,70,30
2017-10-12 12,60,57,72,30
2017-10-12 13,78,67,91,30
2017-10-12 14,88,71,99,30
2017-10-12 15,83,75,105,30
2017-10-12 16,93,80,116,30
2017-10-12 17,117,84,135,20
2017-10-12 18,112,92,129,30
2017-10-12 19,108,96,126,30
2017-10-12 20,100,89,110,30
2017-10-12 21,97,86,112,30
2017-10-12 22,81,68,98,30
2017-10-12 23,85,69,124,30
2017-10-13 00,89,75,123,30
2017-10-13 01,88,75,103,30
2017-10-13 02,79,73,99,30
2017-10-13 03,73,68,73,30
2017-10-13 04,68,68,79,30
2017-10-13 05,68,68,79,30
2017-10-13 06,65,62,70,30
2017-10-13 07,66,64,75,30
2017-10-13 08,69,64,84,30
2017-10-13 09,60,57,70,30
2017-10-13 10,57,54,70,30
2017-10-13 11,55,54,61,30
2017-10-13 12,68,57,81,29
2017-10-13 13,78,62,86,30
2017-10-13 14,75,61,98,30
2017-10-13 15,76,69,93,30
2017-10-13 16,89,71,134,30
2017-10-13 17,98,80,117,30
2017-10-13 18,75,60,89,30
2017-10-13 19,74,62,91,30
2017-10-13 20,82,65,99,30
2017-10-13 21,77,72,92,30
2017-10-13 22,77,69,97,30
2017-10-13 23,83,70,104,30
2017-10-14 00,73,60,99,30
2017-10-14 01,79,64,105,30
2017-10-14 02,85,63,108,30
2017-10-14 03,68,63,77,30
2017-10-14 04,69,59,88,30
2017-10-14 05,62,57,77,30
2017-10-14 06,60,52,70,30
2017-10-14 07,56,52,59,30
2017-10-14 08,60,57,68,30
2017-10-14 09,59,58,71,30
2017-10-14 10,59,54,67,30
2017-10-14 11,56,54,67,30
2017-10-14 12,70,57,87,30
2017-10-14 13,82,72,93,30
2017-10-14 14,80,67,103,30
2017-10-14 15,114,97,139,30
2017-10-14 16,96,78,115,30
2017-10-14 17,94,72,120,30
2017-10-14 18,82,71,110,30
2017-10-14 19,92,76,112,30
2017-10-14 20,71,66,88,30
2017-10-14 21,76,69,97,30
2017-10-14 22,84,71,116,30
2017-10-14 23,87,74,112,30
2017-10-15 00,84,68,114,30
2017-10-15 01,88,71,107,30
2017-10-15 02,67,61,88,30
2017-10-15 03,72,59,128,30
2017-10-15 04,59,58,67,30
2017-10-15 05,58,55,68,30
2017-10-15 06,52,50,55,30
2017-10-15 07,50,50,51,30
2017-10-15 08,50,48,62,30
2017-10-15 09,54,49,69,30
2017-10-15 10,60,55,79,30
2017-10-15 11,81,68,115,30
2017-10-15 12,72,61,89,30
2017-10-15 13,72,61,96,30
2017-10-15 14,72,66,91,30
2017-10-15 15,78,67,101,30
2017-10-15 16,74,67,91,30
2017-10-15 17,70,59,92,30
2017-10-15 18,76,66,103,30
2017-10-15 19,81,69,105,30
2017-10-15 20,88,69,110,30
2017-10-15 21,105,76,163,30
2017-10-15 22,116,99,131,30
2017-10-15 23,108,101,121,30
2017-10-16 00,102,89,120,30
2017-10-16 01,99,87,114,30
2017-10-16 02,77,71,96,30
2017-10-16 03,71,60,93,30
2017-10-16 04,61,60,69,30
2017-10-16 05,60,60,60,30
2017-10-16 06,59,57,61,30
2017-10-16 07,55,54,58,30
2017-10-16 08,56,54,67,30
2017-10-16 09,54,54,54,30
2017-10-16 10,60,54,77,30
2017-10-16 11,76,63,96,30
2017-10-16 12,70,60,92,30
2017-10-16 13,70,55,84,30
2017-10-16 14,78,66,98,30
2017-10-16 15,83,71,106,30
2017-10-16 16,79,68,100,30
2017-10-16 17,77,67,105,30
2017-10-16 18,79,65,106,30
2017-10-16 19,79,66,104,30
2017-10-16 20,90,78,108,30
2017-10-16 21,102,81,152,30
2017-10-16 22,89,52,134,30
2017-10-16 23,86,51,139,30
2017-10-17 00,94,76,113,10
2017-10-18 12,97,92,103,13
2017-10-18 13,84,75,102,30
2017-10-18 14,87,73,112,30
2017-10-18 15,82,60,119,30
2017-10-18 16,72,59,86,30
2017-10-18 17,73,65,84,30
2017-10-18 18,76,68,89,30
2017-10-18 19,79,71,94,30
2017-10-18 20,81,72,99,30
2017-10-18 21,86,75,101,30
2017-10-18 22,88,76,104,30
2017-10-18 23,85,76,98,30
2017-10-19 00,85,78,100,30
2017-10-19 01,96,73,119,30
2017-10-19 02,82,67,93,30
2017-10-19 03,86,69,118,30
2017-10-19 04,86,80,93,30
2017-10-19 05,86,73,119,30
2017-10-19 06,90,76,109,30
2017-10-19 07,86,77,103,30
2017-10-19 08,74,67,91,30
2017-10-19 09,67,67,67,30
2017-10-19 10,65,62,74,30
2017-10-19 11,63,59,76,30
2017-10-19 12,61,59,69,30
2017-10-19 13,59,58,66,30
2017-10-19 14,57,56,66,30
2017-10-19 15,64,58,78,30
2017-10-19 16,77,62,89,30
2017-10-19 17,87,70,121,30
2017-10-19 18,97,74,113,30
2017-10-19 19,103,75,135,30
2017-10-19 20,101,70,139,30
2017-10-19 21,90,67,135,30
2017-10-19 22,95,71,118,30
2017-10-19 23,76,64,109,30
2017-10-20 00,81,69,124,30
2017-10-20 01,81,68,110,30
2017-10-20 02,102,85,142,23
2017-10-20 17,95,95,95,1
2017-10-20 18,111,88,130,18
2017-10-20 19,104,100,108,3
2017-10-20 20,107,85,120,17
2017-10-20 21,110,89,121,10
2017-10-21 10,87,85,89,2
2017-10-21 19,85,79,97,8
2017-10-21 20,93,74,113,30
2017-10-21 21,83,69,109,30
2017-10-21 22,90,71,113,30
2017-10-21 23,106,89,120,30
2017-10-22 00,108,94,112,30
2017-10-22 01,87,70,111,30
2017-10-22 02,84,68,116,30
2017-10-22 03,86,63,115,30
2017-10-22 04,77,61,87,30
2017-10-22 05,87,76,121,30
2017-10-22 06,96,74,121,30
2017-10-22 07,82,72,109,30
2017-10-22 08,88,74,116,30
2017-10-22 09,76,74,95,30
2017-10-22 10,65,62,72,30
2017-10-22 11,60,58,77,30
2017-10-22 12,61,59,67,30
2017-10-22 13,61,59,77,30
2017-10-22 14,61,59,71,30
2017-10-22 15,76,59,93,30
2017-10-22 16,78,69,94,30
2017-10-22 17,81,68,107,30
2017-10-22 18,89,74,109,30
2017-10-22 19,89,67,103,30
2017-10-22 20,81,60,124,30
2017-10-22 21,95,76,118,30
2017-10-22 22,87,76,109,30
2017-10-22 23,99,76,120,30
2017-10-23 00,96,79,125,30
2017-10-23 01,92,71,129,30
2017-10-23 02,79,68,111,30
2017-10-23 03,84,72,108,30
2017-10-23 04,79,72,100,30
2017-10-23 05,77,69,89,30
2017-10-23 06,82,75,99,30
2017-10-23 07,76,74,86,30
2017-10-23 08,76,74,87,30
2017-10-23 09,76,74,85,30
2017-10-23 10,75,72,85,30
2017-10-23 11,82,69,97,30
2017-10-23 12,81,69,118,30
2017-10-23 13,90,70,116,30
2017-10-23 14,86,65,109,30
2017-10-23 15,82,67,107,30
2017-10-23 16,75,73,84,30
2017-10-23 17,82,73,115,30
2017-10-23 18,90,76,114,30
2017-10-23 19,83,66,101,30
2017-10-23 20,87,67,104,30
2017-10-23 21,72,67,92,30
2017-10-23 22,94,74,113,30
2017-10-23 23,87,73,112,30
2017-10-24 00,85,70,101,30
2017-10-24 01,79,69,99,30
2017-10-24 02,88,73,121,30
2017-10-24 03,71,67,86,30
2017-10-24 04,70,69,76,30
2017-10-24 05,65,62,70,30
2017-10-24 06,62,61,63,30
2017-10-24 07,64,61,74,30
2017-10-24 08,64,63,73,30
2017-10-24 09,63,63,70,30
2017-10-24 10,64,62,77,30
2017-10-24 11,80,68,98,30
2017-10-24 12,75,62,94,30
2017-10-24 13,73,60,82,30
2017-10-24 14,76,62,97,30
2017-10-24 15,80,69,99,30
2017-10-24 16,78,67,99,30
2017-10-24 17,77,65,102,30
2017-10-24 18,84,71,93,30
2017-10-24 19,88,81,97,30
2017-10-24 20,92,79,109,30
2017-10-24 21,94,84,107,18
2017-10-24 22,96,80,114,30
2017-10-24 23,89,81,96,30
2017-10-25 00,85,73,100,30
2017-10-25 01,85,71,104,30
2017-10-25 02,79,71,93,30
2017-10-25 03,85,73,152,30
2017-10-25 04,80,72,99,30
2017-10-25 05,64,61,72,30
2017-10-25 06,62,61,64,30
2017-10-25 07,61,57,74,30
2017-10-25 08,58,57,69,30
2017-10-25 09,59,58,72,30
2017-10-25 10,64,57,82,30
2017-10-25 11,81,69,99,30
2017-10-25 12,80,68,98,30
2017-10-25 13,76,67,91,30
2017-10-25 14,74,63,97,30
2017-10-25 15,76,69,99,30
2017-10-25 16,81,65,99,30
2017-10-25 17,70,57,93,30
2017-10-25 18,81,72,90,30
2017-10-25 19,86,75,106,30
2017-10-25 20,90,79,106,30
2017-10-25 21,109,85,134,30
2017-10-25 22,101,92,132,30
2017-10-25 23,92,77,106,30
2017-10-26 00,84,69,110,30
2017-10-26 01,83,75,92,30
2017-10-26 02,96,85,116,30
2017-10-26 03,89,75,109,30
2017-10-26 04,74,68,93,30
2017-10-26 05,67,61,75,30
2017-10-26 06,62,61,62,30
2017-10-26 07,62,61,68,30
2017-10-26 08,60,58,62,30
2017-10-26 09,58,58,69,30
2017-10-26 10,60,58,85,30
2017-10-26 11,81,72,101,30
2017-10-26 12,81,70,101,30
2017-10-26 13,75,63,82,30
2017-10-26 14,76,66,90,30
2017-10-26 15,77,64,90,30
2017-10-26 16,73,59,91,30
2017-10-26 17,70,59,94,30
2017-10-26 18,74,64,96,30
2017-10-26 19,78,62,99,30
2017-10-26 20,82,66,100,30
2017-10-26 21,100,75,150,30
2017-10-26 22,106,94,134,30
2017-10-26 23,96,84,106,30
2017-10-27 00,85,75,99,30
2017-10-27 01,107,80,126,27
2023-06-19 18,82,80,84,35
2023-06-19 20,71,61,79,9
2023-06-19 21,62,57,69,15
2023-06-19 22,59,54,66,14
2023-06-19 23,57,54,58,15
2023-06-20 00,56,49,63,14
2023-06-20 01,59,54,68,15
2023-06-20 02,59,55,67,14
2023-06-20 03,57,54,67,14
2023-06-20 04,60,54,70,14
2023-06-20 05,92,66,120,13
2023-06-20 06,104,84,117,29
2023-06-20 07,83,79,90,13
2023-06-20 08,78,65,89,14
2023-06-20 09,79,66,112,14
2023-06-20 10,77,69,91,87
2023-06-20 11,77,72,81,14
2023-06-20 12,80,73,90,13
2023-06-20 13,82,72,85,15
2023-06-20 14,130,79,159,59
2023-06-20 15,111,95,134,22
2023-06-20 16,99,85,108,12
2023-06-20 17,97,89,103,13
2023-06-20 18,97,91,100,14
2023-06-20 19,90,85,94,14
2023-06-20 21,74,61,101,44
2023-06-20 22,65,58,72,15
2023-06-20 23,63,58,73,15
2023-06-21 00,59,54,64,14
2023-06-21 01,61,56,72,15
2023-06-21 02,60,56,68,14
2023-06-21 03,65,60,70,13
2023-06-21 04,64,58,71,15
2023-06-21 05,93,65,123,53
2023-06-21 06,95,86,108,15
2023-06-21 07,84,79,89,13
2023-06-21 08,80,74,84,14
2023-06-21 09,77,72,82,14
2023-06-21 10,84,71,117,12
2023-06-21 11,78,65,95,13
2023-06-21 12,88,74,103,13
2023-06-21 13,96,83,134,31
2023-06-21 14,118,114,130,33
2023-06-21 15,114,91,134,30
2023-06-21 16,96,84,109,12
2023-06-21 17,95,80,105,13
2023-06-21 18,98,93,99,12
2023-06-21 19,88,81,95,14
2023-06-21 20,85,85,85,1
2023-06-21 21,70,60,80,14
2023-06-21 22,66,62,72,12
2023-06-21 23,64,59,72,15
2023-06-22 00,63,57,69,14
2023-06-22 01,60,53,68,15
2023-06-22 02,60,57,63,12
2023-06-22 03,62,58,70,15
2023-06-22 04,66,59,74,14
2023-06-22 05,88,78,116,53
2023-06-22 06,98,83,123,15
2023-06-22 07,118,111,127,57
2023-06-22 08,102,79,123,21
2023-06-22 09,85,77,95,14
2023-06-22 10,82,68,94,12
2023-06-22 11,93,83,114,30
2023-06-22 12,89,84,94,13
2023-06-22 13,95,84,118,11
2023-06-22 14,101,84,128,18
2023-06-22 15,83,79,92,13
2023-06-22 16,80,71,87,11
2023-06-22 17,80,75,85,20
2023-06-22 18,83,79,89,15
2023-06-22 19,82,74,84,9
2023-06-22 21,94,75,132,28
2023-06-22 22,67,53,75,15
2023-06-22 23,62,55,68,14
2023-06-23 00,63,59,70,15
2023-06-23 01,62,55,70,13
2023-06-23 02,62,59,68,15
2023-06-23 03,60,58,66,14
2023-06-23 04,66,59,78,15
2023-06-23 05,90,74,119,50
2023-06-23 06,84,76,93,11
2023-06-23 07,77,71,106,15
2023-06-23 08,73,65,93,13
2023-06-23 09,74,63,89,12
2023-06-23 10,71,64,79,13
2023-06-23 11,81,70,91,13
2023-06-23 12,154,79,166,786
2023-06-23 13,96,91,108,13
2023-06-23 14,97,85,104,25
2023-06-23 15,103,92,117,23
2023-06-23 16,96,88,105,14
2023-06-23 17,92,84,99,15
2023-06-23 18,91,84,99,14
2023-06-23 19,97,92,104,20
2023-06-23 20,93,90,94,7
2023-06-24 00,75,71,84,17
2023-06-24 01,73,67,80,13
2023-06-24 02,75,67,84,15
2023-06-24 03,67,63,72,14
2023-06-24 04,68,63,79,15
2023-06-24 05,62,56,66,14
2023-06-24 06,77,68,94,14
2023-06-24 07,107,82,122,51
2023-06-24 08,96,86,110,16
2023-06-24 09,88,79,110,14
2023-06-24 10,82,72,93,13
2023-06-24 11,82,68,89,11
2023-06-24 12,77,69,90,10
2023-06-24 13,81,67,100,17
2023-06-24 14,72,63,78,15
2023-06-24 15,82,71,91,4
2023-06-24 16,85,71,99,12
2023-06-24 17,104,72,125,70
2023-06-24 18,101,79,113,65
2023-06-24 19,88,82,94,14
2023-06-24 20,87,84,99,15
2023-06-24 22,75,67,101,15
2023-06-24 23,70,66,79,14
2023-06-25 00,64,59,70,16
2023-06-25 01,63,58,73,14
2023-06-25 02,63,58,70,15
2023-06-25 03,58,55,61,12
2023-06-25 04,59,52,66,16
2023-06-25 05,63,57,86,14
2023-06-25 06,129,75,151,500
2023-06-25 07,136,86,155,607
2023-06-25 08,86,79,107,14
2023-06-25 09,91,85,105,14
2023-06-25 10,100,84,111,13
2023-06-25 11,116,88,126,20
2023-06-25 12,101,90,121,17
2023-06-25 13,86,77,98,9
2023-06-25 14,89,84,95,12
2023-06-25 15,78,66,91,13
2023-06-25 16,77,71,89,14
2023-06-25 17,79,72,94,12
2023-06-25 18,77,67,88,14
2023-06-25 19,73,68,84,13
2023-06-25 20,71,63,98,7
2023-06-25 21,64,58,72,14
2023-06-25 22,59,57,63,15
2023-06-25 23,61,55,70,13
2023-06-26 00,56,53,60,15
2023-06-26 01,57,51,63,14
2023-06-26 02,55,52,60,14
2023-06-26 03,56,53,63,15
2023-06-26 04,61,53,86,14
2023-06-26 05,66,60,85,12
2023-06-26 06,137,72,157,237
2023-06-26 07,132,111,155,124
2023-06-26 08,98,83,119,14
2023-06-26 09,86,80,94,14
2023-06-26 10,79,69,84,13
2023-06-26 11,81,71,92,13
2023-06-26 12,74,64,84,14
2023-06-26 13,74,65,84,14
2023-06-26 14,80,80,81,2
2023-06-26 15,81,75,98,13
2023-06-26 16,81,69,95,14
2023-06-26 17,76,70,90,13
2023-06-26 18,73,64,90,13
2023-06-26 19,63,53,73,14
2023-06-26 21,63,58,69,13
2023-06-26 22,55,50,61,15
2023-06-26 23,54,48,59,14
2023-06-27 00,52,46,56,13
2023-06-27 01,55,47,64,13
2023-06-27 02,52,43,66,15
2023-06-27 03,51,48,58,13
2023-06-27 04,55,50,60,14
2023-06-27 05,88,66,119,49
2023-06-27 06,83,79,89,13
2023-06-27 07,85,79,94,12
2023-06-27 08,82,74,87,14
2023-06-27 09,83,75,90,13
2023-06-27 10,87,79,93,11
2023-06-27 11,90,84,105,14
2023-06-27 12,84,76,93,14
2023-06-27 13,87,79,95,12
2023-06-27 14,86,79,117,15
2023-06-27 15,153,80,167,799
2023-06-27 16,93,84,104,11
2023-06-27 17,81,70,91,16
2023-06-27 18,76,70,84,15
2023-06-27 19,77,63,104,13
2023-06-27 20,67,63,72,14
2023-06-27 21,61,58,67,14
2023-06-27 22,56,52,62,14
2023-06-27 23,59,55,63,14
2023-06-28 00,56,55,59,15
2023-06-28 01,56,52,63,13
2023-06-28 02,60,58,63,9
2023-06-28 03,61,58,65,11
2023-06-28 04,64,56,99,14
2023-06-28 05,87,72,122,51
2023-06-28 06,130,78,162,72
2023-06-28 07,148,112,164,253
2023-06-28 08,98,84,118,16
2023-06-28 09,86,84,91,12
2023-06-28 10,84,78,89,14
2023-06-28 11,83,80,87,14
2023-06-28 12,84,80,90,15
2023-06-28 13,86,83,90,6
2023-06-28 14,80,72,91,13
2023-06-28 15,79,72,88,13
2023-06-28 16,98,85,111,14
2023-06-28 17,88,80,98,13
2023-06-28 18,93,84,110,20
2023-06-28 19,89,80,104,13
2023-06-28 20,85,80,90,14
2023-06-28 21,77,64,85,14
2023-06-28 22,75,63,86,4
2023-06-29 06,83,75,92,6
2023-06-29 07,84,76,104,18
2023-06-29 08,80,74,86,12
2023-06-29 09,77,70,95,14
2023-06-29 10,74,64,89,15
2023-06-29 11,79,70,85,14
2023-06-29 12,84,67,99,19
2023-06-29 13,75,69,84,9
2023-06-29 14,127,84,145,371
2023-06-29 15,138,99,149,756
2023-06-29 18,82,81,84,3
2023-06-30 05,88,71,97,22
2023-06-30 06,79,71,87,12
2023-06-30 07,97,73,121,18
2023-06-30 10,143,82,151,1135
2023-06-30 11,143,84,153,279
2023-06-30 12,87,81,106,16
2023-06-30 13,84,84,84,1
2023-07-01 13,73,67,85,12
2023-07-01 14,71,64,80,8
2023-07-01 15,140,78,155,735
2023-07-01 16,134,79,152,166
2023-07-01 17,89,83,104,17
2023-07-01 18,89,84,103,16
2023-07-01 19,86,84,88,3
2023-07-01 20,85,79,101,10
2023-07-01 21,82,73,88,14
2023-07-01 22,83,73,119,15
2023-07-01 23,77,73,84,14
2023-07-02 00,72,63,85,15
2023-07-02 01,69,64,76,14
2023-07-02 02,66,59,69,14
2023-07-02 03,62,56,69,14
2023-07-02 04,59,55,68,14
2023-07-02 05,59,55,67,15
2023-07-02 06,75,67,90,12
2023-07-02 07,136,78,157,250
2023-07-02 08,106,85,126,54
2023-07-02 09,87,80,104,17
2023-07-02 10,77,70,88,12
2023-07-02 11,84,79,88,13
2023-07-02 12,83,73,99,14
2023-07-02 13,81,64,96,11
2023-07-02 14,83,75,96,22
2023-07-02 15,74,61,84,12
2023-07-02 16,70,58,79,14
2023-07-02 17,75,59,92,13
2023-07-02 18,80,75,90,4
2023-07-02 19,74,64,85,15
2023-07-02 20,69,64,80,13
2023-07-02 21,66,58,72,14
2023-07-02 22,59,54,64,16
2023-07-02 23,55,52,60,13
2023-07-03 00,57,53,68,15
2023-07-03 01,54,49,64,14
2023-07-03 02,55,52,57,14
2023-07-03 03,60,52,67,14
2023-07-03 04,57,52,64,15
2023-07-03 05,59,54,64,14
2023-07-03 06,78,70,103,15
2023-07-03 07,84,79,90,13
2023-07-03 08,81,72,93,16
2023-07-03 09,82,76,87,11
2023-07-03 10,79,73,85,14
2023-07-03 11,79,66,84,13
2023-07-03 12,78,72,97,15
2023-07-03 13,149,73,164,231
2023-07-03 14,114,94,139,26
2023-07-03 15,91,83,95,13
2023-07-03 16,90,84,94,14
2023-07-03 17,89,80,105,13
2023-07-03 18,87,84,91,6
2023-07-03 21,72,70,73,4
2023-07-03 22,63,59,71,15
2023-07-03 23,64,59,71,13
2023-07-04 00,59,57,63,15
2023-07-04 01,56,53,59,14
2023-07-04 02,60,54,63,15
2023-07-04 03,56,51,62,14
2023-07-04 04,66,60,74,15
2023-07-04 05,85,73,114,48
2023-07-04 06,87,76,103,13
2023-07-04 07,81,72,91,13
2023-07-04 08,74,70,80,14
2023-07-04 09,76,67,95,13
2023-07-04 10,76,71,85,13
2023-07-04 11,76,70,84,14
2023-07-04 12,83,73,95,14
2023-07-04 13,139,94,160,100
2023-07-04 14,108,84,119,43
2023-07-04 15,86,82,91,13
2023-07-04 16,85,77,110,15
2023-07-04 17,91,77,108,18
2023-07-04 18,92,84,108,14
2023-07-04 19,88,80,101,15
2023-07-04 20,84,80,88,3
2023-07-04 21,74,70,84,15
2023-07-04 22,66,58,72,15
2023-07-04 23,65,54,72,15
2023-07-05 00,57,54,67,13
2023-07-05 01,57,53,63,14
2023-07-05 02,58,55,63,13
2023-07-05 03,58,54,60,13
2023-07-05 04,60,57,64,15
2023-07-05 05,72,57,102,12
2023-07-05 06,88,74,110,12
2023-07-05 07,84,80,89,13
2023-07-05 08,83,77,85,12
2023-07-05 09,76,67,83,13
2023-07-05 10,75,64,87,15
2023-07-05 11,79,73,84,12
2023-07-05 12,83,72,93,16
2023-07-05 13,149,75,168,328
2023-07-05 14,115,92,137,77
2023-07-05 15,92,87,106,12
2023-07-05 16,93,84,104,15
2023-07-05 17,109,85,125,76
2023-07-05 18,86,84,90,15
2023-07-05 19,84,79,90,14
2023-07-05 21,79,70,104,7
2023-07-05 22,66,59,73,14
2023-07-05 23,62,58,66,14
2023-07-06 00,60,56,67,15
2023-07-06 01,57,54,59,12
2023-07-06 02,59,56,61,14
2023-07-06 03,58,52,67,13
2023-07-06 04,59,55,61,16
2023-07-06 05,72,60,89,13
2023-07-06 06,120,79,148,67
2023-07-06 07,148,111,160,263
2023-07-06 08,111,90,126,56
2023-07-06 09,93,83,124,14
2023-07-06 10,83,80,85,14
2023-07-06 11,88,78,106,9
2023-07-06 12,87,83,94,6
2023-07-06 13,84,80,85,11
2023-07-06 14,78,69,92,14
2023-07-06 15,82,73,93,14
2023-07-06 16,84,79,99,15
2023-07-06 17,92,83,105,25
2023-07-06 18,99,90,107,18
2023-07-06 19,94,80,99,12
2023-07-06 20,89,84,99,12
2023-07-06 21,85,79,101,11
2023-07-06 22,73,63,85,12
2023-07-06 23,68,61,82,13
2023-07-07 00,62,57,69,14
2023-07-07 01,61,54,70,14
2023-07-07 02,57,50,67,15
2023-07-07 03,60,55,67,13
2023-07-07 04,59,55,63,14
2023-07-07 05,70,64,84,13
2023-07-07 06,87,74,115,18
2023-07-07 07,137,77,158,342
2023-07-07 08,97,85,119,16
2023-07-07 09,81,72,85,13
2023-07-07 10,92,81,114,8
2023-07-07 11,88,76,105,16
2023-07-07 12,80,70,87,14
2023-07-07 13,74,59,93,16
2023-07-07 14,73,66,79,15
2023-07-07 15,84,72,100,20
2023-07-07 16,82,72,98,16
2023-07-07 17,81,68,107,13
2023-07-07 18,73,66,83,14
2023-07-07 19,81,66,101,13
2023-07-07 20,74,67,85,14
2023-07-07 21,78,73,85,13
2023-07-07 22,86,80,94,13
2023-07-07 23,86,80,99,13
2023-07-08 00,84,80,86,10
2023-07-08 06,85,74,105,9
2023-07-08 07,75,64,84,14
2023-07-08 08,71,64,79,14
2023-07-08 09,80,67,104,15
2023-07-08 10,94,79,120,14
2023-07-08 11,93,75,122,19
2023-07-08 12,92,74,110,19
2023-07-08 13,88,77,111,14
2023-07-08 14,85,77,97,15
2023-07-08 15,88,84,98,12
2023-07-08 16,101,99,108,13
2023-07-08 17,102,99,112,13
2023-07-08 18,101,91,106,11
2023-07-08 19,99,80,110,12
2023-07-08 20,77,73,84,13
2023-07-08 21,79,75,84,13
2023-07-08 22,78,73,93,13
2023-07-08 23,80,74,84,14
2023-07-09 00,81,79,84,14
2023-07-09 01,76,67,84,15
2023-07-09 02,70,67,74,15
2023-07-09 03,68,64,72,14
2023-07-09 04,77,66,85,13
2023-07-09 05,72,66,84,15
2023-07-09 06,73,66,88,15
2023-07-09 07,95,85,104,12
2023-07-09 08,85,79,92,13
2023-07-09 09,86,73,98,11
2023-07-09 10,84,79,91,11
2023-07-09 19,68,63,76,10
2023-07-09 20,65,63,74,16
2023-07-09 21,63,60,68,13
2023-07-09 22,64,56,70,14
2023-07-09 23,61,56,64,14
2023-07-10 00,60,57,67,14
2023-07-10 01,59,53,67,14
2023-07-10 02,61,57,66,13
2023-07-10 03,58,52,66,14
2023-07-10 04,61,54,71,15
2023-07-10 05,59,54,63,15
2023-07-10 06,80,58,103,14
2023-07-10 07,82,75,87,14
2023-07-10 08,77,72,85,14
2023-07-10 09,75,66,85,12
2023-07-10 10,73,66,88,14
2023-07-10 11,68,55,77,13
2023-07-10 12,71,68,84,14
2023-07-10 13,75,64,117,15
2023-07-10 14,139,90,160,313
2023-07-10 15,110,83,125,125
2023-07-10 16,85,72,97,13
2023-07-10 17,91,73,104,16
2023-07-10 18,84,79,89,16
2023-07-10 19,78,67,85,12
2023-07-10 21,62,56,79,13
2023-07-10 22,53,50,56,15
2023-07-10 23,53,49,64,14
2023-07-11 00,59,54,67,15
2023-07-11 01,51,46,55,14
2023-07-11 02,56,51,67,15
2023-07-11 03,54,50,64,14
2023-07-11 04,58,56,59,15
2023-07-11 05,83,69,113,52
2023-07-11 06,79,65,85,13
2023-07-11 07,74,70,85,14
2023-07-11 08,80,71,110,15
2023-07-11 09,74,69,84,14
2023-07-11 10,73,69,80,15
2023-07-11 11,142,67,161,295
2023-07-11 12,107,90,117,48
2023-07-11 13,84,84,84,1
2023-07-11 14,86,72,104,14
2023-07-11 15,83,72,89,11
2023-07-11 16,91,80,105,34
2023-07-11 17,87,80,100,13
2023-07-11 18,82,79,84,14
2023-07-11 19,78,73,84,13
2023-07-11 20,72,66,78,8
2023-07-11 21,62,51,85,14
2023-07-11 22,55,50,64,15
2023-07-11 23,54,52,59,13
2023-07-12 00,55,52,60,15
2023-07-12 01,53,49,58,13
2023-07-12 02,56,51,64,15
2023-07-12 03,54,51,63,14
2023-07-12 04,68,55,105,13
2023-07-12 05,83,67,99,51
2023-07-12 06,142,72,164,284
2023-07-12 07,116,95,126,46
2023-07-12 08,93,85,112,18
2023-07-12 09,86,79,95,13
2023-07-12 10,84,75,93,15
2023-07-12 11,82,67,90,13
2023-07-12 12,77,66,87,15
2023-07-12 13,78,70,84,12
2023-07-12 14,76,71,84,15
2023-07-12 15,73,65,84,13
2023-07-12 16,82,70,99,15
2023-07-12 17,76,66,101,13
2023-07-12 18,77,72,84,14
2023-07-12 19,81,76,84,13
2023-07-12 20,84,84,85,2
2023-07-13 06,68,62,83,15
2023-07-13 07,69,62,73,13
2023-07-13 08,69,61,79,12
2023-07-13 09,68,63,96,15
2023-07-13 10,68,56,90,13
2023-07-13 11,67,61,75,12
2023-07-13 12,65,58,69,15
2023-07-13 13,65,54,74,12
2023-07-13 14,155,55,170,789
2023-07-13 15,156,84,165,637
2023-07-13 16,88,76,95,14
2023-07-13 17,90,80,107,15
2023-07-13 18,86,72,98,16
2023-07-13 19,80,72,84,14
2023-07-13 20,72,72,73,2
2023-07-13 21,64,59,80,8
2023-07-13 22,61,55,65,27
2023-07-13 23,59,55,64,13
2023-07-14 00,56,52,66,16
2023-07-14 01,55,48,63,13
2023-07-14 02,53,51,59,14
2023-07-14 03,59,55,68,13
2023-07-14 04,59,58,67,16
2023-07-14 05,85,66,105,10
2023-07-14 06,86,73,117,17
2023-07-14 07,144,81,163,313
2023-07-14 08,97,84,120,16
2023-07-14 09,82,71,87,14
2023-07-14 10,81,71,91,13
2023-07-14 11,86,84,91,12
2023-07-14 12,86,79,113,15
2023-07-14 13,82,72,89,14
2023-07-14 14,95,73,121,21
2023-07-14 15,89,76,103,37
2023-07-14 16,89,79,102,16
2023-07-14 17,84,71,109,14
2023-07-14 18,91,71,117,19
2023-07-14 19,86,79,98,13
2023-07-14 20,81,67,91,64
2023-07-14 21,73,67,84,14
2023-07-14 22,67,62,72,15
2023-07-14 23,62,58,66,14
2023-07-15 00,63,58,71,15
2023-07-15 01,61,54,66,14
2023-07-15 02,59,54,70,14
2023-07-15 03,61,54,67,13
2023-07-15 04,61,56,72,12
2023-07-15 05,58,56,60,6
2023-07-15 07,76,72,81,9
2023-07-15 08,76,60,86,17
2023-07-15 09,73,64,89,13
2023-07-15 10,70,62,81,17
2023-07-15 11,78,71,94,14
2023-07-15 12,77,72,85,15
2023-07-15 13,81,74,97,12
2023-07-15 14,84,78,87,13
2023-07-15 15,84,79,94,13
2023-07-15 16,99,75,113,32
2023-07-15 17,83,77,92,11
2023-07-15 18,85,79,96,59
2023-07-15 19,86,84,92,14
2023-07-15 20,84,80,88,14
2023-07-15 21,89,73,99,15
2023-07-15 22,80,72,99,15
2023-07-15 23,78,72,84,14
2023-07-16 00,72,63,84,15
2023-07-16 01,71,63,80,14
2023-07-16 02,71,66,80,15
2023-07-16 03,70,67,79,14
2023-07-16 04,67,61,75,14
2023-07-16 05,67,63,71,12
2023-07-16 06,85,85,85,1
2023-07-16 07,74,62,105,18
2023-07-16 08,113,94,131,39
2023-07-16 09,95,80,113,20
2023-07-16 10,84,71,95,12
2023-07-16 11,77,68,92,14
2023-07-16 12,76,72,84,13
2023-07-16 13,149,118,175,1281
2023-07-16 14,102,89,123,14
2023-07-16 15,88,78,101,15
2023-07-16 16,85,80,92,12
2023-07-16 17,87,73,104,25
2023-07-16 18,78,73,83,12
2023-07-16 19,69,66,73,7
2023-07-16 20,65,60,71,15
2023-07-16 21,60,54,66,14
2023-07-16 22,59,55,67,14
2023-07-16 23,57,53,63,14
2023-07-17 00,57,52,61,14
2023-07-17 01,55,51,63,14
2023-07-17 02,57,52,63,14
2023-07-17 03,56,52,63,13
2023-07-17 04,61,58,64,15
2023-07-17 05,71,60,83,13
2023-07-17 06,78,70,90,13
2023-07-17 07,77,71,83,15
2023-07-17 08,78,70,90,11
2023-07-17 09,79,73,90,13
2023-07-17 10,82,76,92,14
2023-07-17 11,80,73,85,12
2023-07-17 12,77,71,85,13
2023-07-17 13,75,71,83,13
2023-07-17 14,97,77,132,9
2023-07-17 15,115,90,135,31
2023-07-17 16,83,74,89,12
2023-07-17 17,82,80,85,12
2023-07-17 18,78,72,85,14
2023-07-17 19,84,75,112,7
2023-07-17 20,73,60,106,30
2023-07-17 21,60,55,67,13
2023-07-17 22,58,54,63,13
2023-07-17 23,55,53,59,12
2023-07-18 00,54,50,58,15
2023-07-18 01,57,53,62,13
2023-07-18 02,57,53,63,13
2023-07-18 03,62,56,67,13
2023-07-18 04,63,58,71,14
2023-07-18 05,75,55,100,13
2023-07-18 06,86,71,113,14
2023-07-18 07,109,100,124,70
2023-07-18 08,84,79,104,16
2023-07-18 09,78,70,85,13
2023-07-18 10,86,74,112,15
2023-07-18 11,83,79,85,12
2023-07-18 12,78,67,94,16
2023-07-18 13,75,71,80,13
2023-07-18 14,73,68,78,8
2023-07-18 18,81,77,85,17
2023-07-18 19,78,68,94,13
2023-07-18 20,80,73,84,16
2023-07-18 21,81,74,84,12
2023-07-18 22,71,63,80,15
2023-07-18 23,57,53,63,13
2023-07-19 00,54,51,59,16
2023-07-19 01,57,52,63,13
2023-07-19 02,54,49,63,15
2023-07-19 03,58,52,63,14
2023-07-19 04,62,57,80,15
2023-07-19 05,71,60,91,14
2023-07-19 06,146,68,164,252
2023-07-19 07,114,91,126,48
2023-07-19 08,88,79,114,14
2023-07-19 09,84,80,89,13
2023-07-19 10,84,80,93,15
2023-07-19 11,84,78,93,14
2023-07-19 12,81,76,89,12
2023-07-19 13,84,75,88,14
2023-07-19 14,81,79,84,14
2023-07-19 15,79,71,90,12
2023-07-19 16,85,76,98,14
2023-07-19 17,78,72,84,13
2023-07-19 18,72,67,80,13
2023-07-19 19,79,75,84,14
2023-07-19 20,86,86,86,1
2023-07-19 21,65,56,71,12
2023-07-19 22,60,56,64,15
2023-07-19 23,59,54,65,14
2023-07-20 00,58,54,63,14
2023-07-20 01,59,54,67,15
2023-07-20 02,59,55,64,14
2023-07-20 03,57,52,63,15
2023-07-20 04,59,53,69,15
2023-07-20 05,61,52,66,14
2023-07-20 06,68,57,79,14
2023-07-20 07,74,60,89,15
2023-07-20 08,78,70,97,13
2023-07-20 09,79,72,95,14
2023-07-20 10,160,72,175,256
2023-07-20 11,164,136,173,885
2023-07-20 12,97,92,108,15
2023-07-20 13,94,85,99,11
2023-07-20 14,91,85,94,14
2023-07-20 15,95,80,121,14
2023-07-20 16,88,79,102,12
2023-07-20 17,84,74,99,13
2023-07-20 18,82,72,101,8
2023-07-20 21,77,71,80,6
2023-07-20 22,62,60,66,15
2023-07-20 23,63,59,69,14
2023-07-21 00,60,56,64,15
2023-07-21 01,58,55,60,13
2023-07-21 02,59,54,64,15
2023-07-21 03,60,58,64,12
2023-07-21 04,59,56,66,14
2023-07-21 05,69,61,84,13
2023-07-21 06,78,71,94,14
2023-07-21 07,83,79,89,13
2023-07-21 08,79,67,105,15
2023-07-21 09,102,69,133,19
2023-07-21 10,106,100,108,10
2023-07-21 11,98,74,124,425
2023-07-21 12,80,72,113,42
2023-07-21 13,111,84,128,86
2023-07-21 14,87,79,100,13
2023-07-21 15,85,76,98,13
2023-07-21 16,92,84,112,18
2023-07-21 17,87,79,113,38
2023-07-21 18,103,80,116,52
2023-07-21 19,89,84,112,16
2023-07-21 20,91,72,113,17
2023-07-22 08,70,64,83,9
2023-07-22 09,72,67,82,12
2023-07-22 10,75,59,101,23
2023-07-22 11,72,63,85,14
2023-07-22 12,81,65,99,30
2023-07-22 13,84,75,88,13
2023-07-22 14,86,79,92,14
2023-07-22 15,104,83,114,48
2023-07-22 16,85,83,89,14
2023-07-22 17,100,84,108,39
2023-07-22 18,99,93,105,12
2023-07-22 19,103,97,105,15
2023-07-22 20,95,88,99,13
2023-07-22 21,89,84,98,12
2023-07-22 22,82,80,84,16
2023-07-22 23,81,71,88,13
2023-07-23 00,77,72,84,13
2023-07-23 01,73,71,79,13
2023-07-23 02,76,67,85,14
2023-07-23 03,77,72,84,14
2023-07-23 04,78,71,85,15
2023-07-23 05,75,69,87,14
2023-07-23 06,71,66,77,15
2023-07-23 07,81,68,93,11
2023-07-23 08,87,80,95,14
2023-07-23 09,78,73,84,9
2023-07-23 10,77,70,92,12
2023-07-23 11,73,60,101,15
2023-07-23 12,67,58,88,13
2023-07-23 13,89,66,106,26
2023-07-24 05,65,63,68,3
2023-07-24 06,79,59,103,14
2023-07-24 07,82,74,105,14
2023-07-24 08,80,70,91,14
2023-07-24 09,79,72,84,12
2023-07-24 10,81,72,106,13
2023-07-24 11,84,80,89,13
2023-07-24 12,79,72,85,16
2023-07-24 13,78,73,84,13
2023-07-24 14,86,69,120,10
2023-07-24 15,107,83,130,35
2023-07-24 16,79,71,88,13
2023-07-24 17,74,70,80,14
2023-07-24 18,78,71,91,13
2023-07-24 19,78,74,81,15
2023-07-24 20,74,73,75,2
2023-07-24 21,65,60,75,14
2023-07-24 22,62,59,63,13
2023-07-24 23,58,52,63,14
2023-07-25 00,57,52,64,15
2023-07-25 01,54,50,57,14
2023-07-25 02,54,52,57,12
2023-07-25 03,59,52,63,14
2023-07-25 04,56,53,61,14
2023-07-25 05,65,58,72,12
2023-07-25 06,75,66,95,12
2023-07-25 07,100,71,123,7
2023-07-25 08,106,83,131,58
2023-07-25 09,80,75,86,12
2023-07-25 10,72,66,83,14
2023-07-25 11,73,63,83,15
2023-07-25 12,74,67,84,14
2023-07-25 13,74,66,79,12
2023-07-25 14,72,65,84,15
2023-07-25 15,71,64,78,12
2023-07-25 16,79,70,85,10
2023-07-25 17,81,71,99,16
2023-07-25 18,81,73,96,14
2023-07-25 19,66,60,72,12
2023-07-25 22,67,58,75,13
2023-07-25 23,53,47,59,13
2023-07-26 00,51,49,52,16
2023-07-26 01,53,50,59,13
2023-07-26 02,53,48,63,15
2023-07-26 03,56,50,63,14
2023-07-26 04,54,49,59,14
2023-07-26 05,57,51,64,15
2023-07-26 06,66,58,85,13
2023-07-26 07,83,71,106,8
2023-07-26 08,108,85,131,46
2023-07-26 09,80,73,103,15
2023-07-26 10,76,72,85,14
2023-07-26 11,74,68,85,14
2023-07-26 12,77,72,80,12
2023-07-26 13,73,69,75,12
2023-07-26 14,69,63,86,16
2023-07-26 15,76,71,81,11
2023-07-26 16,87,67,109,16
2023-07-26 17,94,90,103,21
2023-07-26 18,89,69,106,19
2023-07-26 19,70,63,94,12
2023-07-26 20,88,88,88,1
2023-07-26 21,62,54,77,12
2023-07-26 22,57,52,63,16
2023-07-26 23,55,52,58,13
2023-07-27 00,58,51,64,13
2023-07-27 01,54,51,55,15
2023-07-27 02,57,52,64,14
2023-07-27 03,55,52,63,12
2023-07-27 04,55,50,61,14
2023-07-27 05,58,51,63,15
2023-07-27 06,65,58,79,12
2023-07-27 07,73,59,92,15
2023-07-27 08,72,67,84,13
2023-07-27 09,73,60,110,14
2023-07-27 10,74,67,85,15
2023-07-27 11,159,66,171,441
2023-07-27 12,156,91,168,168
2023-07-27 13,95,84,118,12
2023-07-27 14,90,82,100,11
2023-07-27 15,94,78,101,23
2023-07-27 16,104,80,117,40
2023-07-27 17,83,79,91,12
2023-07-27 18,81,72,86,14
2023-07-27 19,81,79,84,12
2023-07-27 20,78,71,84,6
2023-07-27 21,64,57,76,16
2023-07-27 22,60,57,64,14
2023-07-27 23,58,51,63,14
2023-07-28 00,55,53,63,15
2023-07-28 01,55,51,62,14
2023-07-28 02,56,53,62,15
2023-07-28 03,57,51,63,14
2023-07-28 04,64,58,84,15
2023-07-28 05,67,59,85,11
2023-07-28 06,69,66,73,3
2023-07-28 08,83,73,91,7
2023-07-28 09,79,72,90,14
2023-07-28 10,80,72,85,13
2023-07-28 11,89,77,118,10
2023-07-28 12,108,85,135,48
2023-07-28 13,84,80,90,13
2023-07-28 14,84,79,91,10
2023-07-28 15,83,74,100,16
2023-07-28 16,86,84,91,12
2023-07-28 17,90,81,99,14
2023-07-28 18,86,84,98,12
2023-07-28 19,84,84,85,13
2023-07-28 20,83,72,99,12
2023-07-28 21,74,67,84,13
2023-07-28 22,65,52,72,15
2023-07-28 23,58,52,68,12
2023-07-29 00,55,52,64,14
2023-07-29 01,55,52,60,14
2023-07-29 02,55,51,60,15
2023-07-29 03,58,53,64,13
2023-07-29 04,56,52,60,16
2023-07-29 05,66,55,80,13
2023-07-29 06,65,57,72,9
2023-07-29 07,78,71,88,12
2023-07-29 08,89,70,120,7
2023-07-29 09,100,88,146,36
2023-07-29 10,84,80,91,13
2023-07-29 11,80,73,84,12
2023-07-29 12,78,64,97,14
2023-07-29 13,78,72,99,13
2023-07-29 14,83,72,101,8
2023-07-29 15,86,71,103,24
2023-07-29 16,75,64,84,12
2023-07-29 17,75,63,83,15
2023-07-29 18,67,60,78,13
2023-07-29 19,79,65,92,12
2023-07-29 20,75,66,83,8
2023-07-29 21,77,67,99,12
2023-07-29 22,96,84,128,14
2023-07-29 23,67,59,84,13
2023-07-30 00,65,59,70,15
2023-07-30 01,64,59,72,14
2023-07-30 02,63,60,68,15
2023-07-30 03,65,59,80,14
2023-07-30 04,62,58,69,13
2023-07-30 07,72,62,88,7
2023-07-30 08,86,71,120,8
2023-07-30 09,101,85,110,45
2023-07-30 10,82,73,86,9
2023-07-30 11,75,67,88,12
2023-07-30 12,80,69,86,14
2023-07-30 13,88,81,98,13
2023-07-30 14,73,64,89,13
2023-07-30 15,72,58,96,12
2023-07-30 16,66,55,73,13
2023-07-30 17,62,54,73,13
2023-07-30 18,70,63,79,19
2023-07-30 19,66,59,80,14
2023-07-30 20,60,55,68,15
2023-07-30 21,54,52,62,13
2023-07-30 22,53,48,61,15
2023-07-30 23,52,48,58,13
2023-07-31 00,50,45,59,14
2023-07-31 01,54,49,64,15
2023-07-31 02,49,45,52,15
2023-07-31 03,50,47,54,14
2023-07-31 04,54,48,59,14
2023-07-31 05,61,56,71,10
2023-07-31 06,72,61,82,11
2023-07-31 07,71,67,80,15
2023-07-31 08,76,63,88,13
2023-07-31 09,72,65,92,13
2023-07-31 10,83,72,98,13
2023-07-31 11,78,73,83,6
2023-07-31 12,155,141,173,43
2023-07-31 14,82,79,85,8
2023-07-31 15,85,80,97,14
2023-07-31 16,85,77,95,13
2023-07-31 17,83,75,92,15
2023-07-31 18,75,68,80,13
2023-07-31 19,73,64,89,16
2023-07-31 20,62,55,67,13
2023-07-31 21,57,54,62,15
2023-07-31 22,56,53,66,15
2023-07-31 23,55,51,64,14
2023-08-01 00,55,52,62,14
2023-08-01 01,60,56,68,13
2023-08-01 02,60,58,63,14
2023-08-01 03,60,56,64,14
2023-08-01 04,56,51,63,15
2023-08-01 05,58,53,67,12
2023-08-01 06,81,66,110,15
2023-08-01 07,101,77,128,8
2023-08-01 08,106,83,138,40
2023-08-01 09,83,78,92,20
2023-08-01 10,83,74,87,12
2023-08-01 11,82,78,88,15
2023-08-01 12,84,80,85,14
2023-08-01 13,82,77,85,14
2023-08-01 14,87,79,101,10
2023-08-01 15,93,85,99,12
2023-08-01 16,83,76,94,14
2023-08-01 17,88,81,97,7
2023-08-01 18,71,66,87,6
2023-08-01 19,73,63,101,15
2023-08-01 20,63,58,73,12
2023-08-01 21,61,57,68,16
2023-08-01 22,56,53,58,13
2023-08-01 23,59,53,67,14
2023-08-02 00,54,52,57,13
2023-08-02 01,58,51,64,15
2023-08-02 02,55,52,60,13
2023-08-02 03,59,53,63,15
2023-08-02 04,59,49,70,15
2023-08-02 05,74,64,84,13
2023-08-02 06,83,65,106,13
2023-08-02 07,109,94,136,52
2023-08-02 08,90,73,121,13
2023-08-02 09,79,72,85,15
2023-08-02 10,75,64,84,14
2023-08-02 11,77,66,84,13
2023-08-02 12,80,73,85,12
2023-08-02 13,78,70,97,15
2023-08-02 14,71,65,80,11
2023-08-02 15,76,64,90,15
2023-08-02 16,72,64,84,46
2023-08-02 17,69,60,75,13
2023-08-02 18,63,58,72,13
2023-08-02 19,77,60,93,6
2023-08-02 20,63,60,70,14
2023-08-02 21,55,52,63,15
2023-08-02 22,55,52,63,13
2023-08-02 23,56,52,67,15
2023-08-03 00,53,48,58,14
2023-08-03 01,55,51,59,13
2023-08-03 02,54,49,64,13
2023-08-03 03,58,51,63,15
2023-08-03 04,55,50,63,13
2023-08-03 05,73,64,89,15
2023-08-03 06,77,67,115,10
2023-08-03 07,112,90,150,31
2023-08-03 08,83,75,91,13
2023-08-03 09,82,67,92,14
2023-08-03 10,83,79,89,14
2023-08-03 11,78,72,85,13
2023-08-03 12,78,69,92,14
2023-08-03 13,81,71,90,13
2023-08-03 14,74,67,83,13
2023-08-03 15,92,72,116,55
2023-08-03 16,87,73,105,12
2023-08-03 17,90,79,111,13
2023-08-03 18,81,73,90,14
2023-08-03 19,78,68,95,14
2023-08-03 20,82,72,89,14
2023-08-03 21,65,57,73,14
2023-08-03 22,57,53,67,14
2023-08-03 23,54,52,60,13
2023-08-04 00,52,49,59,15
2023-08-04 01,53,49,60,14
2023-08-04 02,54,48,59,13
2023-08-04 03,53,49,60,14
2023-08-04 04,55,49,63,15
2023-08-04 05,55,47,63,13
2023-08-04 06,74,67,79,3
2023-08-04 07,70,66,74,10
2023-08-04 08,70,63,80,12
2023-08-04 09,78,65,85,12
2023-08-04 10,160,111,173,155
2023-08-04 11,116,71,141,33
2023-08-04 12,88,79,94,14
2023-08-04 13,85,79,99,15
2023-08-04 14,85,80,93,12
2023-08-04 15,97,74,116,142
2023-08-04 16,81,75,88,11
2023-08-04 17,90,81,105,14
2023-08-04 18,80,71,92,15
2023-08-04 19,78,64,84,12
2023-08-04 20,86,82,100,13
2023-08-04 21,89,80,95,15
2023-08-04 22,76,66,95,13
2023-08-04 23,69,66,72,15
2023-08-05 00,69,67,75,12
2023-08-05 01,70,66,75,16
2023-08-05 02,65,59,71,14
2023-08-05 03,68,64,74,14
2023-08-05 04,66,63,70,13
2023-08-05 05,64,61,67,15
2023-08-05 06,66,60,99,12
2023-08-05 07,76,64,85,14
2023-08-05 08,77,71,99,13
2023-08-05 09,73,67,87,14
2023-08-05 10,86,78,95,19
2023-08-05 11,84,84,84,3
2023-08-05 13,72,69,75,9
2023-08-05 14,73,58,95,11
2023-08-05 15,66,58,81,12
2023-08-05 16,69,58,85,13
2023-08-05 17,72,64,81,14
2023-08-05 18,82,71,112,14
2023-08-05 19,76,68,84,13
2023-08-05 20,91,63,107,23
2023-08-05 21,75,67,105,15
2023-08-05 22,66,63,73,14
2023-08-05 23,66,62,70,13
2023-08-06 00,63,59,70,14
2023-08-06 01,62,58,69,14
2023-08-06 02,59,55,60,15
2023-08-06 03,59,53,69,14
2023-08-06 04,60,54,63,14
2023-08-06 05,65,59,71,13
2023-08-06 06,70,64,80,14
2023-08-06 07,67,57,90,15
2023-08-06 08,69,59,80,14
2023-08-06 09,81,70,85,11
2023-08-06 10,85,63,110,59
2023-08-06 11,67,58,92,13
2023-08-06 12,70,60,92,11
2023-08-06 13,76,59,103,28
2023-08-06 14,81,58,91,145
2023-08-06 15,66,58,72,13
2023-08-06 16,75,64,82,7
2023-08-06 17,86,63,99,33
2023-08-06 18,85,64,112,24
2023-08-06 19,74,68,80,12
2023-08-06 20,81,71,92,19
2023-08-06 21,76,69,85,12
2023-08-06 22,66,64,70,13
2023-08-06 23,68,64,72,13
2023-08-07 00,67,63,75,12
2023-08-07 01,65,60,70,12
2023-08-07 02,65,58,69,13
2023-08-07 03,58,54,63,12
2023-08-07 04,57,53,63,14
2023-08-07 05,61,53,65,11
2023-08-07 06,81,53,106,30
2023-08-07 07,63,55,71,8
2023-08-07 08,75,66,94,15
2023-08-07 09,80,65,95,15
2023-08-07 10,80,64,103,20
2023-08-07 11,67,59,70,13
2023-08-07 12,81,60,108,34
2023-08-07 13,82,61,121,31
2023-08-07 14,82,75,97,13
2023-08-07 15,73,66,85,12
2023-08-07 16,75,67,85,14
2023-08-07 17,74,63,86,12
2023-08-07 18,69,63,84,15
2023-08-07 19,65,60,70,14
2023-08-07 20,60,53,66,14
2023-08-07 21,56,47,59,14
2023-08-07 22,57,50,63,14
2023-08-07 23,55,52,59,13
2023-08-08 00,58,52,67,15
2023-08-08 01,52,45,57,14
2023-08-08 02,52,49,54,15
2023-08-08 06,69,69,69,1
2023-08-08 07,70,64,85,16
2023-08-08 08,79,65,89,13
2023-08-08 09,78,71,85,13
2023-08-08 10,68,60,73,14
2023-08-08 11,76,66,84,14
2023-08-08 12,104,67,123,38
2023-08-08 13,75,66,107,14
2023-08-08 14,71,63,82,14
2023-08-08 15,79,68,93,16
2023-08-08 16,79,63,98,20
2023-08-08 17,80,64,103,18
2023-08-08 18,80,74,85,15
2023-08-08 19,81,73,84,13
2023-08-08 20,92,73,103,38
2023-08-08 21,82,72,108,14
2023-08-08 22,102,63,151,25
2023-08-08 23,62,58,68,12
2023-08-09 00,59,52,63,15
2023-08-09 01,56,49,63,15
2023-08-09 02,60,52,66,14
2023-08-09 03,51,45,55,15
2023-08-09 04,54,49,60,14
2023-08-09 05,59,54,63,13
2023-08-09 06,76,58,97,12
2023-08-09 07,74,69,80,14
2023-08-09 08,75,68,83,13
2023-08-09 09,79,69,85,12
2023-08-09 10,75,73,78,3
2023-08-09 17,72,68,75,11
2023-08-09 18,76,67,108,15
2023-08-09 19,65,59,84,15
2023-08-09 20,61,56,66,14
2023-08-09 21,52,48,60,14
2023-08-09 22,48,46,52,14
2023-08-09 23,53,47,65,14
2023-08-10 00,48,47,49,13
2023-08-10 01,53,48,60,13
2023-08-10 02,50,46,58,15
2023-08-10 03,54,48,59,14
2023-08-10 04,53,49,58,15
2023-08-10 05,57,49,63,14
2023-08-10 06,77,59,92,10
2023-08-10 07,79,70,86,14
2023-08-10 08,77,71,97,15
2023-08-10 09,79,68,94,12
2023-08-10 10,74,71,79,14
2023-08-10 11,77,65,85,13
2023-08-10 12,77,72,84,15
2023-08-10 13,80,72,92,11
2023-08-10 14,158,129,173,195
2023-08-10 15,113,63,133,39
2023-08-10 16,89,78,100,14
2023-08-10 17,90,72,108,13
2023-08-10 18,81,67,98,12
2023-08-10 19,80,72,85,14
2023-08-10 21,77,73,80,5
2023-08-10 22,66,54,99,14
2023-08-10 23,56,53,60,14
2023-08-11 00,55,53,57,15
2023-08-11 01,58,53,65,13
2023-08-11 02,57,51,68,15
2023-08-11 03,56,53,64,13
2023-08-11 04,55,50,67,14
2023-08-11 05,70,58,86,12
2023-08-11 06,89,74,128,12
2023-08-11 07,123,109,159,36
2023-08-11 08,90,81,106,16
2023-08-11 09,85,78,98,15
2023-08-11 10,84,78,90,14
2023-08-11 11,84,74,92,13
2023-08-11 12,78,70,94,12
2023-08-11 13,74,69,88,12
2023-08-11 14,88,74,96,11
2023-08-11 15,86,82,91,13
2023-08-11 16,83,73,92,14
2023-08-11 17,88,80,99,12
2023-08-11 18,88,84,104,14
2023-08-11 19,88,83,106,12
2023-08-11 20,94,92,98,14
2023-08-11 21,91,81,101,6
2023-08-11 22,72,67,79,15
2023-08-11 23,76,72,80,14
2023-08-12 00,73,68,84,15
2023-08-12 01,66,63,73,14
2023-08-12 02,67,63,73,14
2023-08-12 03,62,58,76,12
2023-08-12 04,61,55,69,15
2023-08-12 05,63,57,73,13
2023-08-12 06,78,66,101,13
2023-08-12 07,76,63,88,9
2023-08-12 08,86,74,92,13
2023-08-12 09,76,63,91,14
2023-08-12 10,72,65,87,11
2023-08-12 11,70,60,88,14
2023-08-12 12,84,73,92,12
2023-08-12 13,80,68,90,13
2023-08-12 14,79,70,91,13
2023-08-12 15,85,74,97,18
2023-08-12 16,75,68,84,11
2023-08-12 17,75,63,87,13
2023-08-12 18,74,67,85,13
2023-08-12 19,69,63,83,13
2023-08-12 20,74,70,84,13
2023-08-12 21,59,57,63,3
2023-08-12 22,61,54,72,15
2023-08-12 23,59,54,68,13
2023-08-13 00,61,56,66,15
2023-08-13 01,56,52,58,14
2023-08-13 02,56,50,62,14
2023-08-13 03,61,52,67,13
2023-08-13 04,56,51,63,16
2023-08-13 05,58,52,63,13
2023-08-13 06,61,52,82,14
2023-08-13 07,88,73,104,19
2023-08-13 08,110,95,124,49
2023-08-13 09,89,84,104,13
2023-08-13 10,93,79,108,11
2023-08-13 11,81,74,87,12
2023-08-13 12,81,70,90,14
2023-08-13 13,84,73,92,12
2023-08-13 14,85,80,95,11
2023-08-13 15,87,81,99,13
2023-08-13 16,81,78,84,13
2023-08-13 17,85,75,97,32
2023-08-13 18,93,82,105,10
2023-08-13 19,86,79,101,14
2023-08-13 20,79,67,85,15
2023-08-13 21,71,63,80,12
2023-08-13 22,61,59,66,13
2023-08-13 23,59,57,61,14
2023-08-14 00,60,56,64,15
2023-08-14 01,55,51,58,13
2023-08-14 02,57,52,63,15
2023-08-14 03,55,50,63,14
2023-08-14 04,60,55,69,15
2023-08-14 05,92,59,137,17
2023-08-14 11,109,86,129,82
2023-08-14 12,110,80,151,48
2023-08-14 13,84,79,88,14
2023-08-14 14,82,79,85,13
2023-08-14 15,89,75,106,18
2023-08-14 16,85,78,94,14
2023-08-14 17,79,72,85,14
2023-08-14 18,85,72,95,11
2023-08-14 19,68,58,79,11
2023-08-14 20,60,55,67,14
2023-08-14 21,58,53,63,13
2023-08-14 22,56,52,64,15
2023-08-14 23,53,51,59,13
2023-08-15 00,54,50,60,16
2023-08-15 01,53,48,63,13
2023-08-15 02,54,49,63,16
2023-08-15 03,52,50,55,13
2023-08-15 04,56,49,68,16
2023-08-15 05,67,59,93,12
2023-08-15 06,69,58,79,14
2023-08-15 07,74,72,77,2
2023-08-15 09,77,72,82,2
2023-08-15 10,154,65,173,166
2023-08-15 11,93,89,98,13
2023-08-15 12,91,79,99,14
2023-08-15 13,84,83,85,13
2023-08-15 14,84,79,90,13
2023-08-15 15,84,71,92,14
2023-08-15 16,83,73,91,14
2023-08-15 17,90,75,112,13
2023-08-15 18,86,73,99,15
2023-08-15 19,71,67,85,13
2023-08-15 20,69,65,75,14
2023-08-15 21,66,58,93,14
2023-08-15 22,60,57,64,15
2023-08-15 23,58,54,64,13
2023-08-16 00,59,57,62,13
2023-08-16 01,57,52,64,15
2023-08-16 02,59,56,70,13
2023-08-16 03,60,57,64,14
2023-08-16 04,55,51,63,15
2023-08-16 05,75,63,91,6
2023-08-16 06,88,72,125,10
2023-08-16 07,118,105,152,36
2023-08-16 08,86,80,101,14
2023-08-16 09,80,72,85,13
2023-08-16 10,79,72,84,13
2023-08-16 11,81,76,85,14
2023-08-16 12,81,73,92,15
2023-08-16 13,79,74,84,11
2023-08-16 14,79,72,84,14
2023-08-16 15,84,72,93,13
2023-08-16 16,77,68,85,18
2023-08-16 17,86,70,96,11
2023-08-16 18,85,81,90,12
2023-08-16 19,86,80,99,12
2023-08-16 20,82,68,93,15
2023-08-16 21,69,57,96,15
2023-08-16 22,60,55,66,15
2023-08-16 23,59,54,68,13
2023-08-17 00,58,53,63,15
2023-08-17 01,54,52,55,14
2023-08-17 02,58,52,65,15
2023-08-17 03,56,52,63,13
2023-08-17 04,58,52,65,15
2023-08-17 05,69,63,88,5
2023-08-17 06,82,68,119,10
2023-08-17 07,112,99,162,78
2023-08-17 08,92,84,104,13
2023-08-17 09,85,74,102,13
2023-08-17 10,81,75,91,13
2023-08-17 11,82,71,99,13
2023-08-17 12,88,80,98,14
2023-08-17 13,81,72,85,13
2023-08-17 14,75,70,80,14
2023-08-17 15,80,72,92,11
2023-08-17 16,88,79,98,14
2023-08-17 17,85,79,99,10
2023-08-17 18,89,79,117,14
2023-08-17 19,73,66,80,13
2023-08-17 20,83,79,86,13
2023-08-17 21,78,73,80,12
2023-08-17 22,67,56,80,15
2023-08-17 23,57,51,68,14
2023-08-18 00,54,49,58,13
2023-08-18 01,54,52,58,13
2023-08-18 02,57,52,69,14
2023-08-18 03,55,49,63,14
2023-08-18 04,55,52,59,15
2023-08-18 05,63,58,91,13
2023-08-18 06,64,60,67,4
2023-08-18 07,173,84,178,47
2023-08-18 08,161,55,178,256
2023-08-18 09,88,81,93,14
2023-08-18 10,82,78,86,14
2023-08-18 11,76,68,84,13
2023-08-18 12,73,68,80,14
2023-08-18 13,71,64,84,13
2023-08-18 14,74,65,92,13
2023-08-18 15,90,65,111,32
2023-08-18 16,87,80,95,15
2023-08-18 17,84,80,94,13
2023-08-18 18,85,82,92,15
2023-08-18 19,85,84,87,14
2023-08-18 20,85,81,88,13
2023-08-18 21,85,83,96,13
2023-08-18 22,85,84,89,14
2023-08-18 23,83,78,86,13
2023-08-19 00,64,59,71,15
2023-08-19 01,67,60,73,14
2023-08-19 02,66,62,72,15
2023-08-19 03,65,59,72,14
2023-08-19 04,65,58,71,15
2023-08-19 05,64,59,69,14
2023-08-19 06,71,60,99,11
2023-08-19 07,74,65,91,13
2023-08-19 08,74,71,81,12
2023-08-19 09,73,59,88,12
2023-08-19 10,75,68,84,9
2023-08-19 13,73,66,81,4
2023-08-19 14,83,72,97,11
2023-08-19 15,74,64,83,14
2023-08-19 16,78,67,86,13
2023-08-19 17,80,68,95,13
2023-08-19 18,92,86,106,12
2023-08-19 19,88,79,104,15
2023-08-19 20,80,69,88,14
2023-08-19 21,64,54,84,16
2023-08-19 22,68,59,73,12
2023-08-19 23,63,58,70,14
2023-08-20 00,63,59,73,14
2023-08-20 01,65,59,73,14
2023-08-20 02,63,59,67,13
2023-08-20 03,66,62,71,15
2023-08-20 04,65,60,71,14
2023-08-20 05,61,52,67,13
2023-08-20 06,58,53,63,12
2023-08-20 07,68,56,90,11
2023-08-20 08,76,61,94,13
2023-08-20 09,112,75,126,41
2023-08-20 10,86,74,98,12
2023-08-20 11,87,77,93,13
2023-08-20 12,81,72,92,13
2023-08-20 13,76,66,88,13
2023-08-20 14,104,78,116,41
2023-08-20 15,77,74,80,14
2023-08-20 16,81,74,91,12
2023-08-20 17,84,74,93,10
2023-08-20 21,71,59,105,14
2023-08-20 22,59,53,74,13
2023-08-20 23,61,57,67,15
2023-08-21 00,54,50,55,14
2023-08-21 01,58,52,68,14
2023-08-21 02,52,48,56,13
2023-08-21 03,60,54,70,15
2023-08-21 04,57,53,61,14
2023-08-21 05,66,53,96,12
2023-08-21 06,80,60,105,17
2023-08-21 07,75,63,80,13
2023-08-21 08,73,66,84,15
2023-08-21 09,71,67,74,11
2023-08-21 10,77,68,85,14
2023-08-21 11,83,75,85,12
2023-08-21 12,80,73,90,14
2023-08-21 13,76,66,84,13
2023-08-21 14,93,74,111,7
2023-08-21 15,104,75,133,53
2023-08-21 16,78,70,91,12
2023-08-21 17,82,75,87,11
2023-08-21 18,72,63,91,16
2023-08-21 19,67,63,72,14
2023-08-21 20,64,58,70,14
2023-08-21 21,63,52,75,13
2023-08-21 22,54,49,68,14
2023-08-21 23,60,54,66,13
2023-08-22 00,53,50,56,15
2023-08-22 01,55,49,68,14
2023-08-22 02,57,51,65,16
2023-08-22 03,58,55,60,13
2023-08-22 04,59,52,66,13
2023-08-22 05,74,52,102,13
2023-08-22 06,84,72,109,13
2023-08-22 07,76,70,80,13
2023-08-22 08,76,72,80,9
2023-08-22 10,96,96,96,1
2023-08-22 11,128,99,173,93
2023-08-22 12,96,85,116,13
2023-08-22 13,94,89,98,12
2023-08-22 14,86,79,90,13
2023-08-22 15,85,80,93,12
2023-08-22 16,83,72,89,12
2023-08-22 17,87,79,103,51
2023-08-22 18,84,65,117,16
2023-08-22 19,73,73,73,1
2023-08-22 20,65,58,71,13
2023-08-22 21,58,54,63,15
2023-08-22 22,57,53,64,14
2023-08-22 23,57,53,63,13
2023-08-23 00,53,48,59,13
2023-08-23 01,58,52,63,15
2023-08-23 02,58,54,62,13
2023-08-23 03,59,53,64,14
2023-08-23 04,60,54,66,14
2023-08-23 05,69,53,100,13
2023-08-23 06,85,71,96,11
2023-08-23 07,83,70,98,10
2023-08-23 08,89,63,109,95
2023-08-23 09,93,80,103,21
2023-08-23 10,99,72,122,58
2023-08-23 11,85,71,131,11
2023-08-23 12,116,98,134,47
2023-08-23 13,86,79,93,12
2023-08-23 14,82,67,105,13
2023-08-23 15,82,75,99,13
2023-08-23 16,82,62,92,12
2023-08-23 17,79,70,102,10
2023-08-23 18,79,70,94,12
2023-08-23 19,71,64,77,13
2023-08-23 20,67,63,72,14
2023-08-23 21,59,54,67,12
2023-08-23 22,59,51,68,15
2023-08-23 23,57,48,64,14
2023-08-24 00,57,52,58,13
2023-08-24 01,59,52,67,15
2023-08-24 02,59,52,64,12
2023-08-24 03,60,54,66,15
2023-08-24 04,59,54,63,7
2023-08-24 06,79,79,79,1
2023-08-24 13,70,63,76,12
2023-08-24 14,114,68,129,50
2023-08-24 15,113,89,133,87
2023-08-24 16,92,83,98,13
2023-08-24 17,85,76,94,13
2023-08-24 18,78,70,80,11
2023-08-24 19,77,67,85,15
2023-08-24 20,63,58,69,15
2023-08-24 21,59,55,63,14
2023-08-24 22,59,53,67,15
2023-08-24 23,57,52,67,13
2023-08-25 00,57,52,60,15
2023-08-25 01,56,51,61,13
2023-08-25 02,54,47,64,15
2023-08-25 03,53,47,59,14
2023-08-25 04,52,49,58,15
2023-08-25 05,70,58,98,15
2023-08-25 06,78,68,95,11
2023-08-25 07,72,65,89,13
2023-08-25 08,132,65,168,635
2023-08-25 09,131,86,153,840
2023-08-25 10,87,81,93,15
2023-08-25 11,90,84,94,10
2023-08-25 13,79,75,84,6
2023-08-25 14,77,65,95,13
2023-08-25 15,76,65,84,14
2023-08-25 16,83,74,92,14
2023-08-25 17,94,85,125,13
2023-08-25 18,95,85,108,15
2023-08-25 19,87,84,93,12
2023-08-25 20,114,84,147,19
2023-08-25 21,83,79,85,14
2023-08-25 22,91,79,99,13
2023-08-25 23,69,64,74,15
2023-08-26 00,68,66,79,13
2023-08-26 01,74,67,109,15
2023-08-26 02,73,64,83,15
2023-08-26 03,73,68,79,13
2023-08-26 04,72,65,80,15
2023-08-26 05,64,59,73,13
2023-08-26 06,67,58,97,20
2023-08-26 07,69,58,85,10
2023-08-26 08,85,63,166,36
2023-08-26 09,75,67,84,13
2023-08-26 10,69,59,84,14
2023-08-26 11,64,60,68,8
2023-08-26 12,72,59,86,13
2023-08-26 13,66,59,78,11
2023-08-26 14,74,59,93,13
2023-08-26 15,86,84,90,11
2023-08-26 16,88,83,98,12
2023-08-26 17,86,79,97,11
2023-08-26 18,92,92,92,1
2023-08-27 06,61,59,65,8
2023-08-27 07,70,55,100,12
2023-08-27 08,90,66,117,9
2023-08-27 09,108,82,131,80
2023-08-27 10,83,72,114,20
2023-08-27 11,83,68,114,12
2023-08-27 12,79,70,87,9
2023-08-27 13,84,75,97,11
2023-08-27 14,84,80,88,12
2023-08-27 15,83,77,89,14
2023-08-27 16,82,78,89,12
2023-08-27 17,74,64,85,13
2023-08-27 18,74,60,91,12
2023-08-27 19,76,75,77,4
2023-08-27 20,65,61,71,14
2023-08-27 21,62,54,67,13
2023-08-27 22,60,55,66,14
2023-08-27 23,62,56,68,14
2023-08-28 00,58,55,60,14
2023-08-28 01,57,53,60,15
2023-08-28 02,52,49,55,14
2023-08-28 03,55,51,63,14
2023-08-28 04,54,49,63,13
2023-08-28 05,61,47,87,15
2023-08-28 06,156,54,177,113
2023-08-28 07,154,103,169,1260
2023-08-28 08,98,81,116,22
2023-08-28 09,87,80,94,15
2023-08-28 10,82,73,102,13
2023-08-28 11,87,80,94,14
2023-08-28 12,92,77,117,17
2023-08-28 13,82,74,85,13
2023-08-28 14,77,73,84,12
2023-08-28 15,76,73,80,14
2023-08-28 16,78,70,82,12
2023-08-28 17,80,73,100,15
2023-08-28 18,79,74,86,14
2023-08-28 19,80,79,81,15
2023-08-28 20,75,71,79,12
2023-08-28 21,63,58,81,17
2023-08-28 22,61,58,67,14
2023-08-28 23,60,58,67,15
2023-08-29 00,59,54,67,14
2023-08-29 01,57,54,64,15
2023-08-29 02,57,54,66,14
2023-08-29 03,60,59,61,4
2023-08-29 05,84,84,84,1
2023-08-29 08,82,69,89,10
2023-08-29 09,81,75,88,13
2023-08-29 10,73,70,77,13
2023-08-29 11,91,71,105,22
2023-08-29 12,111,92,135,37
2023-08-29 13,111,84,132,123
2023-08-29 14,85,84,87,14
2023-08-29 15,83,74,90,11
2023-08-29 16,81,70,90,13
2023-08-29 17,82,78,85,12
2023-08-29 18,74,67,82,13
2023-08-29 19,70,63,79,14
2023-08-29 20,65,56,89,15
2023-08-29 21,58,54,63,14
2023-08-29 22,57,54,65,15
2023-08-29 23,61,56,64,14
2023-08-30 00,55,52,56,15
2023-08-30 01,54,48,60,14
2023-08-30 02,58,51,67,15
2023-08-30 03,60,53,67,12
2023-08-30 04,56,52,64,16
2023-08-30 05,75,64,103,15
2023-08-30 06,88,72,122,14
2023-08-30 07,121,107,152,55
2023-08-30 08,90,84,110,12
2023-08-30 09,85,80,94,13
2023-08-30 10,84,73,97,14
2023-08-30 11,83,73,98,13
2023-08-30 12,80,76,85,2
2023-08-30 15,82,77,88,7
2023-08-30 16,83,76,88,13
2023-08-30 17,82,76,85,14
2023-08-30 18,83,79,87,14
2023-08-30 19,84,78,107,18
2023-08-30 20,79,70,84,15
2023-08-30 21,68,59,85,13
2023-08-30 22,67,63,73,15
2023-08-30 23,62,58,66,13
2023-08-31 00,62,55,72,16
2023-08-31 01,60,55,63,13
2023-08-31 02,57,53,60,14
2023-08-31 03,57,52,63,14
2023-08-31 04,57,52,67,14
2023-08-31 05,69,60,94,15
2023-08-31 06,83,70,109,17
2023-08-31 07,109,94,141,56
2023-08-31 08,91,77,116,17
2023-08-31 09,80,72,85,13
2023-08-31 10,92,75,120,13
2023-08-31 11,83,73,105,12
2023-08-31 12,77,69,85,14
2023-08-31 13,78,70,85,13
2023-08-31 14,74,62,85,14
2023-08-31 15,70,63,88,13
2023-08-31 16,71,62,84,13
2023-08-31 17,75,67,89,13
2023-08-31 18,85,69,112,15
2023-08-31 19,66,59,81,13
2023-08-31 20,65,65,65,1
2023-08-31 21,66,57,87,7
2023-08-31 22,55,52,63,14
2023-08-31 23,58,55,63,13
2023-09-01 00,57,52,68,14
2023-09-01 01,57,53,60,14
2023-09-01 02,55,52,61,13
2023-09-01 03,58,52,64,14
2023-09-01 04,54,51,56,15
2023-09-01 05,68,59,86,12
2023-09-01 06,71,59,86,16
2023-09-01 07,132,65,148,789
2023-09-01 08,136,122,149,1442
2023-09-01 09,129,84,142,297
2023-09-01 10,92,85,99,14
2023-09-01 11,86,75,100,14
2023-09-01 12,77,65,85,16
2023-09-01 13,72,65,82,12
2023-09-01 14,79,70,84,14
2023-09-01 15,82,73,91,15
2023-09-01 16,87,80,99,16
2023-09-01 17,84,79,92,12
2023-09-01 18,83,80,85,13
2023-09-01 19,82,80,84,10
2023-09-02 01,71,69,73,6
2023-09-02 02,71,60,80,13
2023-09-02 03,68,62,72,13
2023-09-02 04,66,62,71,14
2023-09-02 05,63,54,72,12
2023-09-02 06,57,54,59,15
2023-09-02 07,81,66,95,11
2023-09-02 08,80,71,91,16
2023-09-02 09,93,67,106,40
2023-09-02 10,70,62,75,15
2023-09-02 11,73,66,81,12
2023-09-02 12,80,70,89,10
2023-09-02 13,84,72,96,13
2023-09-02 14,80,72,91,14
2023-09-02 15,87,70,116,23
2023-09-02 16,83,75,89,12
2023-09-02 17,87,79,101,12
2023-09-02 18,88,84,92,14
2023-09-02 19,117,80,157,22
2023-09-02 20,95,85,113,15
2023-09-02 21,83,72,99,13
2023-09-02 22,79,72,84,15
2023-09-02 23,73,63,84,14
2023-09-03 00,73,67,79,14
2023-09-03 01,69,63,75,13
2023-09-03 02,67,60,73,15
2023-09-03 03,63,59,67,13
2023-09-03 04,63,58,70,15
2023-09-03 05,64,57,71,13
2023-09-03 06,60,58,63,6
2023-09-03 07,88,70,108,13
2023-09-03 08,108,72,132,68
2023-09-03 09,95,73,110,27
2023-09-03 10,84,71,94,16
2023-09-03 11,76,65,105,14
2023-09-03 12,79,69,84,14
2023-09-03 13,78,68,85,13
2023-09-03 14,73,65,88,14
2023-09-03 15,84,61,112,91
2023-09-03 16,70,60,78,13
2023-09-03 17,77,66,84,14
2023-09-03 18,81,72,86,14
2023-09-03 19,62,54,79,12
2023-09-03 20,51,48,55,16
2023-09-03 21,56,50,67,14
2023-09-03 22,58,55,63,14
2023-09-03 23,59,56,63,13
2023-09-04 00,55,53,58,16
2023-09-04 01,58,53,72,14
2023-09-04 02,55,51,63,14
2023-09-04 03,59,55,62,13
2023-09-04 04,56,49,59,16
2023-09-04 05,59,51,86,13
2023-09-04 07,156,64,176,12
2023-09-04 08,165,109,176,1068
2023-09-04 09,102,94,111,12
2023-09-04 10,93,85,108,13
2023-09-04 11,84,73,94,14
2023-09-04 12,90,72,111,26
2023-09-04 13,72,66,76,11
2023-09-04 14,74,65,85,11
2023-09-04 15,69,63,74,19
2023-09-04 16,70,60,79,15
2023-09-04 17,67,63,72,12
2023-09-04 18,69,63,79,14
2023-09-04 19,58,50,70,13
2023-09-04 20,59,52,69,14
2023-09-04 21,57,55,59,14
2023-09-04 22,59,55,64,15
2023-09-04 23,53,50,57,13
2023-09-05 00,55,52,60,14
2023-09-05 01,54,50,64,14
2023-09-05 02,56,50,63,15
2023-09-05 03,58,54,63,13
2023-09-05 04,56,49,64,14
2023-09-05 05,66,59,76,12
2023-09-05 06,72,63,81,11
2023-09-05 07,77,66,91,12
2023-09-05 08,74,66,85,10
2023-09-05 10,77,72,83,9
2023-09-05 11,77,70,84,14
2023-09-05 12,80,64,103,16
2023-09-05 13,109,73,127,95
2023-09-05 14,104,86,127,85
2023-09-05 15,84,79,92,12
2023-09-05 16,88,79,113,15
2023-09-05 17,79,72,87,12
2023-09-05 18,78,72,91,15
2023-09-05 19,78,72,95,12
2023-09-05 20,76,66,87,13
2023-09-05 21,69,59,80,14
2023-09-05 22,55,47,63,15
2023-09-05 23,55,52,61,14
2023-09-06 00,57,52,63,15
2023-09-06 01,53,50,60,14
2023-09-06 02,55,51,60,14
2023-09-06 03,60,54,70,14
2023-09-06 04,59,53,64,15
2023-09-06 05,72,55,99,16
2023-09-06 06,93,69,132,12
2023-09-06 07,109,97,138,56
2023-09-06 08,88,76,104,7
2023-09-06 15,78,72,83,6
2023-09-06 16,80,70,89,13
2023-09-06 17,75,65,89,15
2023-09-06 18,81,71,100,15
2023-09-06 19,72,68,74,14
2023-09-06 20,69,67,73,14
2023-09-06 21,68,58,112,14
2023-09-06 22,58,51,67,14
2023-09-06 23,56,52,59,13
2023-09-07 00,55,50,61,16
2023-09-07 01,53,49,56,14
2023-09-07 02,56,50,63,14
2023-09-07 03,54,52,59,14
2023-09-07 04,57,51,69,15
2023-09-07 05,69,58,93,14
2023-09-07 06,79,61,102,16
2023-09-07 07,78,68,88,13
2023-09-07 08,84,72,91,13
2023-09-07 09,82,73,104,13
2023-09-07 10,80,68,91,13
2023-09-07 11,74,66,80,12
2023-09-07 12,73,62,84,14
2023-09-07 13,101,65,122,6
2023-09-07 14,108,80,123,51
2023-09-07 15,83,77,92,11
2023-09-07 16,82,71,90,11
2023-09-07 17,87,77,99,12
2023-09-07 18,87,80,98,11
2023-09-07 19,85,83,93,13
2023-09-07 20,87,84,90,14
2023-09-07 21,82,78,85,14
2023-09-08 05,93,93,93,1
2023-09-08 06,77,66,85,12
2023-09-08 07,136,120,168,1394
2023-09-08 08,136,88,149,1162
2023-09-08 09,98,87,115,12
2023-09-08 10,88,84,93,13
2023-09-08 11,86,81,93,12
2023-09-08 12,79,65,85,13
2023-09-08 13,72,65,96,13
2023-09-08 14,79,64,95,14
2023-09-08 15,82,74,90,15
2023-09-08 16,87,77,110,14
2023-09-08 17,86,79,101,13
2023-09-08 18,87,84,95,13
2023-09-08 19,84,82,93,14
2023-09-08 20,80,70,88,15
2023-09-08 21,75,72,79,14
2023-09-08 22,79,74,84,15
2023-09-08 23,75,71,81,13
2023-09-09 00,76,70,112,15
2023-09-09 01,70,63,74,14
2023-09-09 02,71,64,78,12
2023-09-09 03,67,59,75,14
2023-09-09 04,60,56,63,15
2023-09-09 05,62,59,63,4
2023-09-09 07,67,56,72,10
2023-09-09 08,73,62,91,15
2023-09-09 09,74,55,90,30
2023-09-09 10,74,63,84,12
2023-09-09 11,84,79,97,7
2023-09-09 12,69,59,84,14
2023-09-09 13,78,67,90,10
2023-09-09 14,75,65,85,13
2023-09-09 15,69,63,74,12
2023-09-09 16,84,80,87,14
2023-09-09 17,86,79,100,12
2023-09-09 18,82,75,93,14
2023-09-09 19,83,71,92,7
2023-09-10 13,84,64,105,17
2023-09-10 14,75,63,97,16
2023-09-10 15,87,73,104,12
2023-09-10 16,86,68,118,13
2023-09-10 17,75,67,89,14
2023-09-10 18,70,60,91,12
2023-09-10 19,73,63,105,14
2023-09-10 20,58,56,63,15
2023-09-10 21,58,53,67,15
2023-09-10 22,60,53,67,13
2023-09-10 23,54,50,60,16
2023-09-11 00,52,50,54,14
2023-09-11 01,59,52,66,15
2023-09-11 02,54,52,60,14
2023-09-11 03,57,52,64,14
2023-09-11 04,58,53,63,15
2023-09-11 05,67,52,91,17
2023-09-11 06,74,65,85,13
2023-09-11 07,71,61,80,12
2023-09-11 08,80,70,91,13
2023-09-11 09,82,73,91,15
2023-09-11 10,74,68,90,11
2023-09-11 11,74,66,83,13
2023-09-11 12,72,65,86,14
2023-09-11 13,74,64,89,12
2023-09-11 14,108,72,131,50
2023-09-11 15,86,76,95,11
2023-09-11 16,86,79,93,11
2023-09-11 17,79,74,84,15
2023-09-11 18,82,68,103,12
2023-09-11 19,72,66,88,7
2023-09-11 21,54,52,55,6
2023-09-11 22,56,50,60,13
2023-09-11 23,54,53,57,13
2023-09-12 00,58,52,64,15
2023-09-12 01,54,51,58,14
2023-09-12 02,53,47,60,15
2023-09-12 03,51,47,64,14
2023-09-12 04,54,51,60,13
2023-09-12 05,66,55,102,15
2023-09-12 06,73,62,81,13
2023-09-12 07,74,63,99,16
2023-09-12 08,79,67,93,13
2023-09-12 09,82,68,91,13
2023-09-12 10,78,71,94,15
2023-09-12 11,75,66,84,15
2023-09-12 12,77,65,113,14
2023-09-12 13,79,66,95,14
2023-09-12 14,110,75,125,23
2023-09-12 15,93,81,105,50
2023-09-12 16,88,68,99,11
2023-09-12 17,85,73,98,14
2023-09-12 18,87,70,105,10
2023-09-12 19,74,63,84,14
2023-09-12 20,67,54,90,12
2023-09-12 21,58,55,62,15
2023-09-12 22,61,51,99,14
2023-09-12 23,60,55,67,15
2023-09-13 00,55,52,62,13
2023-09-13 01,59,54,71,13
2023-09-13 02,59,51,66,15
2023-09-13 03,62,58,67,13
2023-09-13 04,58,55,63,15
2023-09-13 05,62,55,70,15
2023-09-13 06,67,55,99,9
2023-09-13 07,73,63,84,16
2023-09-13 08,73,66,85,14
2023-09-13 09,80,73,93,9
2023-09-13 14,79,67,87,10
2023-09-13 15,83,78,93,16
2023-09-13 16,75,63,84,14
2023-09-13 17,81,72,100,15
2023-09-13 18,94,80,112,14
2023-09-13 19,87,78,110,14
2023-09-13 20,73,64,84,15
2023-09-13 21,65,57,84,15
2023-09-13 22,63,58,70,14
2023-09-13 23,58,52,64,15
2023-09-14 00,57,52,68,14
2023-09-14 01,57,52,62,15
2023-09-14 02,58,54,62,13
2023-09-14 03,59,52,63,14
2023-09-14 04,52,50,54,14
2023-09-14 05,67,54,89,12
2023-09-14 06,77,71,87,13
2023-09-14 07,70,65,87,13
2023-09-14 08,71,68,73,12
2023-09-14 09,66,55,84,14
2023-09-14 10,65,59,72,14
2023-09-14 11,163,63,175,251
2023-09-14 12,162,88,171,676
2023-09-14 13,105,90,126,5
2023-09-14 14,92,84,104,11
2023-09-14 15,88,78,106,13
2023-09-14 16,93,85,106,11
2023-09-14 17,92,86,99,12
2023-09-14 18,92,91,94,4
2023-09-15 07,81,70,95,10
2023-09-15 08,74,67,84,10
2023-09-15 09,78,70,96,16
2023-09-15 10,88,69,101,31
2023-09-15 11,77,69,85,11
2023-09-15 12,79,73,92,13
2023-09-15 13,78,72,87,14
2023-09-15 14,73,66,79,11
2023-09-15 15,74,71,80,15
2023-09-15 16,74,65,95,14
2023-09-15 17,90,74,115,30
2023-09-15 18,83,80,87,12
2023-09-15 19,75,65,87,14
2023-09-15 20,77,62,99,20
2023-09-15 21,67,59,79,14
2023-09-15 22,64,58,71,15
2023-09-15 23,70,63,80,13
2023-09-16 00,60,55,66,13
2023-09-16 01,64,59,73,16
2023-09-16 02,63,58,69,13
2023-09-16 03,65,58,79,16
2023-09-16 04,57,53,68,12
2023-09-16 05,69,60,84,13
2023-09-16 06,69,59,79,15
2023-09-16 07,73,63,86,15
2023-09-16 08,62,55,73,13
2023-09-16 09,60,54,69,15
2023-09-16 10,72,66,74,13
2023-09-16 11,74,66,82,13
2023-09-16 12,77,71,86,14
2023-09-16 13,87,60,119,20
2023-09-16 14,75,64,88,13
2023-09-16 15,69,60,75,14
2023-09-16 16,71,67,80,12
2023-09-16 17,74,67,83,13
2023-09-16 18,81,69,85,5
2023-09-17 00,85,80,98,6
2023-09-17 01,82,74,88,13
2023-09-17 02,79,73,84,15
2023-09-17 03,67,54,84,13
2023-09-17 04,55,51,64,14
2023-09-17 05,56,50,64,12
2023-09-17 06,54,51,63,16
2023-09-17 07,55,50,63,13
2023-09-17 08,57,47,81,15
2023-09-17 09,56,50,66,15
2023-09-17 10,60,56,65,15
2023-09-17 11,65,54,71,11
2023-09-17 12,97,63,153,28
2023-09-17 13,143,90,166,1046
2023-09-17 14,91,80,109,16
2023-09-17 15,91,79,103,13
2023-09-17 16,92,82,132,14
2023-09-17 17,105,84,136,20
2023-09-17 18,83,74,91,13
2023-09-17 19,79,72,86,12
2023-09-17 20,82,74,98,15
2023-09-17 21,75,62,89,15
2023-09-17 22,67,59,84,13
2023-09-17 23,72,66,83,14
2023-09-18 00,77,65,85,13
2023-09-18 01,78,68,84,14
2023-09-18 02,74,68,90,14
2023-09-18 03,66,58,72,14
2023-09-18 04,55,50,64,14
2023-09-18 05,57,53,61,14
2023-09-18 06,58,50,67,15
2023-09-18 07,57,50,71,13
2023-09-18 08,53,50,60,12
2023-09-18 09,62,53,84,15
2023-09-18 10,58,54,67,9
2023-09-18 13,66,60,68,14
2023-09-18 14,71,64,81,12
2023-09-18 15,69,58,76,13
2023-09-18 16,71,60,93,16
2023-09-18 17,76,62,92,12
2023-09-18 18,81,66,95,14
2023-09-18 19,77,67,85,15
2023-09-18 20,69,66,73,5
2023-09-18 21,66,57,83,13
2023-09-18 22,71,60,79,14
2023-09-18 23,67,59,75,12
2023-09-19 00,62,52,77,15
2023-09-19 01,71,65,85,14
2023-09-19 02,74,69,80,14
2023-09-19 03,66,55,72,14
2023-09-19 04,57,52,67,15
2023-09-19 05,56,49,67,12
2023-09-19 06,53,49,62,15
2023-09-19 07,52,48,59,14
2023-09-19 08,55,53,62,13
2023-09-19 09,58,52,69,14
2023-09-19 10,58,51,67,15
2023-09-19 11,66,58,86,13
2023-09-19 12,77,61,93,15
2023-09-19 13,91,84,99,4
2023-09-19 14,83,74,91,17
2023-09-19 15,83,70,95,22
2023-09-19 16,79,65,92,16
2023-09-19 17,83,73,94,13
2023-09-19 18,88,78,148,12
2023-09-19 19,112,95,142,33
2023-09-19 20,95,84,108,16
2023-09-19 21,137,90,154,33
2023-09-19 22,104,96,121,49
2023-09-19 23,100,93,111,13
2023-09-20 00,91,85,99,15
2023-09-20 01,81,73,87,13
2023-09-20 02,71,61,79,15
2023-09-20 03,67,58,72,12
2023-09-20 04,64,57,75,16
2023-09-20 05,63,55,79,13
2023-09-20 06,58,50,66,16
2023-09-20 07,60,53,71,13
2023-09-20 08,64,58,70,14
2023-09-20 09,61,51,81,14
2023-09-20 10,57,55,63,15
2023-09-20 11,69,59,83,14
2023-09-20 12,85,76,94,13
2023-09-20 13,85,83,90,12
2023-09-20 14,84,79,100,12
2023-09-20 15,86,76,98,12
2023-09-20 16,87,80,105,23
2023-09-20 17,79,74,84,13
2023-09-20 18,84,66,104,18
2023-09-20 23,83,74,86,7
2023-09-21 00,78,71,86,16
2023-09-21 01,76,72,79,14
2023-09-21 02,67,59,83,14
2023-09-21 03,61,59,64,15
2023-09-21 04,60,56,66,14
2023-09-21 05,62,53,72,13
2023-09-21 06,61,57,63,15
2023-09-21 07,61,55,71,13
2023-09-21 08,62,58,67,15
2023-09-21 09,67,60,73,14
2023-09-21 10,69,60,85,15
2023-09-21 11,79,64,88,13
2023-09-21 12,165,71,176,534
2023-09-21 13,154,141,164,1422
2023-09-21 14,143,85,156,172
2023-09-21 15,92,85,100,13
2023-09-21 16,90,83,120,11
2023-09-21 17,87,80,109,15
2023-09-21 18,101,80,115,174
2023-09-21 19,85,80,90,13
2023-09-21 20,80,76,84,13
2023-09-21 21,83,79,87,11
2023-09-21 22,80,73,93,14
2023-09-21 23,78,61,90,13
2023-09-22 00,76,67,85,13
2023-09-22 01,77,71,81,14
2023-09-22 02,84,84,84,1
2023-09-22 04,83,79,92,10
2023-09-22 05,75,63,84,12
2023-09-22 06,62,57,72,15
2023-09-22 07,62,58,72,12
2023-09-22 08,68,61,84,16
2023-09-22 09,69,63,84,14
2023-09-22 10,66,61,74,14
2023-09-22 11,66,59,84,13
2023-09-22 12,78,69,100,15
2023-09-22 13,85,76,93,12
2023-09-22 14,73,65,91,14
2023-09-22 15,70,58,89,13
2023-09-22 16,83,72,94,12
2023-09-22 17,82,69,92,14
2023-09-22 18,78,66,92,14
2023-09-22 19,72,61,86,12
2023-09-22 20,75,62,92,13
2023-09-22 21,67,58,80,12
2023-09-22 22,66,59,74,15
2023-09-22 23,63,55,68,14
2023-09-23 00,71,58,85,12
2023-09-23 01,79,65,96,20
2023-09-23 02,66,57,80,14
2023-09-23 03,57,50,67,13
2023-09-23 04,55,51,67,16
2023-09-23 05,56,52,64,14
2023-09-23 06,57,51,71,15
2023-09-23 07,52,50,57,12
2023-09-23 08,55,49,62,15
2023-09-23 09,54,46,64,14
2023-09-23 10,55,49,63,15
2023-09-23 11,57,49,91,13
2023-09-23 12,61,56,80,13
2023-09-23 13,69,64,80,6
2023-09-23 14,160,62,170,377
2023-09-23 15,133,80,159,561
2023-09-23 16,97,64,111,90
2023-09-23 17,81,75,86,12
2023-09-23 18,80,73,87,14
2023-09-23 19,78,66,88,12
2023-09-23 20,79,70,87,13
2023-09-23 21,81,74,86,12
2023-09-23 22,75,66,86,13
2023-09-23 23,63,63,63,1
2023-09-24 01,61,59,71,5
2023-09-24 02,69,55,81,12
2023-09-24 03,64,54,74,16
2023-09-24 04,60,53,65,13
2023-09-24 05,54,49,64,13
2023-09-24 06,54,52,60,14
2023-09-24 07,55,49,62,16
2023-09-24 08,56,52,64,13
2023-09-24 09,54,49,63,16
2023-09-24 10,59,54,66,13
2023-09-24 11,56,49,63,15
2023-09-24 12,63,55,72,12
2023-09-24 13,110,68,144,1227
2023-09-24 14,94,75,102,504
2023-09-24 15,84,76,91,14
2023-09-24 16,83,67,106,17
2023-09-24 17,82,72,96,19
2023-09-24 18,71,64,80,13
2023-09-24 19,81,63,86,13
2023-09-24 20,78,71,84,13
2023-09-24 21,80,74,84,15
2023-09-24 22,74,59,87,12
2023-09-24 23,77,64,84,15
2023-09-25 00,78,67,101,13
2023-09-25 01,76,66,84,14
2023-09-25 02,66,54,79,13
2023-09-25 03,59,53,72,16
2023-09-25 04,57,52,66,13
2023-09-25 05,57,53,70,16
2023-09-25 06,56,49,66,14
2023-09-25 07,61,58,64,9
2023-09-25 18,75,68,79,4
2023-09-25 19,162,68,174,959
2023-09-25 20,150,89,168,474
2023-09-25 21,87,84,94,14
2023-09-25 22,85,79,93,12
2023-09-25 23,96,82,109,38
2023-09-26 00,89,84,98,13
2023-09-26 01,83,78,92,14
2023-09-26 02,83,75,100,14
2023-09-26 03,73,66,83,14
2023-09-26 04,72,64,79,13
2023-09-26 05,65,59,72,16
2023-09-26 06,60,54,66,7
2023-09-26 07,63,57,70,15
2023-09-26 08,62,58,64,14
2023-09-26 09,64,59,69,15
2023-09-26 10,67,61,81,14
2023-09-26 11,65,60,71,13
2023-09-26 12,69,63,87,13
2023-09-26 13,78,74,84,14
2023-09-26 14,74,66,79,12
2023-09-26 15,78,66,122,16
2023-09-26 16,76,69,83,12
2023-09-26 17,89,73,124,78
2023-09-26 18,86,73,97,13
2023-09-26 19,90,89,91,4
2023-09-26 20,112,97,123,4
2023-09-26 21,83,78,91,51
2023-09-26 22,81,75,90,15
2023-09-26 23,82,76,88,13
2023-09-27 00,80,72,85,13
2023-09-27 01,83,80,85,15
2023-09-27 02,82,74,84,14
2023-09-27 03,79,62,119,15
2023-09-27 04,67,59,72,13
2023-09-27 05,68,59,72,15
2023-09-27 06,69,66,80,14
2023-09-27 07,61,52,72,14
2023-09-27 08,60,50,75,15
2023-09-27 09,61,54,73,15
2023-09-27 10,61,53,81,12
2023-09-27 11,69,58,92,13
2023-09-27 12,82,82,82,1
2023-09-27 13,71,64,78,10
2023-09-27 14,76,71,82,13
2023-09-27 15,82,71,113,22
2023-09-27 16,76,64,91,14
2023-09-27 17,84,76,92,11
2023-09-27 18,77,73,83,13
2023-09-27 19,78,72,86,15
2023-09-27 20,88,71,102,52
2023-09-27 21,83,72,98,13
2023-09-27 22,82,70,91,13
2023-09-27 23,74,68,88,15
2023-09-28 00,76,71,84,14
2023-09-28 01,102,73,113,29
2023-09-28 02,81,72,89,13
2023-09-28 03,83,70,98,60
2023-09-28 04,71,64,87,14
2023-09-28 05,70,63,80,12
2023-09-28 06,66,54,84,14
2023-09-28 07,54,45,63,14
2023-09-28 08,58,54,62,14
2023-09-28 09,58,53,75,14
2023-09-28 10,59,52,66,13
2023-09-28 11,58,54,64,14
2023-09-28 12,67,59,100,12
2023-09-28 13,141,75,163,1039
2023-09-28 14,120,88,151,436
2023-09-28 15,90,84,97,11
2023-09-28 16,92,84,102,12
2023-09-28 17,80,74,84,14
2023-09-28 18,83,72,109,15
2023-09-28 19,87,75,113,14
2023-09-28 20,74,70,77,12
2023-09-28 21,76,63,101,16
2023-09-28 22,73,70,78,13
2023-09-28 23,72,59,88,12
2023-09-29 00,76,67,84,14
2023-09-29 01,88,68,97,49
2023-09-29 02,92,63,117,246
2023-09-29 03,65,58,75,14
2023-09-29 04,63,58,67,14
2023-09-29 05,57,51,63,15
2023-09-29 06,57,52,63,13
2023-09-29 07,56,52,64,14
2023-09-29 08,54,51,64,15
2023-09-29 09,60,53,72,15
2023-09-29 10,55,52,60,13
2023-09-29 11,60,58,63,15
2023-09-29 12,62,56,67,12
2023-09-29 13,92,57,109,44
2023-09-29 14,83,64,104,47
2023-09-29 15,83,73,102,10
2023-09-29 16,77,68,89,14
2023-09-29 17,84,79,93,14
2023-09-29 18,93,74,150,30
2023-09-29 19,105,77,126,65
2023-09-29 20,84,67,93,11
2023-09-29 21,83,73,93,15
2023-09-29 22,95,73,114,22
2023-09-29 23,82,73,89,14
2023-09-30 00,86,84,91,12
2023-09-30 01,84,74,94,13
2023-09-30 02,90,83,99,12
2023-09-30 03,100,84,106,49
2023-09-30 04,92,85,99,12
2023-09-30 05,93,90,99,13
2023-09-30 06,90,84,98,13
2023-09-30 07,110,85,124,37
2023-09-30 08,94,71,127,20
2023-09-30 09,74,70,84,13
2023-09-30 10,76,72,84,12
2023-09-30 11,75,67,94,14
2023-09-30 12,69,64,79,6
2023-10-01 00,92,78,99,8
2023-10-01 01,88,80,99,14
2023-10-01 02,76,72,84,14
2023-10-01 03,70,64,73,15
2023-10-01 04,69,66,79,14
2023-10-01 05,72,62,84,13
2023-10-01 06,63,61,65,13
2023-10-01 07,61,58,67,15
2023-10-01 08,63,58,70,14
2023-10-01 09,61,56,70,15
2023-10-01 10,64,62,71,14
2023-10-01 11,64,57,82,14
2023-10-01 12,73,66,90,14
2023-10-01 13,81,72,110,12
2023-10-01 14,91,80,110,16
2023-10-01 15,85,75,91,15
2023-10-01 16,88,71,100,23
2023-10-01 17,89,73,105,20
2023-10-01 18,91,80,122,295
2023-10-01 19,85,76,94,13
2023-10-01 20,75,66,93,13
2023-10-01 21,77,64,85,13
2023-10-01 22,78,69,92,14
2023-10-01 23,83,75,89,13
2023-10-02 00,83,79,91,13
2023-10-02 01,85,84,93,13
2023-10-02 02,77,64,86,14
2023-10-02 03,72,63,80,15
2023-10-02 04,59,55,65,14
2023-10-02 05,55,52,67,15
2023-10-02 06,56,51,65,14
2023-10-02 07,55,49,64,15
2023-10-02 08,58,54,63,14
2023-10-02 09,58,55,60,13
2023-10-02 10,63,60,65,8
2023-10-02 16,95,80,109,19
2023-10-02 17,87,79,94,14
2023-10-02 18,77,59,133,15
2023-10-02 19,90,77,132,126
2023-10-02 20,88,79,98,12
2023-10-02 21,85,79,92,12
2023-10-02 22,87,80,94,11
2023-10-02 23,90,79,99,14
2023-10-03 00,84,80,89,13
2023-10-03 01,83,76,88,14
2023-10-03 02,82,79,85,14
2023-10-03 03,73,63,80,15
2023-10-03 04,74,70,79,13
2023-10-03 05,69,59,73,16
2023-10-03 06,61,59,63,13
2023-10-03 07,61,55,66,15
2023-10-03 08,63,58,67,14
2023-10-03 09,59,54,67,14
2023-10-03 10,58,54,66,13
2023-10-03 11,66,60,72,15
2023-10-03 12,73,62,90,13
2023-10-03 13,88,73,108,42
2023-10-03 14,82,76,90,13
2023-10-03 15,92,68,102,51
2023-10-03 16,74,66,87,12
2023-10-03 17,88,80,95,20
2023-10-03 18,80,73,84,8
2023-10-03 20,89,89,89,1
2023-10-03 21,82,72,93,13
2023-10-03 22,84,70,98,12
2023-10-03 23,87,72,102,14
2023-10-04 00,89,74,99,13
2023-10-04 01,82,73,85,15
2023-10-04 02,76,68,84,12
2023-10-04 03,70,63,84,13
2023-10-04 04,62,58,67,15
2023-10-04 05,65,62,74,13
2023-10-04 06,62,58,68,13
2023-10-04 07,62,59,64,15
2023-10-04 08,62,57,72,12
2023-10-04 09,62,56,72,15
2023-10-04 10,61,52,71,13
2023-10-04 11,72,63,101,12
2023-10-04 12,73,62,87,14
2023-10-04 13,71,64,80,13
2023-10-04 14,78,68,86,13
2023-10-04 15,81,70,99,14
2023-10-04 16,92,75,107,14
2023-10-04 17,86,80,96,13
2023-10-04 18,84,73,104,12
2023-10-04 19,81,71,100,14
2023-10-04 20,79,74,85,12
2023-10-04 21,78,69,88,14
2023-10-04 22,79,70,87,14
2023-10-04 23,83,77,91,14
2023-10-05 00,82,74,88,12
2023-10-05 01,79,64,90,14
2023-10-05 02,80,72,96,4
2023-10-05 13,82,81,84,2
2023-10-05 14,78,60,95,12
2023-10-05 15,79,68,107,18
2023-10-05 16,88,72,104,17
2023-10-05 17,81,68,95,14
2023-10-05 18,62,59,73,14
2023-10-05 19,83,75,99,12
2023-10-05 20,90,80,108,14
2023-10-05 21,85,80,93,15
2023-10-05 22,94,85,113,14
2023-10-05 23,92,79,105,16
2023-10-06 00,85,75,90,15
2023-10-06 01,85,81,93,14
2023-10-06 02,86,82,97,12
2023-10-06 03,77,71,85,13
2023-10-06 04,79,73,84,13
2023-10-06 05,76,71,84,13
2023-10-06 06,81,79,84,14
2023-10-06 07,81,78,84,15
2023-10-06 08,73,63,84,15
2023-10-06 09,71,66,79,14
2023-10-06 10,76,63,114,11
2023-10-06 11,91,80,99,12
2023-10-06 12,94,84,112,13
2023-10-06 13,99,91,107,28
2023-10-06 14,96,80,110,42
2023-10-06 15,84,83,89,12
2023-10-06 16,106,80,121,38
2023-10-06 17,93,85,100,16
2023-10-06 18,94,91,99,13
2023-10-06 19,108,104,112,2
2023-10-07 22,86,80,95,12
2023-10-07 23,79,77,81,13
2023-10-08 00,83,76,101,15
2023-10-08 01,85,84,88,13
2023-10-08 02,85,83,89,15
2023-10-08 03,81,77,84,14
2023-10-08 04,76,72,84,15
2023-10-08 05,78,66,86,13
2023-10-08 06,76,68,84,16
2023-10-08 07,75,69,85,14
2023-10-08 08,72,68,84,15
2023-10-08 09,70,64,73,13
2023-10-08 10,78,70,102,14
2023-10-08 11,85,69,96,14
2023-10-08 12,96,80,119,42
2023-10-08 13,93,83,100,53
2023-10-08 14,98,82,107,92
2023-10-08 15,84,71,101,13
2023-10-08 16,77,71,88,17
2023-10-08 17,87,79,94,12
2023-10-08 18,84,80,86,13
2023-10-08 19,83,71,100,14
2023-10-08 20,115,84,156,25
2023-10-08 21,85,72,94,15
2023-10-08 22,89,76,94,14
2023-10-08 23,75,65,93,16
2023-10-09 00,64,58,72,15
2023-10-09 01,65,56,72,14
2023-10-09 02,60,58,64,15
2023-10-09 03,65,60,80,14
2023-10-09 04,61,55,63,15
2023-10-09 05,62,57,67,13
2023-10-09 06,64,58,68,14
2023-10-09 07,81,67,89,8
2023-10-09 08,82,75,89,14
2023-10-09 09,90,89,91,2
2023-10-09 14,64,60,67,4
2023-10-09 15,79,70,86,11
2023-10-09 16,85,79,90,23
2023-10-09 17,88,79,120,12
2023-10-09 18,84,79,99,14
2023-10-09 19,86,80,91,12
2023-10-09 20,86,79,93,16
2023-10-09 21,88,83,118,14
2023-10-09 22,94,80,141,15
2023-10-09 23,81,75,84,14
2023-10-10 00,77,73,84,14
2023-10-10 01,77,71,80,14
2023-10-10 02,75,67,85,14
2023-10-10 03,72,68,75,13
2023-10-10 04,70,60,84,16
2023-10-10 05,63,56,67,13
2023-10-10 06,66,59,79,15
2023-10-10 07,64,58,91,11
2023-10-10 08,80,69,98,15
2023-10-10 09,75,64,90,12
2023-10-10 10,74,64,85,14
2023-10-10 11,74,63,81,15
2023-10-10 12,66,61,73,14
2023-10-10 13,69,64,71,13
2023-10-10 14,72,64,111,15
2023-10-10 15,88,80,103,10
2023-10-10 16,90,79,106,15
2023-10-10 17,89,79,107,11
2023-10-10 18,83,76,108,11
2023-10-10 19,71,63,86,14
2023-10-10 21,65,57,88,13
2023-10-10 22,58,54,66,15
2023-10-10 23,61,54,72,14
2023-10-11 00,59,54,77,15
2023-10-11 01,59,54,66,13
2023-10-11 02,56,53,63,13
2023-10-11 03,60,52,64,14
2023-10-11 04,57,53,60,16
2023-10-11 05,60,53,71,14
2023-10-11 06,55,52,58,14
2023-10-11 07,84,67,103,13
2023-10-11 08,82,65,118,15
2023-10-11 09,82,72,100,12
2023-10-11 10,86,74,107,13
2023-10-11 11,78,66,88,12
2023-10-11 12,82,70,92,13
2023-10-11 13,81,73,88,11
2023-10-11 14,110,83,148,98
2023-10-11 15,108,97,131,48
2023-10-11 16,99,91,114,12
2023-10-11 17,94,88,109,10
2023-10-11 18,95,90,100,14
2023-10-11 19,100,91,111,9
2023-10-11 20,85,80,91,14
2023-10-11 21,80,79,84,13
2023-10-11 22,74,64,95,15
2023-10-11 23,68,63,74,14
2023-10-12 00,67,63,73,15
2023-10-12 01,63,59,66,12
2023-10-12 02,64,62,71,13
2023-10-12 03,62,59,66,13
2023-10-12 04,62,59,64,16
2023-10-12 05,67,59,79,13
2023-10-12 06,67,63,71,11
2023-10-12 08,78,72,84,11
2023-10-12 09,74,64,84,13
2023-10-12 10,79,69,90,15
2023-10-12 11,84,73,103,12
2023-10-12 12,79,69,84,15
2023-10-12 13,117,89,136,52
2023-10-12 14,102,83,142,33
2023-10-12 15,114,92,129,45
2023-10-12 16,99,91,107,12
2023-10-12 17,95,85,110,13
2023-10-12 18,89,84,94,13
2023-10-12 19,86,84,91,13
2023-10-12 20,87,76,98,16
2023-10-12 21,78,72,80,13
2023-10-12 22,71,63,84,14
2023-10-12 23,64,58,71,14
2023-10-13 00,62,55,73,14
2023-10-13 01,57,54,64,13
2023-10-13 02,61,56,77,15
2023-10-13 03,61,54,71,14
2023-10-13 04,58,54,61,15
2023-10-13 05,63,55,72,14
2023-10-13 06,72,63,102,11
2023-10-13 07,78,69,92,13
2023-10-13 08,79,71,88,11
2023-10-13 09,89,64,102,39
2023-10-13 10,74,68,80,13
2023-10-13 11,77,69,87,10
2023-10-13 12,97,83,120,14
2023-10-13 13,94,82,116,8
2023-10-13 14,150,85,161,210
2023-10-13 15,134,89,142,517
2023-10-13 16,94,89,106,11
2023-10-13 17,95,90,104,13
2023-10-13 18,93,82,104,13
2023-10-13 19,92,84,98,12
2023-10-13 20,93,88,107,16
2023-10-13 21,86,81,94,12
2023-10-13 22,84,79,98,15
2023-10-13 23,77,71,100,13
2023-10-14 00,72,71,76,13
2023-10-14 01,73,67,81,12
2023-10-14 02,74,70,84,14
2023-10-14 03,70,64,79,13
2023-10-14 04,69,63,73,15
2023-10-14 05,69,59,84,14
2023-10-14 06,68,62,76,13
2023-10-14 07,85,66,108,11
2023-10-14 08,124,64,160,63
2023-10-14 09,145,96,166,272
2023-10-14 10,97,91,107,13
2023-10-14 11,87,80,95,9
2023-10-14 12,84,74,95,13
2023-10-14 13,84,71,92,11
2023-10-14 14,88,81,100,11
2023-10-14 15,87,79,92,14
2023-10-14 16,88,80,94,11
2023-10-14 17,85,84,87,3
2023-10-15 07,83,76,101,7
2023-10-15 08,80,67,101,14
2023-10-15 09,85,79,96,15
2023-10-15 10,90,77,103,14
2023-10-15 11,87,73,104,15
2023-10-15 12,80,72,90,12
2023-10-15 13,90,85,103,11
2023-10-15 14,84,77,105,11
2023-10-15 15,81,68,102,13
2023-10-15 16,89,84,99,10
2023-10-15 17,82,71,95,12
2023-10-15 18,83,71,99,13
2023-10-15 19,78,69,84,13
2023-10-15 20,80,72,101,13
2023-10-15 21,64,59,75,14
2023-10-15 22,62,58,69,13
2023-10-15 23,56,53,59,14
2023-10-16 00,57,53,66,14
2023-10-16 01,56,51,65,16
2023-10-16 02,59,51,64,13
2023-10-16 03,54,51,57,14
2023-10-16 04,57,49,64,14
2023-10-16 05,61,55,69,14
2023-10-16 06,76,64,87,9
2023-10-16 07,76,73,79,5
2023-10-16 08,80,64,92,11
2023-10-16 09,79,64,113,15
2023-10-16 10,82,74,89,13
2023-10-16 11,76,66,90,14
2023-10-16 12,76,66,92,12
2023-10-16 13,72,66,79,15
2023-10-16 14,104,67,149,52
2023-10-16 15,112,89,137,41
2023-10-16 16,93,89,99,13
2023-10-16 17,90,81,96,14
2023-10-16 18,92,79,114,16
2023-10-16 19,80,74,94,14
2023-10-16 20,77,67,90,12
2023-10-16 21,70,63,74,14
2023-10-16 22,70,63,88,12
2023-10-16 23,58,55,62,16
2023-10-17 00,57,52,64,12
2023-10-17 01,56,52,64,15
2023-10-17 02,56,53,63,14
2023-10-17 03,57,51,67,13
2023-10-17 04,55,49,63,13
2023-10-17 05,66,55,89,13
2023-10-17 06,76,60,98,12
2023-10-17 07,107,75,144,42
2023-10-17 08,112,92,123,49
2023-10-17 09,86,80,92,14
2023-10-17 10,103,79,114,95
2023-10-17 11,84,72,96,47
2023-10-17 12,81,75,85,13
2023-10-17 13,80,76,87,13
2023-10-17 14,81,81,81,1
2023-10-17 19,76,70,83,5
2023-10-17 20,65,54,77,13
2023-10-17 21,62,57,72,15
2023-10-17 22,64,58,92,13
2023-10-17 23,61,55,67,14
2023-10-18 00,62,56,68,15
2023-10-18 01,60,55,68,14
2023-10-18 02,58,54,64,15
2023-10-18 03,57,49,64,14
2023-10-18 04,61,55,67,14
2023-10-18 05,58,55,68,14
2023-10-18 06,82,69,95,12
2023-10-18 07,92,73,113,8
2023-10-18 08,102,84,121,52
2023-10-18 09,78,71,84,15
2023-10-18 10,74,65,98,12
2023-10-18 11,80,73,85,12
2023-10-18 12,77,67,85,14
2023-10-18 13,72,68,80,14
2023-10-18 14,89,70,110,12
2023-10-18 15,82,71,93,13
2023-10-18 16,84,70,91,12
2023-10-18 17,84,79,95,13
2023-10-18 18,77,70,85,13
2023-10-18 19,83,78,87,15
2023-10-18 20,80,75,85,13
2023-10-18 21,80,66,86,13
2023-10-18 22,76,59,84,13
2023-10-19 08,78,66,84,14
2023-10-19 09,61,55,68,15
2023-10-19 10,64,53,101,14
2023-10-19 11,104,85,123,9
2023-10-19 12,102,74,143,30
2023-10-19 13,111,78,124,54
2023-10-19 14,91,79,108,15
2023-10-19 15,91,84,111,13
2023-10-19 16,82,73,88,12
2023-10-19 17,74,66,85,13
2023-10-19 18,72,63,81,12
2023-10-19 19,65,58,69,13
2023-10-19 20,64,58,79,14
2023-10-19 21,64,59,75,15
2023-10-19 22,60,56,69,14
2023-10-19 23,59,54,64,13
2023-10-20 00,57,50,64,14
2023-10-20 01,54,47,63,16
2023-10-20 02,58,52,64,13
2023-10-20 03,56,50,64,14
2023-10-20 04,56,51,60,15
2023-10-20 05,59,53,73,14
2023-10-20 06,75,66,102,9
2023-10-20 07,72,69,76,8
2023-10-20 08,72,66,77,12
2023-10-20 09,75,70,81,15
2023-10-20 10,164,75,180,766
2023-10-20 11,156,97,170,505
2023-10-20 12,96,90,99,12
2023-10-20 13,84,81,88,14
2023-10-20 14,85,74,106,14
2023-10-20 15,90,75,105,16
2023-10-20 16,87,79,103,22
2023-10-20 17,86,76,95,15
2023-10-20 18,83,52,94,13
2023-10-20 19,92,85,101,13
2023-10-20 20,84,79,93,12
2023-10-20 21,74,67,84,15
2023-10-20 22,67,63,72,14
2023-10-20 23,70,62,90,14
2023-10-21 00,66,63,69,15
2023-10-21 01,73,67,80,13
2023-10-21 02,69,66,75,14
2023-10-21 03,64,60,68,15
2023-10-21 04,63,58,72,13
2023-10-21 05,60,55,66,15
2023-10-21 06,70,60,84,12
2023-10-21 07,75,61,90,10
2023-10-21 08,74,70,86,12
2023-10-21 09,77,69,89,7
2023-10-22 06,80,80,80,1
2023-10-22 07,101,70,138,36
2023-10-22 08,99,83,117,52
2023-10-22 09,83,71,102,15
2023-10-22 10,82,71,96,13
2023-10-22 11,80,67,90,13
2023-10-22 12,82,74,92,11
2023-10-22 13,85,76,93,8
2023-10-22 14,83,70,95,15
2023-10-22 15,78,70,86,9
2023-10-22 16,101,67,120,38
2023-10-22 17,75,66,82,11
2023-10-22 18,80,72,84,14
2023-10-22 19,71,65,97,14
2023-10-22 20,67,63,70,13
2023-10-22 21,65,58,76,15
2023-10-22 22,59,53,66,13
2023-10-22 23,58,56,60,15
2023-10-23 00,60,52,67,14
2023-10-23 01,57,54,64,14
2023-10-23 02,60,58,63,14
2023-10-23 03,62,56,68,15
2023-10-23 04,62,56,64,13
2023-10-23 05,63,58,78,15
2023-10-23 06,77,63,99,11
2023-10-23 07,82,74,91,13
2023-10-23 08,88,82,102,11
2023-10-23 14,101,64,144,75
2023-10-23 15,110,90,136,39
2023-10-23 16,91,81,98,13
2023-10-23 17,87,80,104,12
2023-10-23 18,86,79,111,12
2023-10-23 19,87,79,102,12
2023-10-23 20,75,69,92,14
2023-10-23 21,68,60,84,13
2023-10-23 22,58,56,64,14
2023-10-23 23,61,58,66,15
2023-10-24 00,59,54,66,15
2023-10-24 01,60,55,67,15
2023-10-24 02,57,53,66,13
2023-10-24 03,60,54,71,15
2023-10-24 04,58,51,62,14
2023-10-24 05,73,58,89,12
2023-10-24 06,91,68,144,40
2023-10-24 07,114,102,123,92
2023-10-24 08,92,89,97,4
2023-10-24 09,85,80,92,12
2023-10-24 10,83,73,97,14
2023-10-24 11,77,62,88,11
2023-10-24 12,71,65,76,14
2023-10-24 13,74,65,92,12
2023-10-24 14,85,70,100,7
2023-10-24 15,91,72,108,21
2023-10-24 16,90,82,99,11
2023-10-24 17,78,67,92,13
2023-10-24 18,81,69,99,11
2023-10-24 19,88,65,96,9
2023-10-24 20,76,64,92,17
2023-10-24 21,67,63,71,13
2023-10-24 22,58,50,78,15
2023-10-24 23,58,52,63,13
2023-10-25 00,56,53,57,13
2023-10-25 01,58,52,64,16
2023-10-25 02,55,51,63,14
2023-10-25 03,58,54,68,14
2023-10-25 04,58,53,68,14
2023-10-25 05,66,60,91,10
2023-10-25 06,75,66,82,10
2023-10-25 07,98,71,134,56
2023-10-25 08,108,87,116,50
2023-10-25 09,94,91,98,13
2023-10-25 10,97,80,118,33
2023-10-25 11,91,80,109,15
2023-10-25 12,75,70,83,13
2023-10-25 13,73,65,84,16
2023-10-25 14,70,56,78,12
2023-10-25 15,75,65,89,12
2023-10-25 16,76,67,92,11
2023-10-25 17,85,72,102,12
2023-10-25 18,83,66,106,12
2023-10-25 19,78,72,89,14
2023-10-25 20,76,68,93,12
2023-10-25 21,68,63,74,13
2023-10-25 22,59,51,70,15
2023-10-25 23,59,52,68,13
2023-10-26 00,54,46,63,12
2023-10-26 01,51,50,53,15
2023-10-26 02,57,50,64,13
2023-10-26 03,57,51,71,15
2023-10-26 04,60,55,65,12
2023-10-26 05,70,60,89,11
2023-10-26 06,72,63,78,12
2023-10-26 07,74,74,74,1
2023-10-26 08,67,59,75,5
2023-10-26 09,67,56,72,13
2023-10-26 10,66,59,74,13
2023-10-26 11,64,55,71,12
2023-10-26 12,64,56,74,14
2023-10-26 13,71,67,79,13
2023-10-26 14,96,73,136,16
2023-10-26 15,82,71,92,14
2023-10-26 16,82,67,91,11
2023-10-26 17,90,76,100,10
2023-10-26 18,72,67,75,14
2023-10-26 19,72,67,79,13
2023-10-26 20,67,55,79,14
2023-10-26 21,72,63,88,15
2023-10-26 22,64,59,71,14
2023-10-26 23,68,58,79,13
2023-10-27 00,67,62,79,13
2023-10-27 01,64,60,68,15
2023-10-27 02,65,59,75,12
2023-10-27 03,59,53,66,15
2023-10-27 04,56,50,62,13
2023-10-27 05,67,58,84,14
2023-10-27 06,72,57,109,12
2023-10-27 07,81,67,121,13
2023-10-27 08,75,64,84,13
2023-10-27 09,70,64,77,10
2023-10-27 10,71,64,78,10
2023-10-27 11,72,66,80,11
2023-10-27 12,75,67,92,12
2023-10-27 13,71,65,79,12
2023-10-27 14,96,65,130,127
2023-10-27 15,94,68,115,38
2023-10-27 16,84,73,95,18
2023-10-28 09,160,75,171,587
2023-10-28 10,158,105,167,628
2023-10-28 11,100,89,118,11
2023-10-28 12,89,73,115,14
2023-10-28 13,94,74,108,12
2023-10-28 14,93,79,106,16
2023-10-28 15,81,72,85,13
2023-10-28 16,85,77,92,12
2023-10-28 17,86,82,93,12
2023-10-28 18,84,76,99,14
2023-10-28 19,83,79,90,13
2023-10-28 20,82,79,84,12
2023-10-28 21,81,79,88,15
2023-10-28 22,69,63,80,12
2023-10-28 23,72,66,84,14
2023-10-29 00,70,67,74,13
2023-10-29 01,71,64,80,15
2023-10-29 02,63,58,76,14
2023-10-29 03,68,63,74,14
2023-10-29 04,69,66,79,14
2023-10-29 05,64,59,71,15
2023-10-29 06,62,56,69,14
2023-10-29 07,70,61,87,9
2023-10-29 08,78,71,86,11
2023-10-29 09,76,68,96,16
2023-10-29 10,77,70,91,13
2023-10-29 11,75,63,86,14
2023-10-29 12,62,62,63,2
2023-10-29 13,78,61,111,13
2023-10-29 14,111,77,144,62
2023-10-29 15,101,85,112,25
2023-10-29 16,82,73,91,12
2023-10-29 17,85,79,98,15
2023-10-29 18,84,81,88,14
2023-10-29 19,83,78,85,14
2023-10-29 20,68,63,79,13
2023-10-29 21,67,63,71,14
2023-10-29 22,61,55,67,14
2023-10-29 23,60,55,69,14
2023-10-30 00,61,55,69,14
2023-10-30 01,62,57,66,14
2023-10-30 02,59,55,71,13
2023-10-30 03,57,54,63,15
2023-10-30 04,62,56,69,12
2023-10-30 05,64,62,72,12
2023-10-30 06,73,61,89,15
2023-10-30 07,83,78,91,13
2023-10-30 08,79,64,102,15
2023-10-30 09,82,66,103,14
2023-10-30 10,80,73,85,11
2023-10-30 11,77,69,83,14
2023-10-30 12,75,65,80,15
2023-10-30 13,75,72,88,13
2023-10-30 14,84,71,95,29
2023-10-30 15,77,63,91,12
2023-10-30 16,77,68,84,10
2023-10-30 17,76,68,83,14
2023-10-30 18,71,60,84,14
2023-10-30 19,70,66,73,15
2023-10-30 20,68,56,74,14
2023-10-30 21,55,53,59,13
2023-10-30 22,55,51,68,15
2023-10-30 23,53,50,61,12
2023-11-03 09,86,82,95,10
2023-11-03 10,81,72,91,14
2023-11-03 11,89,80,102,11
2023-11-03 12,86,74,99,13
2023-11-03 13,77,66,85,13
2023-11-03 14,87,82,93,12
2023-11-03 15,91,80,99,9
2023-11-03 16,95,90,101,13
2023-11-03 17,95,90,104,12
2023-11-03 18,93,86,101,12
2023-11-03 19,85,76,99,14
2023-11-03 20,84,78,98,15
2023-11-03 21,69,63,72,14
2023-11-03 22,72,63,80,15
2023-11-03 23,76,64,104,15
2023-11-04 00,72,66,84,15
2023-11-04 01,75,62,84,13
2023-11-04 02,76,67,84,14
2023-11-04 03,70,63,84,13
2023-11-04 04,69,63,84,14
2023-11-04 05,71,60,100,15
2023-11-04 06,74,64,99,11
2023-11-04 07,87,72,101,13
2023-11-04 08,84,77,109,13
2023-11-04 09,86,69,102,16
2023-11-04 10,91,84,98,13
2023-11-04 11,86,81,93,13
2023-11-04 12,86,79,98,15
2023-11-04 13,86,75,99,12
2023-11-04 14,84,72,95,14
2023-11-04 15,88,80,108,11
2023-11-04 16,88,83,109,10
2023-11-05 09,88,82,99,6
2023-11-05 10,86,65,123,50
2023-11-05 11,87,64,107,83
2023-11-05 12,92,79,111,127
2023-11-05 13,90,80,107,15
2023-11-05 14,83,66,114,14
2023-11-05 15,79,71,89,7
2023-11-05 16,80,73,90,9
2023-11-05 17,78,71,88,14
2023-11-05 18,80,73,92,10
2023-11-05 19,85,73,103,13
2023-11-05 20,81,65,100,14
2023-11-05 21,73,59,88,12
2023-11-05 22,61,58,71,14
2023-11-05 23,62,58,67,13
2023-11-06 00,58,53,69,15
2023-11-06 01,59,50,70,14
2023-11-06 02,54,49,58,15
2023-11-06 03,58,52,63,14
2023-11-06 04,55,49,63,16
2023-11-06 05,62,56,67,12
2023-11-06 06,69,60,94,12
2023-11-06 07,75,67,81,12
2023-11-06 08,82,75,87,13
2023-11-06 09,84,79,92,12
2023-11-06 10,75,64,84,13
2023-11-06 11,73,66,80,12
2023-11-06 15,78,65,87,14
2023-11-06 16,69,63,76,14
2023-11-06 17,84,69,115,13
2023-11-06 18,77,69,105,32
2023-11-06 19,79,70,84,13
2023-11-06 20,77,68,101,14
2023-11-06 21,77,66,84,13
2023-11-06 22,63,58,70,16
2023-11-06 23,64,59,68,12
2023-11-07 00,54,51,66,15
2023-11-07 01,59,53,66,14
2023-11-07 02,59,50,70,13
2023-11-07 03,57,54,66,14
2023-11-07 04,58,52,64,15
2023-11-07 05,54,47,64,14
2023-11-07 06,69,58,87,12
2023-11-07 07,78,66,111,15
2023-11-07 08,88,71,118,10
2023-11-07 09,80,73,84,12
2023-11-07 10,72,66,81,14
2023-11-07 11,71,65,88,12
2023-11-07 12,73,64,93,14
2023-11-07 13,71,59,75,12
2023-11-07 14,95,71,135,22
2023-11-07 15,88,78,100,14
2023-11-07 16,84,71,99,12
2023-11-07 17,80,73,84,14
2023-11-07 18,83,63,99,14
2023-11-07 19,84,80,89,14
2023-11-07 20,87,80,103,14
2023-11-07 21,87,84,99,14
2023-11-07 22,93,84,99,15
2023-11-07 23,86,81,93,14
2023-11-08 00,84,78,85,15
2023-11-08 01,80,74,84,13
2023-11-08 02,84,84,84,1
2023-11-08 20,80,71,90,4
2023-11-08 21,75,70,85,12
2023-11-08 22,77,61,91,12
2023-11-08 23,112,85,135,355
2023-11-09 00,89,78,99,15
2023-11-09 01,95,77,114,92
2023-11-09 02,98,79,109,120
2023-11-09 03,88,81,98,13
2023-11-09 04,100,83,120,92
2023-11-09 05,83,72,89,12
2023-11-09 06,73,64,84,15
2023-11-09 07,84,74,100,13
2023-11-09 08,83,79,89,14
2023-11-09 09,88,83,93,13
2023-11-09 10,87,84,91,13
2023-11-09 11,84,73,91,13
2023-11-09 12,80,73,84,12
2023-11-09 13,66,58,76,14
2023-11-09 14,62,59,70,15
2023-11-09 15,64,53,79,14
2023-11-09 16,61,52,72,15
2023-11-09 17,71,66,74,14
2023-11-09 18,72,67,79,14
2023-11-09 19,74,70,80,9
2023-11-09 20,68,63,74,4
2023-11-09 21,74,66,95,11
2023-11-09 22,88,80,99,13
2023-11-09 23,109,90,123,32
2023-11-10 00,94,84,106,14
2023-11-10 01,86,76,97,12
2023-11-10 02,85,78,100,14
2023-11-10 03,74,67,96,12
2023-11-10 04,93,72,108,32
2023-11-10 05,64,55,80,14
2023-11-10 06,65,55,75,12
2023-11-10 07,96,68,107,32
2023-11-10 08,94,85,101,14
2023-11-10 09,104,84,110,56
2023-11-10 10,80,66,91,15
2023-11-10 11,70,66,74,13
2023-11-10 12,69,64,85,15
2023-11-10 13,68,63,80,14
2023-11-10 14,67,59,78,15
2023-11-10 15,71,63,80,14
2023-11-10 16,78,72,84,14
2023-11-10 17,81,79,84,14
2023-11-10 18,79,69,107,4
2023-11-10 19,136,94,166,177
2023-11-10 20,105,92,115,15
2023-11-10 21,91,84,100,14
2023-11-10 22,88,80,94,14
2023-11-10 23,85,79,100,13
2023-11-11 00,78,72,84,13
2023-11-11 01,81,74,94,13
2023-11-11 02,78,69,84,15
2023-11-11 03,95,80,114,14
2023-11-11 04,82,63,92,13
2023-11-11 05,74,53,101,19
2023-11-11 06,72,65,94,15
2023-11-11 07,91,70,110,37
2023-11-11 08,68,59,72,14
2023-11-11 09,69,64,76,14
2023-11-11 10,66,58,84,14
2023-11-11 11,62,57,71,14
2023-11-11 12,63,58,68,15
2023-11-11 13,59,57,66,12
2023-11-11 14,59,51,66,14
2023-11-11 15,62,58,71,14
2023-11-11 16,66,58,75,15
2023-11-11 17,72,66,79,12
2023-11-11 18,75,70,90,15
2023-11-11 19,146,90,169,300
2023-11-11 20,114,94,134,46
2023-11-11 21,99,90,105,13
2023-11-11 22,90,84,98,14
2023-11-11 23,95,86,101,12
2023-11-12 00,99,93,110,12
2023-11-12 07,81,76,84,9
2023-11-12 08,85,84,91,15
2023-11-12 09,83,73,90,15
2023-11-12 10,68,58,74,14
2023-11-12 11,64,59,71,14
2023-11-12 12,63,59,72,16
2023-11-12 13,69,62,80,13
2023-11-12 14,80,72,84,15
2023-11-12 15,82,72,85,12
2023-11-12 16,77,67,84,15
2023-11-12 17,73,69,79,14
2023-11-12 18,76,67,104,14
2023-11-12 19,149,89,174,289
2023-11-12 20,105,85,124,12
2023-11-12 21,89,84,91,13
2023-11-12 22,93,89,103,13
2023-11-13 04,80,72,101,13
2023-11-13 05,80,71,93,12
2023-11-13 06,91,84,107,14
2023-11-13 07,96,83,114,17
2023-11-13 08,99,85,105,13
2023-11-13 09,101,94,114,12
2023-11-13 10,116,94,127,67
2023-11-13 11,100,84,127,14
2023-11-13 12,85,73,98,13
2023-11-13 13,82,73,85,13
2023-11-13 14,85,84,91,12
2023-11-13 15,88,84,93,13
2023-11-13 16,84,79,99,12
2023-11-13 17,83,79,85,12
2023-11-13 18,83,79,85,13
2023-11-13 19,88,79,111,18
2023-11-13 20,145,95,174,328
2023-11-13 21,94,85,113,12
2023-11-13 22,97,90,103,13
2023-11-13 23,107,94,122,18
2023-11-14 00,101,90,124,33
2023-11-14 01,104,90,115,137
2023-11-14 02,109,88,126,35
2023-11-14 03,98,88,109,12
2023-11-14 04,120,96,144,104
2023-11-14 05,96,91,105,13
2023-11-14 06,98,91,104,13
2023-11-14 07,122,86,151,125
2023-11-14 08,95,85,125,12
2023-11-14 09,84,83,85,7
2023-11-14 10,88,80,118,9
2023-11-14 19,160,93,176,60
2023-11-14 20,117,99,132,18
2023-11-14 21,96,90,104,12
2023-11-14 22,100,93,115,11
2023-11-14 23,117,90,140,63
2023-11-15 00,116,93,132,98
2023-11-15 01,98,92,105,12
2023-11-15 02,100,85,118,44
2023-11-15 03,108,84,119,36
2023-11-15 04,86,83,93,13
2023-11-15 05,85,84,91,12
2023-11-15 06,89,81,96,13
2023-11-15 07,90,84,104,12
2023-11-15 08,93,85,100,14
2023-11-15 09,114,98,124,24
2023-11-15 10,95,90,99,13
2023-11-15 11,88,84,94,12
2023-11-15 12,83,79,84,13
2023-11-15 13,84,80,85,12
2023-11-15 14,80,77,85,14
2023-11-15 15,79,71,84,11
2023-11-15 16,84,73,87,13
2023-11-15 17,79,73,84,6
2023-11-15 19,129,88,164,406
2023-11-15 20,104,93,115,20
2023-11-15 21,105,94,124,13
2023-11-15 22,107,84,128,27
2023-11-15 23,85,80,90,12
2023-11-16 00,86,81,91,12
2023-11-16 01,93,84,104,12
2023-11-16 02,100,85,116,36
2023-11-16 03,86,80,93,12
2023-11-16 04,86,80,99,14
2023-11-16 05,95,90,101,11
2023-11-16 06,88,80,105,13
2023-11-16 07,86,83,93,12
2023-11-16 08,85,80,91,13
2023-11-16 09,87,84,99,12
2023-11-16 10,74,66,84,13
2023-11-16 11,67,63,79,12
2023-11-16 12,73,64,84,13
2023-11-16 13,63,58,72,12
2023-11-16 14,69,59,85,13
2023-11-16 15,77,66,85,12
2023-11-16 16,88,84,106,13
2023-11-16 17,98,83,111,62
2023-11-16 18,90,79,136,19
2023-11-16 19,90,83,121,13
2023-11-16 20,83,73,92,13
2023-11-16 21,87,80,104,10
2023-11-16 22,85,84,91,13
2023-11-16 23,86,81,91,13
2023-11-17 00,88,84,91,12
2023-11-17 01,84,78,90,13
2023-11-17 02,76,71,80,12
2023-11-17 03,77,67,84,12
2023-11-17 04,81,72,84,13
2023-11-17 05,78,68,83,12
2023-11-17 06,76,67,83,13
2023-11-17 07,89,80,102,10
2023-11-17 08,94,84,108,41
2023-11-17 09,87,79,91,12
2023-11-17 10,85,76,91,13
2023-11-17 11,79,72,84,12
2023-11-17 12,77,69,84,13
2023-11-17 13,80,71,90,12
2023-11-17 14,103,80,118,19
2023-11-18 08,84,74,90,10
2023-11-18 09,88,69,108,30
2023-11-18 10,111,76,137,120
2023-11-18 11,99,93,107,13
2023-11-18 12,105,88,129,52
2023-11-18 13,93,85,105,13
2023-11-18 14,85,80,90,9
2023-11-18 15,95,80,107,24
2023-11-18 16,84,74,94,13
2023-11-18 17,83,78,92,13
2023-11-18 18,89,85,96,12
2023-11-18 19,99,88,118,14
2023-11-18 20,98,93,108,12
2023-11-18 21,93,91,98,12
2023-11-18 22,86,80,93,13
2023-11-18 23,79,73,84,13
2023-11-19 00,76,67,79,11
2023-11-19 01,78,70,84,14
2023-11-19 02,72,65,79,11
2023-11-19 03,70,66,80,13
2023-11-19 04,74,68,79,13
2023-11-19 05,73,69,76,12
2023-11-19 06,74,68,79,12
2023-11-19 07,81,70,93,12
2023-11-19 08,86,73,97,13
2023-11-19 09,115,87,156,22
2023-11-19 10,108,79,144,14
2023-11-19 11,82,73,88,14
2023-11-19 12,75,66,80,12
2023-11-19 13,67,60,73,14
2023-11-19 14,88,67,100,10
2023-11-19 15,87,81,99,13
2023-11-19 16,86,77,91,12
2023-11-19 17,90,84,98,11
2023-11-19 18,88,84,95,12
2023-11-19 19,91,84,103,11
2023-11-19 20,85,79,92,13
2023-11-19 21,77,72,81,13
2023-11-19 22,80,70,84,12
2023-11-19 23,76,71,85,13
2023-11-20 00,72,63,80,12
2023-11-20 01,65,59,69,13
2023-11-20 02,64,63,65,12
2023-11-20 03,64,64,64,1
2023-11-20 21,62,58,67,12
2023-11-20 22,58,53,68,12
2023-11-20 23,58,55,63,14
2023-11-21 00,64,59,68,11
2023-11-21 01,62,58,64,13
2023-11-21 02,68,63,72,12
2023-11-21 03,64,59,69,14
2023-11-21 04,64,61,67,12
2023-11-21 05,94,67,108,18
2023-11-21 06,109,79,148,66
2023-11-21 07,105,84,144,14
2023-11-21 08,86,84,94,12
2023-11-21 09,85,78,106,16
2023-11-21 10,85,80,99,11
2023-11-21 11,89,80,94,12
2023-11-21 12,85,79,95,13
2023-11-21 13,80,77,83,12
2023-11-21 14,79,75,85,12
2023-11-21 15,80,72,84,13
2023-11-21 16,73,64,81,12
2023-11-21 17,79,71,85,12
2023-11-21 18,70,58,85,13
2023-11-21 19,64,58,72,13
2023-11-21 20,67,63,85,11
2023-11-21 21,70,66,84,13
2023-11-21 22,65,63,72,12
2023-11-21 23,64,58,67,13
2023-11-22 00,66,59,72,12
2023-11-22 01,60,56,63,14
2023-11-22 02,58,55,61,12
2023-11-22 03,70,58,90,12
2023-11-22 04,80,69,88,12
2023-11-22 05,81,74,93,10
2023-11-22 07,86,77,103,13
2023-11-22 08,102,78,137,84
2023-11-22 09,111,84,128,37
2023-11-22 10,82,77,85,12
2023-11-22 11,75,70,83,14
2023-11-22 12,80,76,84,12
2023-11-22 13,78,72,84,13
2023-11-22 14,109,92,123,35
2023-11-22 15,85,80,94,11
2023-11-22 16,86,82,93,13
2023-11-22 17,87,82,94,12
2023-11-22 18,97,82,113,14
2023-11-22 19,94,84,114,13
2023-11-22 20,84,79,104,14
2023-11-22 21,83,72,116,13
2023-11-22 22,71,65,74,12
2023-11-22 23,69,63,73,14
2023-11-23 00,66,59,71,11
2023-11-23 01,62,57,72,13
2023-11-23 02,63,60,71,12
2023-11-23 03,64,59,84,13
2023-11-23 04,80,71,84,12
2023-11-23 05,81,71,98,13
2023-11-23 06,87,71,106,12
2023-11-23 07,83,78,101,12
2023-11-23 08,77,73,84,13
2023-11-23 09,82,71,91,10
2023-11-23 10,110,81,136,25
2023-11-23 11,105,84,125,27
2023-11-23 12,106,81,122,16
2023-11-23 13,90,76,105,17
2023-11-23 14,92,89,98,12
2023-11-23 15,91,84,99,12
2023-11-23 16,87,81,96,12
2023-11-23 17,88,84,105,13
2023-11-23 18,87,84,95,10
2023-11-23 19,82,79,84,13
2023-11-23 20,84,80,85,12
2023-11-23 21,82,73,99,14
2023-11-23 22,73,71,79,12
2023-11-23 23,71,63,80,12
2023-11-24 00,70,64,79,12
2023-11-24 01,73,64,80,13
2023-11-24 02,62,58,64,12
2023-11-24 03,61,59,64,13
2023-11-24 04,62,58,68,12
2023-11-24 05,68,64,72,13
2023-11-24 06,71,66,87,12
2023-11-24 07,90,82,102,12
2023-11-24 08,103,77,142,67
2023-11-24 09,117,96,139,63
2023-11-24 10,103,91,117,51
2023-11-25 08,114,75,154,11
2023-11-25 09,111,97,127,58
2023-11-25 10,97,89,105,20
2023-11-25 11,89,84,100,13
2023-11-25 12,90,84,98,13
2023-11-25 13,85,79,93,13
2023-11-25 14,85,81,91,12
2023-11-25 15,88,80,100,14
2023-11-25 16,90,83,114,23
2023-11-25 17,88,80,99,13
2023-11-25 18,88,82,98,12
2023-11-25 19,83,78,93,13
2023-11-25 20,76,71,89,12
2023-11-25 21,79,69,115,13
2023-11-25 22,74,63,79,12
2023-11-25 23,69,61,81,13
2023-11-26 00,70,64,78,12
2023-11-26 01,65,58,71,13
2023-11-26 02,62,58,68,12
2023-11-26 03,63,60,74,13
2023-11-26 04,64,62,66,12
2023-11-26 05,62,58,67,13
2023-11-26 06,75,63,88,11
2023-11-26 07,80,75,83,11
2023-11-26 08,80,71,91,10
2023-11-26 09,85,78,91,10
2023-11-26 10,86,84,91,7
2023-11-26 12,77,66,91,7
2023-11-26 13,85,71,102,13
2023-11-26 14,89,84,96,13
2023-11-26 15,79,65,104,15
2023-11-26 16,71,60,91,12
2023-11-26 17,74,65,84,13
2023-11-26 18,76,65,108,12
2023-11-26 19,76,65,84,13
2023-11-26 20,64,56,84,13
2023-11-26 21,63,57,84,13
2023-11-26 22,65,60,72,12
2023-11-26 23,58,54,60,13
2023-11-27 00,61,55,69,12
2023-11-27 01,61,58,65,12
2023-11-27 02,64,58,69,12
2023-11-27 03,65,60,70,14
2023-11-27 04,67,63,71,12
2023-11-27 05,63,56,69,13
2023-11-27 06,77,66,83,9
2023-11-27 07,79,71,91,11
2023-11-27 08,76,71,82,13
2023-11-27 09,70,61,85,12
2023-11-27 10,75,64,84,13
2023-11-27 11,80,70,86,4
2023-11-27 12,77,65,87,12
2023-11-27 13,82,72,89,12
2023-11-27 14,79,72,86,13
2023-11-27 15,89,65,142,30
2023-11-27 16,112,89,137,24
2023-11-27 17,91,80,101,13
2023-11-27 18,85,81,88,12
2023-11-27 19,86,78,104,13
2023-11-27 20,77,63,99,12
2023-11-27 21,61,59,79,13
2023-11-27 22,62,58,67,11
2023-11-27 23,61,58,67,14
2023-11-28 00,67,60,72,11
2023-11-28 01,60,58,63,14
2023-11-28 02,61,58,66,12
2023-11-28 03,63,56,70,13
2023-11-28 04,68,59,72,12
2023-11-28 05,65,60,71,12
2023-11-28 06,86,60,110,32
2023-11-28 07,77,70,86,13
2023-11-28 08,79,72,96,10
2023-11-28 09,75,67,85,13
2023-11-28 10,73,62,83,13
2023-11-28 11,68,60,73,12
2023-11-28 12,71,64,80,12
2023-11-28 13,76,68,86,14
2023-11-28 14,80,72,85,12
2023-11-28 15,77,62,83,12
2023-11-28 16,98,72,127,46
2023-11-28 17,90,84,97,15
2023-11-28 18,81,72,92,12
2023-11-28 19,84,72,94,11
2023-11-28 20,85,83,90,13
2023-11-28 21,80,72,84,13
2023-11-28 22,68,58,87,12
2023-11-28 23,65,60,72,13
2023-11-29 00,62,58,70,12
2023-11-29 01,61,53,68,12
2023-11-29 02,63,58,72,13
2023-11-29 03,60,56,70,13
2023-11-29 04,59,58,61,12
2023-11-29 05,64,58,72,12
2023-11-29 06,67,64,70,8
2023-11-29 07,90,75,140,24
2023-11-29 08,119,114,129,11
2023-11-29 09,93,84,106,48
2023-11-29 10,86,82,93,12
2023-11-29 11,84,64,119,15
2023-11-29 12,82,72,86,11
2023-11-29 13,78,66,85,13
2023-11-29 14,79,64,85,13
2023-11-29 15,74,65,84,12
2023-11-29 16,78,65,89,13
2023-11-29 17,82,72,89,12
2023-11-29 18,85,80,92,12
2023-11-29 19,80,75,84,13
2023-11-29 20,84,79,91,12
2023-11-29 21,74,60,83,12
2023-11-29 22,70,64,92,13
2023-11-29 23,64,60,73,13
2023-11-30 00,65,59,71,11
2023-11-30 01,63,60,70,14
2023-11-30 02,64,59,70,12
2023-11-30 03,65,59,73,12
2023-11-30 04,61,58,70,13
2023-11-30 05,68,62,74,13
2023-11-30 06,68,61,92,12
2023-11-30 07,80,65,110,15
2023-11-30 08,86,76,98,10
2023-11-30 09,78,65,91,12
2023-11-30 10,71,61,81,9
2023-11-30 11,74,69,88,13
2023-11-30 12,73,69,85,11
2023-11-30 13,75,66,84,13
2023-11-30 14,81,74,86,11
2023-11-30 15,100,76,128,76
2023-11-30 16,86,74,99,14
2023-11-30 17,80,73,87,12
2023-11-30 18,86,75,94,12
2023-11-30 19,90,81,100,8
2023-12-02 09,71,66,78,12
2023-12-02 10,92,71,137,52
2023-12-02 11,99,89,110,48
2023-12-02 12,101,84,113,29
2023-12-02 13,93,82,113,44
2023-12-02 14,85,78,96,9
2023-12-02 15,96,90,102,10
2023-12-02 16,93,88,96,10
2023-12-02 17,87,77,105,14
2023-12-02 18,90,79,115,14
2023-12-02 19,90,79,105,12
2023-12-02 20,82,75,85,12
2023-12-02 21,74,72,84,14
2023-12-02 22,73,68,79,12
2023-12-02 23,71,64,79,12
2023-12-03 00,66,63,71,12
2023-12-03 01,71,66,79,13
2023-12-03 02,71,69,73,12
2023-12-03 03,66,62,72,13
2023-12-03 04,64,60,67,12
2023-12-03 05,62,57,70,14
2023-12-03 06,61,57,73,11
2023-12-03 07,79,74,84,10
2023-12-03 08,96,80,109,9
2023-12-03 09,96,74,104,13
2023-12-03 10,94,81,105,15
2023-12-03 11,89,74,99,21
2023-12-03 12,77,63,86,13
2023-12-03 13,76,66,97,13
2023-12-03 14,92,78,104,13
2023-12-03 15,88,80,99,10
2023-12-03 16,89,74,102,28
2023-12-03 17,88,78,101,40
2023-12-03 18,79,72,91,12
2023-12-03 19,72,64,79,13
2023-12-03 20,67,61,72,12
2023-12-03 21,70,68,72,3
2023-12-05 07,83,83,83,1
2023-12-05 08,91,74,144,41
2023-12-05 09,112,92,123,58
2023-12-05 10,85,71,91,13
2023-12-05 11,79,67,91,13
2023-12-05 12,78,70,85,12
2023-12-05 13,78,71,91,14
2023-12-05 14,77,71,87,11
2023-12-05 15,74,65,84,13
2023-12-05 16,74,64,90,13
2023-12-05 17,79,69,91,13
2023-12-05 18,85,79,96,11
2023-12-05 19,82,66,100,13
2023-12-05 20,86,72,99,13
2023-12-05 21,79,69,105,14
2023-12-05 22,69,67,72,12
2023-12-05 23,71,64,108,12
2023-12-06 00,67,59,84,13
2023-12-06 01,59,58,63,13
2023-12-06 02,60,53,66,11
2023-12-06 03,57,52,67,14
2023-12-06 04,60,55,66,11
2023-12-06 05,59,52,68,13
2023-12-06 06,61,59,66,12
2023-12-06 07,65,56,78,11
2023-12-06 08,78,67,88,13
2023-12-06 09,77,69,85,12
2023-12-06 10,76,70,85,12
2023-12-06 11,73,64,83,14
2023-12-06 12,74,56,79,11
2023-12-06 13,77,71,86,14
2023-12-06 14,75,71,80,11
2023-12-06 15,72,64,80,14
2023-12-06 16,72,67,79,11
2023-12-06 17,74,71,81,12
2023-12-06 18,82,70,93,10
2023-12-06 19,79,72,85,14
2023-12-06 20,72,71,74,12
2023-12-06 21,69,60,80,12
2023-12-06 22,60,58,62,5
2023-12-09 08,85,81,92,3
2023-12-09 09,82,70,97,11
2023-12-09 10,142,88,177,54
2023-12-09 11,104,91,127,16
2023-12-09 12,103,91,118,11
2023-12-09 13,96,83,111,8
2023-12-09 14,92,72,114,11
2023-12-09 15,96,80,127,15
2023-12-09 16,95,86,105,9
2023-12-09 17,96,93,100,12
2023-12-09 18,94,89,104,14
2023-12-09 19,99,91,105,11
2023-12-09 20,101,98,105,14
2023-12-09 21,90,84,99,12
2023-12-09 22,88,84,99,13
2023-12-09 23,79,75,84,12
2023-12-10 00,82,79,84,13
2023-12-10 01,76,71,94,12
2023-12-10 02,75,70,84,13
2023-12-10 03,81,69,84,12
2023-12-10 04,79,68,84,13
2023-12-10 05,74,66,84,12
2023-12-10 06,70,68,71,4
2023-12-12 10,73,65,79,8
2023-12-12 11,75,64,101,13
2023-12-12 12,89,69,119,31
2023-12-12 13,97,69,113,37
2023-12-12 14,92,84,98,11
2023-12-12 15,91,79,98,14
2023-12-12 16,84,69,100,12
2023-12-12 17,85,78,100,13
2023-12-12 18,82,67,93,11
2023-12-12 19,86,71,97,14
2023-12-12 20,83,75,99,12
2023-12-12 21,77,73,84,13
2023-12-12 22,72,66,79,12
2023-12-12 23,67,58,84,13
2023-12-13 00,62,56,72,12
2023-12-13 01,58,53,64,13
2023-12-13 02,60,58,63,12
2023-12-13 03,61,59,64,13
2023-12-13 04,58,53,64,11
2023-12-13 05,63,55,69,14
2023-12-13 06,72,64,91,10
2023-12-13 07,78,70,89,12
2023-12-13 08,86,71,143,17
2023-12-13 09,115,102,126,47
2023-12-13 10,97,85,121,12
2023-12-13 11,89,82,98,13
2023-12-13 12,82,68,99,12
2023-12-13 13,79,72,85,12
2023-12-13 14,85,72,106,12
2023-12-13 15,80,71,92,12
2023-12-13 16,76,69,89,9
2023-12-13 17,83,72,93,14
2023-12-13 18,91,84,99,11
2023-12-13 19,86,79,100,13
2023-12-13 20,82,74,92,12
2023-12-13 21,77,60,84,13
2023-12-13 22,63,59,67,12
2023-12-13 23,69,62,76,13
2023-12-14 00,68,57,84,12
2023-12-14 01,66,62,72,12
2023-12-14 02,67,63,73,12
2023-12-14 03,65,60,71,14
2023-12-14 04,60,60,61,2
2023-12-15 13,87,79,95,13
2023-12-15 14,80,75,85,12
2023-12-15 15,89,75,110,11
2023-12-15 16,82,67,93,13
2023-12-15 17,83,80,87,11
2023-12-15 18,89,80,99,10
2023-12-15 19,82,73,99,12
2023-12-15 20,71,61,84,13
2023-12-15 21,61,56,70,11
2023-12-15 22,64,59,73,14
2023-12-15 23,64,59,72,11
2023-12-16 00,61,55,63,14
2023-12-16 01,64,59,71,12
2023-12-16 02,59,55,67,12
2023-12-16 03,59,55,68,13
2023-12-16 04,56,52,63,12
2023-12-16 05,62,56,70,13
2023-12-16 06,56,50,64,13
2023-12-16 07,68,55,88,11
2023-12-16 08,79,57,119,15
2023-12-16 09,78,66,88,11
2023-12-16 10,100,65,156,64
2023-12-16 11,107,99,123,40
2023-12-16 12,97,91,103,10
2023-12-16 13,92,79,112,27
2023-12-16 14,79,73,89,13
2023-12-16 15,84,74,101,12
2023-12-16 16,82,77,91,10
2023-12-16 17,89,81,98,9
2023-12-16 18,86,78,95,13
2023-12-16 19,84,77,92,12
2023-12-16 20,87,79,95,12
2023-12-16 21,87,83,97,12
2023-12-16 22,83,80,85,13
2023-12-16 23,87,84,94,12
2023-12-17 00,86,84,94,13
2023-12-17 01,71,67,80,13
2023-12-17 02,70,66,75,13
2023-12-17 03,73,64,80,12
2023-12-17 04,73,66,79,13
2023-12-17 05,79,73,84,12
2023-12-17 06,70,63,84,13
2023-12-17 07,67,60,72,11
2023-12-17 08,74,74,74,2
2023-12-17 14,100,78,143,23
2023-12-17 15,121,94,144,47
2023-12-17 16,89,84,101,13
2023-12-17 17,95,90,113,14
2023-12-17 18,100,93,115,12
2023-12-17 19,98,94,99,13
2023-12-17 20,88,80,94,12
2023-12-17 21,87,79,123,14
2023-12-17 22,87,72,119,14
2023-12-17 23,74,71,80,12
2023-12-18 00,67,58,79,13
2023-12-18 01,61,57,67,13
2023-12-18 02,59,54,70,12
2023-12-18 03,64,56,68,13
2023-12-18 04,60,55,63,12
2023-12-18 05,60,56,71,13
2023-12-18 06,67,58,93,13
2023-12-18 07,75,64,88,13
2023-12-18 08,75,68,98,11
2023-12-18 09,71,62,79,13
2023-12-18 10,70,65,75,12
2023-12-18 11,69,62,84,12
2023-12-18 12,66,57,76,13
2023-12-18 13,83,65,93,13
2023-12-18 14,86,73,102,11
2023-12-18 15,86,72,112,13
2023-12-18 16,113,87,145,76
2023-12-18 17,95,87,103,12
2023-12-18 18,85,73,97,10
2023-12-18 19,93,84,113,13
2023-12-18 20,88,82,102,13
2023-12-18 21,83,79,85,13
2023-12-18 22,77,73,84,12
2023-12-18 23,71,59,83,12
2023-12-19 00,61,58,67,12
2023-12-19 01,55,47,60,14
2023-12-19 02,59,55,72,12
2023-12-19 03,61,58,67,13
2023-12-19 04,60,58,63,12
2023-12-19 05,60,58,67,13
2023-12-19 06,70,63,74,9
2023-12-19 07,82,75,93,7
2023-12-19 08,116,80,147,33
2023-12-19 09,107,92,121,56
2023-12-19 10,86,79,98,13
2023-12-19 11,79,72,94,13
2023-12-19 12,72,62,79,12
2023-12-19 13,80,67,92,13
2023-12-19 14,89,82,111,13
2023-12-19 15,88,81,101,16
2023-12-19 16,83,71,97,14
2023-12-19 17,77,72,84,12
2023-12-19 18,77,72,84,13
2023-12-19 19,81,76,90,13
2023-12-19 20,82,75,84,12
2023-12-19 21,75,69,80,12
2023-12-19 22,69,55,97,13
2023-12-19 23,67,58,78,13
2023-12-20 00,58,55,63,12
2023-12-20 01,58,54,63,13
2023-12-20 02,63,55,68,12
2023-12-20 03,56,52,62,13
2023-12-20 04,57,51,62,12
2023-12-20 05,60,54,66,13
2023-12-20 06,69,59,89,12
2023-12-20 07,80,73,105,12
2023-12-20 08,106,73,132,50
2023-12-20 09,113,92,123,57
2023-12-20 10,84,76,93,12
2023-12-20 11,80,66,91,14
2023-12-20 12,79,74,84,12
2023-12-20 13,79,65,85,14
2023-12-20 14,81,75,84,13
2023-12-20 15,76,62,95,12
2023-12-20 16,77,65,95,13
2023-12-21 10,65,64,68,3
2023-12-21 11,89,66,108,16
2023-12-21 12,80,63,104,14
2023-12-21 13,78,71,84,16
2023-12-21 14,71,63,78,13
2023-12-21 15,72,67,80,14
2023-12-21 16,78,72,90,11
2023-12-21 17,78,67,87,11
2023-12-21 18,72,63,85,14
2023-12-21 19,71,62,82,14
2023-12-21 20,67,59,82,13
2023-12-21 21,65,60,71,14
2023-12-21 22,62,58,70,14
2023-12-21 23,60,55,68,15
2023-12-22 00,59,50,69,13
2023-12-22 01,56,52,59,14
2023-12-22 02,75,58,112,14
2023-12-22 03,61,58,66,15
2023-12-22 04,60,54,72,14
2023-12-22 05,58,52,61,14
2023-12-22 06,56,51,60,13
2023-12-22 07,67,58,86,15
2023-12-22 08,75,65,93,11
2023-12-22 09,76,70,83,12
2023-12-22 10,76,62,88,13
2023-12-22 11,68,62,76,13
2023-12-22 12,80,65,102,11
2023-12-22 13,74,67,83,14
2023-12-22 14,85,74,92,11
2023-12-22 15,95,81,109,23
2023-12-22 16,89,84,97,11
2023-12-22 17,102,79,115,26
2023-12-23 12,113,94,126,15
2023-12-23 13,83,80,86,14
2023-12-23 14,85,74,114,5
2023-12-25 16,84,73,90,12
2023-12-25 17,87,82,96,12
2023-12-25 18,89,84,105,13
2023-12-25 19,88,79,98,13
2023-12-25 20,86,79,104,14
2023-12-25 21,76,64,85,14
2023-12-25 22,68,63,79,15
2023-12-25 23,61,56,64,14
2023-12-26 00,60,55,71,15
2023-12-26 01,65,57,84,14
2023-12-26 02,56,53,59,15
2023-12-26 03,58,53,68,14
2023-12-26 04,60,57,63,15
2023-12-26 05,61,52,71,14
2023-12-26 06,59,56,63,14
2023-12-26 07,57,53,63,13
2023-12-26 08,76,64,102,16
2023-12-26 09,72,66,80,13
2023-12-26 10,83,66,116,15
2023-12-26 11,82,74,96,12
2023-12-26 12,76,69,87,11
2023-12-26 13,86,75,111,9
2023-12-26 14,80,71,93,11
2023-12-26 15,82,72,91,12
2023-12-26 16,84,73,99,14
2023-12-26 17,86,82,96,12
2023-12-26 18,86,79,94,20
2023-12-26 19,89,84,104,10
2023-12-26 20,89,83,99,15
2023-12-26 21,84,79,88,11
2023-12-26 22,81,73,85,14
2023-12-26 23,72,64,79,12
2023-12-27 00,73,72,74,3
2023-12-28 10,91,69,117,19
2023-12-28 11,89,73,112,14
2023-12-28 12,90,57,111,13
2023-12-28 13,86,76,97,12
2023-12-28 14,83,75,94,13
2023-12-28 15,101,73,123,70
2023-12-28 16,104,77,120,42
2023-12-28 17,96,88,109,36
2023-12-28 18,93,84,113,20
2023-12-28 19,85,80,93,13
2023-12-28 20,94,83,101,8
2023-12-28 21,95,89,105,14
2023-12-28 22,91,84,99,15
2023-12-28 23,88,84,91,12
2023-12-29 00,87,80,100,13
2023-12-29 01,96,84,103,12
2023-12-29 02,95,72,109,13
2023-12-29 03,72,69,80,14
2023-12-29 04,80,78,84,14
2023-12-29 05,81,79,84,13
2023-12-29 06,76,64,84,15
2023-12-29 07,70,62,84,14
2023-12-29 08,78,66,85,14
2023-12-29 09,98,84,105,9
2023-12-29 12,100,80,132,15
2023-12-29 13,83,72,91,15
2023-12-29 14,87,78,96,11
2023-12-29 15,86,78,102,29
2023-12-29 16,91,84,104,13
2023-12-29 17,103,92,114,27
2023-12-29 18,100,88,114,28
2023-12-29 19,107,85,156,13
2023-12-29 20,103,99,106,15
2023-12-29 21,100,98,105,11
2023-12-29 22,106,93,135,14
2023-12-29 23,87,80,99,14
2023-12-30 00,76,62,84,15
2023-12-30 01,74,64,97,13
2023-12-30 02,71,66,75,15
2023-12-30 03,64,59,73,14
2023-12-30 04,64,60,72,15
2023-12-30 05,60,55,67,15
2023-12-30 06,59,55,63,14
2023-12-30 07,72,58,97,14
2023-12-30 08,84,74,107,14
2023-12-30 09,84,73,102,12
2023-12-30 10,77,72,96,12
2023-12-30 11,78,68,93,26
2023-12-30 12,80,73,85,14
2023-12-30 13,100,74,143,23
2023-12-30 14,90,68,114,24
2023-12-30 15,91,86,96,10
2023-12-30 16,83,80,87,15
2023-12-30 17,86,79,96,12
2023-12-30 18,93,73,106,12
2023-12-30 19,101,95,108,3
2024-01-01 14,72,72,72,1
2024-01-01 15,74,66,92,14
2024-01-01 16,78,68,87,11
2024-01-01 17,72,63,85,12
2024-01-01 18,76,64,85,12
2024-01-01 19,84,78,92,11
2024-01-01 20,77,64,95,14
2024-01-01 21,70,62,74,12
2024-01-01 22,65,58,73,15
2024-01-01 23,60,54,65,14
2024-01-02 00,62,56,69,15
2024-01-02 01,62,56,70,14
2024-01-02 02,62,49,69,15
2024-01-02 03,58,52,63,13
2024-01-02 04,58,53,62,15
2024-01-02 05,61,53,64,14
2024-01-02 06,62,56,72,15
2024-01-02 07,79,63,99,13
2024-01-02 08,86,73,109,14
2024-01-02 09,90,67,109,81
2024-01-02 10,104,71,144,59
2024-01-02 11,120,100,131,39
2024-01-02 12,96,90,104,9
2024-01-02 16,94,91,96,2
2024-01-02 17,91,84,99,12
2024-01-02 18,81,75,95,14
2024-01-02 19,78,71,86,14
2024-01-02 20,69,59,79,15
2024-01-02 21,73,59,114,14
2024-01-02 22,64,58,72,15
2024-01-02 23,63,60,72,13
2024-01-03 00,59,53,65,16
2024-01-03 01,62,56,68,13
2024-01-03 02,58,57,61,15
2024-01-03 03,57,50,61,13
2024-01-03 04,63,56,79,14
2024-01-03 05,59,51,63,14
2024-01-03 06,74,58,115,15
2024-01-03 07,90,80,107,11
2024-01-03 08,130,74,162,48
2024-01-03 09,121,99,129,45
2024-01-03 10,100,100,100,1
2024-01-03 11,92,87,100,4
2024-01-03 12,87,75,105,15
2024-01-03 13,89,76,103,12
2024-01-03 14,90,80,96,12
2024-01-03 15,91,79,126,13
2024-01-03 16,86,74,94,12
2024-01-03 17,86,74,92,12
2024-01-03 18,93,83,106,14
2024-01-03 19,89,83,110,11
2024-01-03 20,82,72,90,14
2024-01-03 21,83,80,85,13
2024-01-03 22,76,64,84,15
2024-01-03 23,64,60,71,14
2024-01-04 00,62,58,69,15
2024-01-04 01,68,59,72,14
2024-01-04 02,64,59,71,15
2024-01-04 03,61,55,71,13
2024-01-04 04,59,54,67,15
2024-01-04 05,65,62,69,14
2024-01-04 06,69,64,91,12
2024-01-04 07,80,64,100,13
2024-01-04 08,115,84,147,22
2024-01-04 09,115,99,124,44
2024-01-04 10,98,87,121,20
2024-01-04 11,84,56,99,13
2024-01-04 12,80,69,91,12
2024-01-04 13,88,80,116,13
2024-01-04 14,83,72,90,14
2024-01-04 15,80,73,85,14
2024-01-04 16,77,67,85,11
2024-01-04 17,87,78,99,12
2024-01-04 18,80,73,85,8
2024-01-05 07,79,70,88,8
2024-01-05 08,104,75,144,27
2024-01-05 09,106,95,139,43
2024-01-05 10,95,82,105,15
2024-01-05 11,93,87,99,15
2024-01-05 12,88,84,99,10
2024-01-06 13,78,74,81,6
2024-01-06 14,80,72,94,12
2024-01-06 15,94,83,111,42
2024-01-06 16,81,70,100,13
2024-01-06 17,76,71,98,13
2024-01-06 18,80,73,93,13
2024-01-06 19,86,70,105,17
2024-01-06 20,95,72,115,21
2024-01-06 21,73,66,80,14
2024-01-06 22,69,58,75,13
2024-01-06 23,61,58,70,15
2024-01-07 00,60,56,67,14
2024-01-07 01,59,55,61,15
2024-01-07 02,63,58,71,14
2024-01-07 03,60,57,72,15
2024-01-07 04,61,54,77,13
2024-01-07 05,61,58,65,15
2024-01-07 06,62,59,73,11
2024-01-07 07,65,63,70,14
2024-01-07 08,79,55,95,11
2024-01-07 09,81,75,91,14
2024-01-07 10,83,70,99,9
2024-01-07 11,87,67,118,18
2024-01-07 12,110,72,147,30
2024-01-07 13,124,97,136,45
2024-01-07 14,106,89,125,31
2024-01-07 15,91,83,99,13
2024-01-07 16,92,86,99,11
2024-01-07 17,86,80,97,14
2024-01-07 18,83,79,87,11
2024-01-07 19,83,81,85,3
2024-01-08 14,103,76,149,44
2024-01-08 15,125,107,152,57
2024-01-08 16,118,98,137,125
2024-01-08 17,97,90,107,14
2024-01-08 18,94,84,105,12
2024-01-08 19,91,84,113,14
2024-01-08 20,85,84,89,11
2024-01-08 21,79,75,85,15
2024-01-08 22,77,72,84,14
2024-01-08 23,65,59,71,15
2024-01-09 00,63,59,72,14
2024-01-09 01,62,59,67,14
2024-01-09 02,57,54,60,15
2024-01-09 03,61,55,74,14
2024-01-09 04,61,57,69,14
2024-01-09 05,60,55,69,15
2024-01-09 06,69,59,89,12
2024-01-09 07,89,80,104,11
2024-01-09 08,102,76,145,24
2024-01-09 09,124,99,137,40
2024-01-09 10,95,81,105,10
2024-01-09 11,91,84,99,12
2024-01-09 12,88,85,92,13
2024-01-09 13,81,72,88,10
2024-01-09 14,82,77,85,13
2024-01-09 15,81,72,89,14
2024-01-09 16,81,70,100,12
2024-01-09 17,84,79,97,10
2024-01-09 18,97,81,119,11
2024-01-09 19,84,80,87,12
2024-01-09 22,69,59,86,12
2024-01-09 23,61,58,64,14
2024-01-10 00,62,58,68,15
2024-01-10 01,63,55,68,14
2024-01-10 02,60,55,65,13
2024-01-10 03,64,60,71,15
2024-01-10 04,66,59,74,14
2024-01-10 05,64,61,71,12
2024-01-10 06,66,63,70,15
2024-01-10 07,78,64,103,11
2024-01-10 08,89,79,105,13
2024-01-10 09,122,84,154,51
2024-01-10 10,107,85,119,21
2024-01-10 11,88,84,99,11
2024-01-10 12,86,80,96,15
2024-01-10 13,82,70,92,14
2024-01-10 14,82,65,99,15
2024-01-10 15,86,79,97,12
2024-01-10 16,83,72,90,12
2024-01-10 17,84,65,97,8
2024-01-10 18,81,62,93,12
2024-01-10 19,80,73,92,12
2024-01-10 20,74,66,84,14
2024-01-10 21,66,62,71,13
2024-01-10 22,67,59,71,15
2024-01-10 23,58,53,75,13
2024-01-11 00,57,52,60,15
2024-01-11 01,62,53,67,13
2024-01-11 02,60,57,69,15
2024-01-11 03,60,54,69,13
2024-01-11 04,61,55,70,16
2024-01-11 05,64,49,71,13
2024-01-11 06,69,65,75,14
2024-01-11 07,84,83,85,2
2024-01-11 22,62,58,68,11
2024-01-11 23,57,53,60,14
2024-01-12 00,54,48,63,15
2024-01-12 01,56,52,61,14
2024-01-12 02,58,52,63,15
2024-01-12 03,60,57,63,15
2024-01-12 04,62,56,92,14
2024-01-12 05,66,62,72,13
2024-01-12 06,79,61,99,13
2024-01-12 07,82,64,101,14
2024-01-12 08,114,67,141,70
2024-01-12 09,103,85,126,13
2024-01-12 10,81,72,94,16
2024-01-12 11,84,71,95,14
2024-01-12 12,81,69,91,14
2024-01-12 13,81,73,94,11
2024-01-12 14,76,65,91,14
2024-01-12 15,71,64,81,12
2024-01-12 16,72,65,83,13
2024-01-12 17,77,70,85,9
2024-01-12 18,79,69,91,15
2024-01-12 19,86,72,104,11
2024-01-12 20,66,58,75,14
2024-01-12 21,68,60,83,12
2024-01-12 22,72,62,79,15
2024-01-12 23,71,63,79,11
2024-01-13 00,63,53,79,16
2024-01-13 01,61,56,68,12
2024-01-13 02,60,54,68,14
2024-01-13 03,58,52,64,13
2024-01-13 04,58,53,63,13
2024-01-13 05,59,55,63,13
2024-01-13 06,67,63,73,15
2024-01-13 07,73,58,92,9
2024-01-13 08,77,71,85,14
2024-01-13 09,74,70,80,4
2024-01-14 07,68,61,79,3
2024-01-14 08,75,69,88,13
2024-01-14 09,83,72,105,12
2024-01-14 10,77,70,89,12
2024-01-14 11,86,78,96,11
2024-01-14 12,76,73,84,11
2024-01-14 13,88,75,106,13
2024-01-14 14,75,64,83,13
2024-01-14 15,71,61,82,11
2024-01-14 16,64,58,68,9
2024-01-15 08,81,65,91,12
2024-01-15 09,82,65,103,14
2024-01-15 10,81,70,91,12
2024-01-15 11,77,64,87,12
2024-01-15 12,74,61,82,12
2024-01-15 13,85,67,116,14
2024-01-15 14,88,76,99,12
2024-01-15 15,83,66,92,13
2024-01-15 16,90,66,99,12
2024-01-15 17,86,79,98,12
2024-01-15 18,90,70,113,12
2024-01-15 19,94,85,100,13
2024-01-15 20,106,87,149,16
2024-01-15 21,81,70,91,15
2024-01-15 22,75,69,85,13
2024-01-15 23,65,56,72,14
2024-01-16 00,60,58,64,13
2024-01-16 01,58,55,60,13
2024-01-16 02,58,53,72,14
2024-01-16 03,55,48,71,14
2024-01-16 04,62,59,80,12
2024-01-16 05,57,51,60,14
2024-01-16 06,69,59,119,12
2024-01-16 07,85,73,102,10
2024-01-16 08,115,76,163,76
2024-01-16 09,111,90,130,34
2024-01-16 10,84,73,90,14
2024-01-16 11,83,78,89,12
2024-01-16 12,86,73,100,13
2024-01-16 13,83,64,99,12
2024-01-16 14,82,74,91,15
2024-01-16 15,87,66,96,13
2024-01-16 16,81,65,90,5
2024-01-18 08,86,79,100,6
2024-01-18 09,83,71,95,12
2024-01-18 10,89,78,97,13
2024-01-18 11,81,66,110,13
2024-01-18 12,78,72,88,13
2024-01-18 13,79,71,85,12
2024-01-18 14,83,68,103,16
2024-01-18 15,84,73,93,11
2024-01-18 16,121,74,140,79
2024-01-18 17,92,78,124,14
2024-01-18 18,82,72,92,14
2024-01-18 19,81,65,89,14
2024-01-18 20,68,63,72,14
2024-01-18 21,70,64,73,12
2024-01-18 22,68,56,109,17
2024-01-18 23,60,54,72,13
2024-01-19 00,53,50,58,15
2024-01-19 01,57,51,64,14
2024-01-19 02,55,52,58,14
2024-01-19 03,53,49,55,14
2024-01-19 04,64,55,74,15
2024-01-19 05,62,53,72,14
2024-01-19 06,87,67,110,13
2024-01-19 07,86,81,94,12
2024-01-19 08,77,67,85,14
2024-01-19 09,84,80,92,12
2024-01-19 10,109,78,133,64
2024-01-19 11,90,81,114,12
2024-01-19 12,115,74,148,24
2024-01-19 13,107,91,121,35
2024-01-19 14,102,80,132,56
2024-01-20 14,80,74,94,6
2024-01-20 15,75,69,105,16
2024-01-20 16,80,65,85,12
2024-01-20 17,86,78,90,13
2024-01-20 18,77,70,101,13
2024-01-20 19,67,62,73,15
2024-01-20 20,62,52,68,13
2024-01-20 21,62,57,72,15
2024-01-20 22,62,58,67,12
2024-01-20 23,61,53,70,15
2024-01-21 00,51,48,56,14
2024-01-21 01,52,47,56,8
2024-01-21 09,122,80,147,76
2024-01-21 10,102,87,123,15
2024-01-21 11,93,83,118,14
2024-01-21 12,95,85,114,13
2024-01-21 13,94,88,105,11
2024-01-21 14,83,72,99,14
2024-01-21 15,75,67,86,14
2024-01-21 16,82,68,93,12
2024-01-21 17,76,63,87,14
2024-01-21 18,78,66,91,16
2024-01-21 19,74,66,83,12
2024-01-21 20,74,71,79,13
2024-01-21 21,73,70,79,14
2024-01-21 22,67,59,80,13
2024-01-21 23,66,58,71,14
2024-01-22 00,57,51,70,14
2024-01-22 01,55,51,63,15
2024-01-22 02,56,52,64,15
2024-01-22 03,59,58,61,14
2024-01-22 04,61,53,68,14
2024-01-22 05,67,58,74,15
2024-01-22 06,72,61,95,13
2024-01-22 07,78,72,99,13
2024-01-22 08,81,71,87,13
2024-01-22 09,76,63,84,15
2024-01-22 10,78,73,83,12
2024-01-22 11,82,67,91,13
2024-01-22 12,82,73,91,12
2024-01-22 13,81,73,91,14
2024-01-22 14,82,80,84,3
2024-01-24 07,74,65,90,11
2024-01-24 08,82,63,112,16
2024-01-24 09,79,66,94,14
2024-01-24 10,76,68,84,13
2024-01-24 11,76,63,87,15
2024-01-24 12,74,62,85,13
2024-01-24 13,76,66,86,14
2024-01-24 14,83,64,95,12
2024-01-24 15,79,70,91,13
2024-01-24 16,77,72,89,12
2024-01-24 17,72,63,87,10
2024-01-24 18,79,62,92,13
2024-01-24 19,71,63,76,15
2024-01-24 20,64,61,65,12
2024-01-24 21,64,59,70,13
2024-01-24 22,59,54,64,14
2024-01-24 23,62,53,77,15
2024-01-25 00,57,53,63,13
2024-01-25 01,58,52,71,16
2024-01-25 02,57,53,64,13
2024-01-25 03,59,53,67,16
2024-01-25 04,58,53,66,14
2024-01-25 05,60,51,68,14
2024-01-25 06,65,55,71,14
2024-01-25 07,85,65,117,16
2024-01-25 08,90,80,104,11
2024-01-26 07,81,72,93,8
2024-01-26 08,82,72,85,12
2024-01-26 09,81,70,95,14
2024-01-26 10,81,57,109,14
2024-01-26 11,81,56,94,14
2024-01-26 12,78,57,105,12
2024-01-26 13,76,64,91,13
2024-01-26 14,86,75,100,13
2024-01-26 15,82,73,96,14
2024-01-26 16,73,63,85,11
2024-01-26 17,84,73,103,9
2024-01-26 18,76,65,94,13
2024-01-26 19,78,65,92,15
2024-01-26 20,69,60,81,11
2024-01-26 21,74,58,85,13
2024-01-26 22,69,56,94,16
2024-01-26 23,58,53,72,15
2024-01-27 00,61,54,72,14
2024-01-27 01,60,53,97,15
2024-01-27 02,61,55,65,14
2024-01-27 03,61,54,72,14
2024-01-27 04,59,53,72,14
2024-01-27 05,60,53,67,13
2024-01-27 06,69,56,105,14
2024-01-27 07,85,72,100,11
2024-01-27 08,85,76,98,12
2024-01-27 09,107,86,131,21
2024-01-27 10,87,82,90,11
2024-01-27 11,93,86,109,11
2024-01-27 12,90,83,107,11
2024-01-27 13,86,80,89,6
2024-01-27 14,89,85,95,3
2024-01-28 09,79,74,90,4
2024-01-28 10,103,66,143,36
2024-01-28 11,104,93,120,47
2024-01-28 12,98,90,122,16
2024-01-28 13,100,84,121,37
2024-01-28 14,101,91,111,27
2024-01-28 15,86,74,98,12
2024-01-28 16,89,79,115,13
2024-01-28 17,86,76,110,14
2024-01-28 18,74,67,99,13
2024-01-28 19,79,70,102,14
2024-01-28 20,111,72,163,30
2024-01-28 21,83,71,89,12
2024-01-28 22,72,64,107,16
2024-01-28 23,69,64,81,15
2024-01-29 00,62,55,71,15
2024-01-29 01,58,53,63,13
2024-01-29 02,61,53,68,16
2024-01-29 03,57,54,59,14
2024-01-29 04,63,59,67,14
2024-01-29 05,61,55,70,14
2024-01-29 06,59,54,69,14
2024-01-29 07,81,66,98,13
2024-01-29 08,89,73,101,13
2024-01-29 09,87,78,99,12
2024-01-29 10,81,72,91,14
2024-01-29 11,83,66,102,14
2024-01-29 12,86,78,99,12
2024-01-29 13,79,72,93,12
2024-01-29 14,83,69,95,13
2024-01-29 15,82,73,93,10
2024-01-29 17,100,74,115,21
2024-01-29 18,109,91,144,14
2024-01-29 19,108,99,134,12
2024-01-29 20,102,83,116,25
2024-01-29 21,84,71,94,14
2024-01-29 22,82,65,107,15
2024-01-29 23,75,72,82,13
2024-01-30 00,68,55,83,15
2024-01-30 01,62,56,72,14
2024-01-30 02,62,54,71,14
2024-01-30 03,59,56,66,13
2024-01-30 04,63,55,71,16
2024-01-30 05,71,64,79,13
2024-01-30 06,78,66,118,11
2024-01-30 07,81,66,118,372
2024-01-30 08,77,63,116,676
2024-01-30 09,72,59,114,677
2024-01-30 10,73,63,115,689
2024-01-30 11,75,63,97,707
2024-01-30 12,74,59,112,694
2024-01-30 13,73,61,86,713
2024-01-30 14,75,63,102,702
2024-01-30 15,79,61,118,561
2024-01-30 16,84,67,124,571
2024-01-30 17,89,70,105,420
2024-01-31 07,84,75,98,11
2024-01-31 08,145,78,182,137
2024-01-31 09,118,100,146,17
2024-01-31 10,106,100,114,13
2024-01-31 11,98,91,104,12
2024-01-31 12,86,80,103,14
2024-01-31 13,83,71,91,12
2024-01-31 14,83,70,92,15
2024-01-31 15,81,64,99,12
2024-01-31 16,76,57,96,14
2024-01-31 17,79,67,97,12
2024-01-31 18,85,77,98,9
2024-01-31 19,75,66,91,14
2024-01-31 20,74,66,84,13
2024-01-31 21,65,63,71,13
2024-01-31 22,64,58,84,13
2024-01-31 23,58,53,72,14
2024-02-01 00,58,52,68,15
2024-02-01 01,61,53,69,13
2024-02-01 02,56,53,59,15
2024-02-01 03,60,53,68,15
2024-02-01 04,59,53,70,14
2024-02-01 05,66,63,71,14
2024-02-01 06,67,59,79,14
2024-02-01 07,80,70,88,10
2024-02-01 08,85,74,93,11
2024-02-01 09,84,79,89,8
2024-02-01 11,81,66,95,7
2024-02-01 12,91,81,99,13
2024-02-01 13,89,65,108,12
2024-02-01 14,83,78,93,13
2024-02-01 15,82,79,91,14
2024-02-01 16,82,68,93,15
2024-02-01 17,82,65,110,13
2024-02-01 18,72,66,85,15
2024-02-01 19,84,65,108,12
2024-02-01 20,75,63,93,15
2024-02-01 21,76,72,80,12
2024-02-01 22,72,67,78,14
2024-02-01 23,69,63,74,12
2024-02-02 00,67,58,87,14
2024-02-02 01,61,55,67,14
2024-02-02 02,61,56,69,15
2024-02-02 03,56,48,68,13
2024-02-02 04,62,56,71,16
2024-02-02 05,68,60,72,13
2024-02-02 06,72,66,87,12
2024-02-02 07,88,73,98,14
2024-02-02 08,104,78,144,35
2024-02-02 09,121,105,136,45
2024-02-02 10,103,98,114,11
2024-02-02 11,97,85,104,12
2024-02-02 12,87,65,102,14
2024-02-02 13,84,75,89,13
2024-02-02 14,84,79,91,13
2024-02-02 15,80,68,86,12
2024-02-02 16,80,71,85,13
2024-02-02 17,83,66,92,12
2024-02-04 09,90,81,100,6
2024-02-04 10,98,86,120,24
2024-02-04 11,100,87,117,48
2024-02-04 12,97,76,107,50
2024-02-04 13,89,80,114,12
2024-02-04 14,87,78,100,15
2024-02-04 15,83,74,92,11
2024-02-04 16,95,84,101,18
2024-02-04 17,88,73,105,13
2024-02-04 18,80,74,86,11
2024-02-04 19,77,71,87,11
2024-02-04 20,80,71,84,14
2024-02-04 21,76,63,86,13
2024-02-04 22,74,69,77,14
2024-02-04 23,69,59,79,12
2024-02-05 00,61,54,65,15
2024-02-05 01,58,47,65,14
2024-02-05 02,57,53,63,15
2024-02-05 03,59,52,69,13
2024-02-05 04,58,53,63,16
2024-02-05 05,59,54,68,13
2024-02-05 06,65,63,72,14
2024-02-05 07,83,67,93,9
2024-02-05 08,79,71,85,12
2024-02-05 09,80,72,91,11
2024-02-05 10,80,64,86,14
2024-02-05 11,87,65,105,11
2024-02-05 12,87,73,94,12
2024-02-05 23,84,65,116,11
2024-02-06 00,66,58,83,15
2024-02-06 01,62,57,67,14
2024-02-06 02,57,52,67,14
2024-02-06 03,62,55,70,14
2024-02-06 04,58,54,60,15
2024-02-06 05,68,63,80,14
2024-02-06 06,76,63,94,12
2024-02-06 07,93,67,123,29
2024-02-06 08,73,67,84,14
2024-02-06 09,83,75,109,14
2024-02-06 10,76,63,102,13
2024-02-06 11,74,63,88,12
2024-02-06 12,82,66,96,12
2024-02-06 13,103,78,124,64
2024-02-06 14,89,82,99,14
2024-02-06 15,81,69,92,11
2024-02-06 16,81,63,99,12
2024-02-06 17,79,68,90,12
2024-02-06 18,80,64,100,15
2024-02-06 19,76,66,80,13
2024-02-06 20,68,59,79,14
2024-02-06 21,70,61,83,11
2024-02-06 22,74,63,84,16
2024-02-06 23,64,53,83,13
2024-02-07 00,54,49,60,15
2024-02-07 01,56,53,63,14
2024-02-07 02,57,53,63,15
2024-02-07 03,61,52,73,14
2024-02-07 04,66,58,72,14
2024-02-07 05,70,66,75,12
2024-02-07 06,76,68,87,11
2024-02-07 07,80,70,108,13
2024-02-07 08,77,60,89,11
2024-02-07 09,80,80,80,1
2024-02-11 21,74,69,84,12
2024-02-11 22,67,60,71,14
2024-02-11 23,61,58,64,15
2024-02-12 00,63,59,76,14
2024-02-12 01,67,60,72,16
2024-02-12 02,59,57,67,13
2024-02-12 03,59,53,66,15
2024-02-12 04,60,52,69,14
2024-02-12 05,67,54,99,16
2024-02-12 06,78,63,96,12
2024-02-12 07,88,79,100,13
2024-02-12 08,89,77,100,13
2024-02-12 09,90,85,99,17
2024-02-12 10,87,73,99,11
2024-02-12 11,95,69,104,13
2024-02-12 12,93,74,105,12
2024-02-12 13,92,90,99,14
2024-02-12 14,96,86,104,12
2024-02-12 15,93,83,104,14
2024-02-12 16,88,57,105,13
2024-02-12 17,86,77,105,13
2024-02-12 18,83,70,93,12
2024-02-12 19,81,73,87,15
2024-02-12 20,82,71,91,14
2024-02-12 21,78,71,85,14
2024-02-12 22,69,59,84,15
2024-02-12 23,67,63,74,15
2024-02-13 00,64,55,70,13
2024-02-13 01,68,63,84,15
2024-02-13 02,66,63,72,14
2024-02-13 03,68,58,75,16
2024-02-13 04,67,59,71,13
2024-02-13 05,70,62,84,15
2024-02-13 06,78,73,80,13
2024-02-13 07,114,105,122,4
2024-02-15 07,87,79,93,5
2024-02-15 08,91,66,106,14
2024-02-15 09,91,65,98,13
2024-02-15 10,81,64,106,11
2024-02-15 11,94,74,111,11
2024-02-15 12,91,69,105,13
2024-02-15 13,95,86,106,13
2024-02-15 14,89,71,103,14
2024-02-15 15,91,72,109,12
2024-02-15 16,83,66,105,10
2024-02-15 17,80,69,105,12
2024-02-15 18,97,84,123,14
2024-02-15 19,96,84,100,12
2024-02-15 20,88,79,99,15
2024-02-15 21,97,91,106,12
2024-02-15 22,79,66,104,16
2024-02-15 23,71,58,84,14
2024-02-16 00,66,59,83,14
2024-02-16 01,70,60,84,13
2024-02-16 02,73,63,84,15
2024-02-16 03,82,73,84,12
2024-02-16 04,79,70,86,15
2024-02-16 05,72,63,84,13
2024-02-16 06,78,67,84,9
2024-02-16 14,73,73,73,1
2024-02-16 15,85,71,98,13
2024-02-16 16,80,57,96,13
2024-02-16 17,94,72,111,57
2024-02-16 18,88,79,94,13
2024-02-16 19,89,78,98,13
2024-02-16 20,83,67,95,13
2024-02-16 21,77,61,134,13
2024-02-16 22,80,71,88,15
2024-02-16 23,71,58,83,14
2024-02-17 00,64,58,70,14
2024-02-17 01,72,64,79,13
2024-02-17 02,66,59,74,15
2024-02-17 03,69,61,73,14
2024-02-17 04,69,58,78,15
2024-02-17 05,62,54,67,13
2024-02-17 06,75,61,86,15
2024-02-17 07,90,80,130,12
2024-02-17 08,87,76,103,15
2024-02-17 09,85,75,96,14
2024-02-17 10,97,53,115,71
2024-02-17 11,87,77,93,11
2024-02-17 12,93,76,101,13
2024-02-17 13,96,84,112,16
2024-02-17 14,103,86,110,23
2024-02-17 15,100,84,112,12
2024-02-17 16,108,97,123,27
2024-02-17 17,98,90,110,14
2024-02-17 18,91,84,102,14
2024-02-17 19,83,64,97,13
2024-02-17 20,82,65,93,14
2024-02-17 21,80,58,90,13
2024-02-17 22,77,61,81,10
2024-02-18 09,86,85,88,2
2024-02-18 10,97,79,109,70
2024-02-18 11,91,79,124,28
2024-02-18 12,87,74,101,13
2024-02-18 13,98,79,111,10
2024-02-18 14,85,75,100,14
2024-02-18 15,92,72,104,13
2024-02-18 16,85,76,99,11
2024-02-18 17,86,79,93,12
2024-02-18 18,90,80,116,14
2024-02-18 19,83,77,87,14
2024-02-18 20,82,78,84,14
2024-02-18 21,74,63,106,14
2024-02-18 22,69,63,83,13
2024-02-18 23,65,63,72,15
2024-02-19 00,66,62,72,13
2024-02-19 01,63,60,68,16
2024-02-19 02,66,59,72,14
2024-02-19 03,61,58,65,14
2024-02-19 04,60,55,71,14
2024-02-19 05,67,59,72,15
2024-02-19 06,67,62,72,11
2024-02-19 07,88,75,103,15
2024-02-19 08,87,74,99,11
2024-02-19 09,79,60,93,12
2024-02-19 10,85,73,92,15
2024-02-19 11,84,65,104,13
2024-02-19 12,88,77,107,11
2024-02-19 13,86,70,96,11
2024-02-19 14,95,93,99,3
2024-02-21 07,92,83,106,13
2024-02-21 08,82,73,94,14
2024-02-21 09,101,71,120,31
2024-02-21 10,94,79,105,24
2024-02-21 11,107,75,121,32
2024-02-21 12,98,91,105,12
2024-02-21 13,92,79,114,15
2024-02-21 14,91,83,99,13
2024-02-21 15,87,65,98,11
2024-02-21 16,84,71,94,12
2024-02-21 17,93,73,115,19
2024-02-21 18,88,83,100,14
2024-02-21 19,87,84,91,11
2024-02-21 20,85,84,89,15
2024-02-21 21,85,81,89,12
2024-02-21 22,81,76,84,15
2024-02-21 23,78,71,84,13
2024-02-22 00,69,59,74,15
2024-02-22 01,67,60,72,14
2024-02-22 02,67,58,84,15
2024-02-22 03,64,58,72,14
2024-02-22 04,66,58,79,15
2024-02-22 05,69,62,80,13
2024-02-22 06,78,71,84,13
2024-02-22 07,86,73,115,13
2024-02-22 08,90,84,98,13
2024-02-22 09,93,84,100,13
2024-02-22 10,92,76,107,9
2024-02-22 11,89,80,99,4
2024-02-25 08,86,85,86,2
2024-02-25 09,97,79,128,12
2024-02-25 10,92,69,111,25
2024-02-25 11,94,73,105,34
2024-02-25 12,90,81,106,15
2024-02-25 13,86,73,105,11
2024-02-25 14,87,78,122,14
2024-02-25 15,93,87,104,13
2024-02-25 16,94,88,99,14
2024-02-25 17,98,90,111,12
2024-02-25 18,96,90,101,13
2024-02-25 19,96,91,102,12
2024-02-25 20,96,91,117,15
2024-02-25 21,91,84,99,14
2024-02-25 22,89,84,94,14
2024-02-25 23,84,83,88,13
2024-02-26 00,82,79,88,14
2024-02-26 01,74,63,80,14
2024-02-26 02,74,67,84,14
2024-02-26 03,67,63,72,11
2024-02-26 04,64,58,73,16
2024-02-26 05,67,59,83,13
2024-02-26 06,77,71,80,15
2024-02-26 07,87,70,102,12
2024-02-26 08,92,84,122,14
2024-02-26 09,92,80,102,12
2024-02-26 10,93,87,99,13
2024-02-26 11,94,76,108,10
2024-02-26 12,96,85,105,13
2024-02-26 13,90,83,96,7
2024-02-28 05,67,67,67,1
2024-02-28 06,77,66,84,13
2024-02-28 07,91,71,130,12
2024-02-28 08,94,85,115,15
2024-02-28 09,92,85,99,12
2024-02-28 10,91,77,107,14
2024-02-28 11,88,67,104,11
2024-02-28 12,78,60,91,14
2024-02-28 13,82,62,107,11
2024-02-28 14,86,80,93,14
2024-02-28 15,89,84,95,11
2024-02-28 16,82,72,91,14
2024-02-28 17,86,79,94,13
2024-02-28 18,98,86,109,13
2024-02-28 19,86,83,101,15
2024-02-28 20,86,84,92,12
2024-02-28 21,84,80,86,16
2024-02-28 22,77,71,84,14
2024-02-28 23,76,65,81,14
2024-02-29 00,73,65,84,15
2024-02-29 01,63,57,71,15
2024-02-29 02,68,63,71,13
2024-02-29 03,65,57,80,15
2024-02-29 04,62,54,72,14
2024-02-29 05,77,65,117,12
2024-02-29 06,89,82,94,6
2024-02-29 07,89,80,99,11
2024-02-29 08,91,83,109,13
2024-02-29 09,104,83,120,21
2024-02-29 10,105,89,137,13
2024-02-29 11,105,88,140,12
2024-02-29 12,128,75,153,29
2024-02-29 13,121,95,145,34
2024-02-29 14,102,92,116,15
2024-02-29 15,99,95,104,15
2024-02-29 16,98,92,105,12
2024-02-29 17,99,91,120,11
2024-02-29 18,92,84,99,12
2024-02-29 19,90,79,100,14
2024-02-29 20,87,84,91,15
2024-02-29 21,85,85,85,1
2024-03-01 22,73,69,84,6
2024-03-01 23,71,63,84,15
2024-03-02 00,67,62,72,14
2024-03-02 01,64,58,72,14
2024-03-02 02,62,56,67,13
2024-03-02 03,64,58,72,14
2024-03-02 04,62,59,67,13
2024-03-02 05,73,59,120,11
2024-03-02 06,91,75,112,13
2024-03-02 07,81,73,87,15
2024-03-02 08,79,71,82,11
2024-03-02 09,102,74,128,82
2024-03-02 10,83,76,94,13
2024-03-02 11,114,92,136,31
2024-03-02 12,95,90,100,12
2024-03-02 13,96,79,109,29
2024-03-02 14,86,81,97,12
2024-03-02 15,86,77,100,13
2024-03-02 16,88,79,102,10
2024-03-02 17,83,75,96,14
2024-03-02 18,88,80,98,13
2024-03-02 19,83,73,98,11
2024-03-02 20,75,71,80,14
2024-03-02 21,72,71,78,13
2024-03-02 22,70,63,76,15
2024-03-02 23,60,56,66,13
2024-03-03 00,60,54,69,12
2024-03-03 01,58,53,66,13
2024-03-03 02,54,52,59,14
2024-03-03 03,61,54,71,15
2024-03-03 04,59,53,64,14
2024-03-03 05,66,60,72,14
2024-03-03 06,63,55,90,13
2024-03-03 07,82,63,99,12
2024-03-03 08,94,94,95,2
2024-03-05 16,92,85,101,6
2024-03-05 17,93,81,106,13
2024-03-05 18,94,82,118,16
2024-03-05 19,90,83,105,13
2024-03-05 20,86,84,91,12
2024-03-05 21,81,76,85,14
2024-03-05 22,80,79,84,15
2024-03-05 23,80,70,84,13
2024-03-06 00,76,71,84,14
2024-03-06 01,71,61,76,15
2024-03-06 02,66,59,72,14
2024-03-06 03,75,68,84,15
2024-03-06 04,77,64,84,14
2024-03-06 05,74,66,84,15
2024-03-06 06,77,64,99,13
2024-03-06 07,92,79,106,13
2024-03-06 08,92,85,99,14
2024-03-06 09,90,80,104,14
2024-03-06 10,89,73,111,12
2024-03-06 11,93,72,109,14
2024-03-06 12,96,82,111,12
2024-03-06 13,95,75,119,26
2024-03-06 14,91,76,137,12
2024-03-06 15,98,93,111,10
2024-03-06 16,89,77,108,7
2024-03-06 17,91,82,98,11
2024-03-06 18,91,84,99,13
2024-03-06 19,87,84,93,3
2024-04-06 06,114,95,121,8
2024-04-06 07,88,84,94,14
2024-04-06 08,89,79,106,13
2024-04-06 09,91,84,105,21
2024-04-06 10,90,84,100,13
2024-04-06 11,85,72,94,15
2024-04-06 12,84,80,85,14
2024-04-06 13,88,83,99,13
2024-04-06 14,91,84,99,14
2024-04-06 15,104,88,114,42
2024-04-06 16,93,84,109,18
2024-04-06 17,82,75,84,14
2024-04-06 18,88,84,94,16
2024-04-06 19,93,88,99,14
2024-04-06 20,89,83,98,15
2024-04-06 21,85,80,104,13
2024-04-06 22,86,84,93,14
2024-04-06 23,86,83,93,13
2024-04-07 00,104,85,115,34
2024-04-07 01,99,83,117,274
2024-04-07 02,86,80,92,16
2024-04-07 03,104,84,111,402
2024-04-07 04,98,83,106,44
2024-04-07 05,84,83,88,13
2024-04-07 06,85,84,90,8
2024-04-07 21,101,86,106,42
2024-04-07 22,104,80,116,55
2024-04-07 23,107,87,127,128
2024-04-08 00,99,85,117,40
2024-04-08 01,88,81,98,13
2024-04-08 02,91,78,102,53
2024-04-08 03,92,85,102,15
2024-04-08 04,93,85,106,15
2024-04-08 05,106,92,117,79
2024-04-08 06,98,93,109,15
2024-04-08 07,105,95,118,53
2024-04-08 08,86,79,104,14
2024-04-08 09,78,73,84,14
2024-04-08 10,99,82,107,61
2024-04-08 11,103,95,119,12
2024-04-08 12,100,96,105,13
2024-04-08 13,96,92,102,13
2024-04-08 14,89,84,98,14
2024-04-08 15,88,84,94,12
2024-04-08 16,92,87,100,14
2024-04-08 17,94,91,99,13
2024-04-08 18,91,84,99,13
2024-04-08 19,87,84,94,12
2024-04-08 20,87,84,98,14
2024-04-08 21,91,84,105,14
2024-04-08 22,90,84,94,14
2024-04-08 23,82,73,90,12
2024-04-09 00,78,72,84,14
2024-04-09 22,100,77,110,30
2024-04-09 23,98,86,106,19
2024-04-10 00,98,89,113,13
2024-04-10 01,92,88,101,12
2024-04-10 02,109,84,124,56
2024-04-10 03,108,90,118,92
2024-04-10 04,99,92,106,13
2024-04-10 05,92,85,104,13
2024-04-10 06,104,84,113,71
2024-04-10 07,97,92,109,16
2024-04-10 08,107,89,117,71
2024-04-10 09,104,91,116,45
2024-04-10 10,114,90,122,128
2024-04-10 11,114,94,124,45
2024-04-10 12,94,85,102,14
2024-04-10 13,87,84,90,15
2024-04-10 14,86,76,99,13
2024-04-10 15,94,91,99,14
2024-04-10 16,87,80,99,12
2024-04-10 17,82,78,84,14
2024-04-10 18,78,69,87,13
2024-04-10 19,77,69,84,15
2024-04-10 20,68,58,76,14
2024-04-10 21,69,62,79,13
2024-04-10 22,79,61,101,13
2024-04-10 23,93,83,108,34
2024-04-11 00,102,88,112,36
2024-04-11 01,95,89,103,14
2024-04-11 02,89,82,99,12
2024-04-11 03,93,82,106,17
2024-04-11 04,97,92,104,13
2024-04-11 05,110,94,121,70
2024-04-11 06,110,100,121,134
2024-04-11 07,98,93,101,6
2024-04-15 13,160,85,175,453
2024-04-15 14,154,98,171,222
2024-04-15 15,99,92,110,14
2024-04-15 16,98,80,114,13
2024-04-15 17,95,86,106,14
2024-04-15 18,87,79,93,13
2024-04-15 19,80,72,97,13
2024-04-15 20,76,72,80,14
2024-04-15 21,74,67,80,14
2024-04-15 22,69,64,79,15
2024-04-15 23,68,61,79,14
2024-04-16 00,64,59,71,15
2024-04-16 01,66,59,71,14
2024-04-16 02,63,58,69,15
2024-04-16 03,68,65,73,14
2024-04-16 04,67,62,75,15
2024-04-16 05,71,68,74,11
2024-04-16 06,88,82,109,13
2024-04-16 07,122,80,149,83
2024-04-16 08,109,92,127,23
2024-04-16 09,90,84,93,12
2024-04-16 10,96,86,105,13
2024-04-16 11,87,81,96,15
2024-04-16 12,84,80,90,14
2024-04-16 13,87,81,92,7
2024-04-17 13,160,71,175,640
2024-04-17 14,136,98,157,132
2024-04-17 15,97,92,100,12
2024-04-17 16,93,86,99,14
2024-04-17 17,92,84,99,13
2024-04-17 18,86,84,94,15
2024-04-17 19,89,84,107,14
2024-04-17 20,86,84,98,15
2024-04-17 21,77,69,90,14
2024-04-17 22,71,67,84,13
2024-04-17 23,65,62,67,15
2024-04-18 00,67,63,69,15
2024-04-18 01,69,63,80,14
2024-04-18 02,65,59,70,15
2024-04-18 03,64,62,66,14
2024-04-18 04,84,58,148,18
2024-04-18 05,85,75,93,14
2024-04-18 06,89,79,108,16
2024-04-18 07,79,74,84,11
2024-04-18 08,80,71,85,14
2024-04-18 09,80,72,92,12
2024-04-18 10,88,80,99,14
2024-04-18 11,87,84,93,13
2024-04-18 12,83,80,87,13
2024-04-18 13,78,70,80,14
2024-04-18 14,125,73,160,93
2024-04-18 15,121,99,135,132
2024-04-18 16,96,92,100,12
2024-04-18 17,95,91,103,12
2024-04-18 18,92,89,94,2
2024-04-21 09,82,77,89,11
2024-04-21 10,89,74,105,23
2024-04-21 11,87,77,101,21
2024-04-21 12,83,73,97,14
2024-04-21 13,97,82,122,23
2024-04-21 14,85,71,109,12
2024-04-21 15,106,99,122,16
2024-04-21 16,108,83,117,65
2024-04-21 17,84,78,93,12
2024-04-21 18,81,72,92,13
2024-04-21 19,85,78,96,11
2024-04-21 20,78,73,84,14
2024-04-21 21,71,67,73,15
2024-04-21 22,69,62,92,13
2024-04-21 23,64,57,72,16
2024-04-22 00,68,63,71,14
2024-04-22 01,67,63,72,15
2024-04-22 02,62,58,66,13
2024-04-22 03,64,59,69,14
2024-04-22 04,62,57,68,14
2024-04-22 05,71,60,102,13
2024-04-22 06,79,67,85,11
2024-04-22 07,87,67,101,43
2024-04-22 08,76,66,93,13
2024-04-22 09,100,71,122,56
2024-04-22 10,93,80,110,130
2024-04-22 11,92,85,99,11
2024-04-22 12,96,91,99,12
2024-04-22 13,96,75,112,49
2024-04-22 14,77,72,79,13
2024-04-22 15,156,80,174,391
2024-04-22 16,99,90,109,15
2024-04-22 17,94,89,98,8
2024-05-01 13,77,66,90,10
2024-05-01 14,81,75,85,6
2024-05-01 15,91,71,114,98
2024-05-01 16,80,73,88,13
2024-05-01 17,84,80,90,12
2024-05-01 18,84,79,88,14
2024-05-01 19,93,83,100,13
2024-05-01 20,86,83,90,14
2024-05-01 21,81,79,84,14
2024-05-01 22,80,72,93,15
2024-05-01 23,69,62,73,13
2024-05-02 00,63,58,67,15
2024-05-02 01,64,57,72,14
2024-05-02 02,57,49,64,15
2024-05-02 03,57,53,63,13
2024-05-02 04,61,54,71,15
2024-05-02 05,68,61,105,12
2024-05-02 06,75,66,98,13
2024-05-02 07,83,74,109,13
2024-05-02 08,88,80,99,13
2024-05-02 09,88,82,99,8
2024-05-02 11,92,84,128,9
2024-05-02 12,86,76,96,15
2024-05-02 13,89,84,94,13
2024-05-02 14,89,72,107,28
2024-05-02 15,87,76,104,12
2024-05-02 16,93,84,112,14
2024-05-02 17,86,77,93,13
2024-05-02 18,95,84,105,15
2024-05-02 19,87,84,94,13
2024-05-02 20,83,78,100,14
2024-05-02 21,82,75,99,13
2024-05-02 22,78,64,97,16
2024-05-02 23,76,69,85,14
2024-05-03 00,82,72,84,15
2024-05-03 01,77,72,85,14
2024-05-03 02,77,71,84,15
2024-05-03 03,83,77,84,14
2024-05-03 04,78,71,84,16
2024-05-03 05,76,68,84,12
2024-05-03 06,81,73,103,15
2024-05-03 07,93,84,107,13
2024-05-03 08,91,84,104,11
2024-05-03 09,86,79,91,12
2024-05-03 10,81,73,90,14
2024-05-03 11,84,75,91,13
2024-05-03 12,107,69,130,56
2024-05-03 13,91,80,119,13
2024-05-03 14,87,82,94,11
2024-05-04 08,84,79,96,7
2024-05-04 09,99,84,119,13
2024-05-04 10,83,73,98,15
2024-05-04 11,83,79,90,12
2024-05-04 12,97,82,119,151
2024-05-04 13,93,74,105,38
2024-05-04 14,80,70,89,13
2024-05-04 15,87,75,108,14
2024-05-04 16,88,78,112,15
2024-05-04 17,99,83,107,50
2024-05-04 18,84,81,85,15
2024-05-04 19,102,85,112,34
2024-05-04 20,87,83,93,7
2024-05-04 22,78,71,85,13
2024-05-04 23,75,71,85,14
2024-05-05 00,70,59,79,15
2024-05-05 01,64,56,79,14
2024-05-05 02,62,56,67,15
2024-05-05 03,55,52,61,14
2024-05-05 04,60,58,64,14
2024-05-05 05,62,58,66,13
2024-05-05 06,73,63,93,13
2024-05-05 07,88,71,109,14
2024-05-05 08,102,72,136,161
2024-05-05 09,89,67,119,13
2024-05-05 10,97,66,118,376
2024-05-05 11,78,66,90,16
2024-05-05 12,113,84,140,40
2024-05-05 13,95,78,107,43
2024-05-05 14,108,76,128,46
2024-05-05 15,85,77,94,11
2024-05-05 16,83,78,88,13
2024-05-05 17,84,81,90,3
2024-05-06 06,147,89,168,348
2024-05-06 07,147,98,159,447
2024-05-06 08,94,86,100,14
2024-05-06 09,91,85,98,13
2024-05-06 10,96,83,116,14
2024-05-06 11,87,61,101,11
2024-05-06 12,89,84,93,13
2024-05-06 13,87,71,97,13
2024-05-06 14,83,73,90,15
2024-05-06 15,83,66,99,13
2024-05-06 16,83,73,93,15
2024-05-06 17,100,79,112,25
2024-05-06 18,84,75,116,15
2024-05-06 19,84,80,92,12
2024-05-06 20,86,80,105,16
2024-05-06 21,79,79,79,2
2024-05-07 06,84,73,89,7
2024-05-07 07,81,63,114,13
2024-05-07 08,78,61,84,15
2024-05-07 09,78,68,97,16
2024-05-07 10,83,72,105,14
2024-05-07 11,84,76,95,14
2024-05-07 12,86,80,91,13
2024-05-07 13,82,74,87,14
2024-05-07 14,161,80,174,668
2024-05-07 15,139,99,156,139
2024-05-07 16,97,85,105,11
2024-05-07 17,93,84,110,15
2024-05-07 18,98,83,107,48
2024-05-07 19,93,90,95,12
2024-05-07 20,85,78,98,15
2024-05-07 21,73,69,79,10
2024-05-08 07,82,75,88,13
2024-05-08 08,85,79,98,13
2024-05-08 09,80,76,84,14
2024-05-08 10,98,79,116,34
2024-05-08 11,97,84,106,36
2024-05-08 12,88,83,98,14
2024-05-08 13,85,79,91,13
2024-05-08 14,80,73,89,14
2024-05-08 15,82,66,107,16
2024-05-08 16,81,71,95,13
2024-05-08 17,84,72,94,13
2024-05-08 18,87,83,99,13
2024-05-08 19,87,84,89,14
2024-05-08 20,85,84,90,15
2024-05-08 21,90,84,92,13
2024-05-08 22,88,80,122,15
2024-05-08 23,81,79,84,14
2024-05-09 00,83,79,88,15
2024-05-09 01,82,79,85,14
2024-05-09 02,77,71,85,15
2024-05-09 03,77,67,84,14
2024-05-09 04,72,64,79,15
2024-05-09 05,78,68,102,13
2024-05-09 06,80,71,106,15
2024-05-09 07,83,73,91,12
2024-05-09 08,82,76,90,14
2024-05-09 09,81,73,84,13
2024-05-09 10,88,71,107,27
2024-05-09 11,82,72,91,8
2024-05-11 04,57,54,58,4
2024-05-11 05,59,55,65,15
2024-05-11 06,69,60,85,11
2024-05-11 07,76,67,84,13
2024-05-11 08,90,72,112,22
2024-05-11 09,83,73,98,14
2024-05-11 10,77,69,83,13
2024-05-11 11,77,64,94,15
2024-05-11 12,71,64,84,11
2024-05-11 13,81,72,99,13
2024-05-11 14,80,73,87,12
2024-05-11 15,85,78,104,11
2024-05-11 16,84,79,91,15
2024-05-11 17,86,81,96,11
2024-05-11 18,91,84,99,14
2024-05-12 10,91,73,104,27
2024-05-12 11,104,72,121,39
2024-05-12 12,72,65,89,10
2024-05-12 13,88,64,108,24
2024-05-12 14,86,75,99,17
2024-05-12 15,91,74,113,17
2024-05-12 16,82,72,99,11
2024-05-12 17,74,65,89,13
2024-05-12 18,72,63,96,14
2024-05-12 19,83,79,90,13
2024-05-12 20,84,71,98,14
2024-05-12 21,76,70,98,13
2024-05-12 22,72,63,80,15
2024-05-12 23,66,57,73,15
2024-05-13 00,61,57,71,14
2024-05-13 01,63,60,72,14
2024-05-13 02,60,58,66,15
2024-05-13 03,59,56,64,14
2024-05-13 04,61,56,68,15
2024-05-13 05,63,58,72,13
2024-05-13 06,71,59,93,13
2024-05-13 07,75,64,81,13
2024-05-13 08,76,71,80,14
2024-05-13 09,83,69,104,18
2024-05-13 10,78,66,90,14
2024-05-13 11,75,68,88,12
2024-05-13 12,77,70,87,13
2024-05-13 13,71,68,79,10
2024-05-14 07,72,69,75,4
2024-05-14 08,71,66,79,12
2024-05-14 09,84,66,109,14
2024-05-14 10,88,84,98,13
2024-05-14 11,73,63,90,13
2024-05-14 12,67,64,70,14
2024-05-14 13,95,64,129,67
2024-05-14 14,74,65,79,13
2024-05-14 15,77,68,99,14
2024-05-14 16,93,82,105,12
2024-05-14 17,86,77,99,13
2024-05-14 18,84,79,100,13
2024-05-14 19,85,84,88,14
2024-05-14 20,81,76,85,15
2024-05-14 21,77,63,79,14
2024-05-14 22,71,60,80,14
2024-05-14 23,63,58,72,15
2024-05-15 00,65,63,67,14
2024-05-15 01,69,63,79,13
2024-05-15 02,66,59,72,14
2024-05-15 03,62,58,67,16
2024-05-15 04,60,56,63,12
2024-05-15 05,63,59,69,14
2024-05-15 06,76,60,103,12
2024-05-15 07,90,79,124,15
2024-05-15 08,85,79,99,12
2024-05-15 09,81,79,84,14
2024-05-15 10,93,75,105,73
2024-05-15 11,101,80,120,28
2024-05-17 07,87,72,100,11
2024-05-17 08,95,83,122,15
2024-05-17 09,93,83,113,10
2024-05-17 10,85,79,93,11
2024-05-17 11,86,79,97,8
2024-05-17 12,85,75,92,10
2024-05-17 13,75,70,81,12
2024-05-17 14,85,71,98,24
2024-05-17 15,80,70,89,15
2024-05-17 16,77,71,86,12
2024-05-17 17,88,73,97,6
2024-05-17 18,96,76,135,42
2024-05-17 19,86,71,98,28
2024-05-17 20,72,64,80,11
2024-05-17 21,75,66,90,16
2024-05-17 22,81,72,90,10
2024-05-17 23,63,58,93,14
2024-05-18 00,62,58,74,13
2024-05-18 01,63,56,119,14
2024-05-18 02,56,51,70,14
2024-05-18 03,58,52,63,12
2024-05-18 04,55,51,59,14
2024-05-18 05,58,52,61,14
2024-05-18 06,61,54,73,13
2024-05-18 07,85,76,95,11
2024-05-18 08,98,79,127,137
2024-05-18 09,92,86,103,4
2024-05-21 06,83,66,109,7
2024-05-21 07,85,81,90,12
2024-05-21 08,81,72,87,14
2024-05-21 09,81,72,88,14
2024-05-21 10,81,69,97,12
2024-05-21 11,81,66,96,12
2024-05-21 12,77,64,85,13
2024-05-21 13,75,63,85,14
2024-05-21 14,77,71,91,13
2024-05-21 15,81,70,100,14
2024-05-21 16,76,61,90,11
2024-05-21 17,88,77,106,10
2024-05-21 18,104,94,114,9
2024-05-21 19,98,85,106,11
2024-05-21 20,96,84,112,11
2024-05-21 21,78,73,85,3
2024-05-21 22,67,60,72,15
2024-05-21 23,68,63,72,14
2024-05-22 00,61,59,64,14
2024-05-22 01,66,58,84,15
2024-05-22 02,61,57,64,12
2024-05-22 03,62,56,67,15
2024-05-22 04,61,54,72,15
2024-05-22 05,80,67,105,14
2024-05-22 06,85,79,96,11
2024-05-22 07,83,73,95,15
2024-05-22 08,152,79,174,469
2024-05-22 09,103,97,115,14
2024-05-22 10,96,90,102,12
2024-05-22 11,105,88,120,52
2024-05-22 12,92,86,100,12
2024-05-22 13,97,92,104,14
2024-05-22 14,114,85,148,21
2024-05-22 15,89,86,92,14
2024-05-22 16,84,80,89,12
2024-05-22 17,89,73,102,12
2024-05-22 18,126,83,146,90
2024-05-22 19,85,80,92,5
2024-05-23 05,81,72,85,16
2024-05-23 06,98,79,108,46
2024-05-23 07,86,77,95,12
2024-05-23 08,79,68,87,12
2024-05-23 09,80,63,101,12
2024-05-23 10,79,67,90,13
2024-05-23 11,81,73,92,13
2024-05-23 12,76,69,83,14
2024-05-23 13,79,70,91,14
2024-05-23 14,157,74,170,438
2024-05-23 15,157,93,173,352
2024-05-23 16,98,91,110,14
2024-05-23 17,95,85,107,12
2024-05-23 18,89,84,101,15
2024-05-23 19,84,79,89,12
2024-05-23 20,80,69,84,16
2024-05-23 21,80,74,85,14
2024-05-23 22,72,59,80,14
2024-05-23 23,68,58,84,15
2024-05-24 00,60,57,64,14
2024-05-24 01,60,54,69,13
2024-05-24 02,66,58,72,14
2024-05-24 03,63,58,70,14
2024-05-24 04,74,58,84,15
2024-05-24 05,75,72,85,5
2024-05-24 06,157,85,167,153
2024-05-24 07,153,99,166,507
2024-05-24 08,98,90,101,13
2024-05-24 09,94,67,104,14
2024-05-24 10,92,85,99,12
2024-05-24 11,87,75,92,12
2024-05-24 12,83,65,92,13
2024-05-24 13,83,56,100,13
2024-05-24 14,88,77,95,14
2024-05-24 15,93,78,115,15
2024-05-24 16,95,69,123,12
2024-05-24 17,92,85,100,13
2024-05-24 18,104,99,110,10
2024-05-24 19,104,87,120,14
2024-05-24 20,88,83,94,14
2024-05-24 21,90,85,99,13
2024-05-24 22,95,92,105,14
2024-05-24 23,87,84,94,13
2024-05-25 00,84,80,88,9
2024-05-26 08,85,71,121,11
2024-05-26 09,85,73,103,15
2024-05-26 10,80,69,92,15
2024-05-26 11,87,69,106,22
2024-05-26 12,85,73,99,17
2024-05-26 13,88,79,101,10
2024-05-26 14,87,65,104,13
2024-05-26 15,78,71,94,17
2024-05-26 16,77,70,92,15
2024-05-26 17,79,70,96,11
2024-05-26 18,84,79,91,15
2024-05-26 19,74,59,88,13
2024-05-26 20,65,54,83,14
2024-05-26 21,71,64,80,13
2024-05-26 22,69,59,75,15
2024-05-26 23,65,63,69,12
2024-05-27 00,63,55,75,13
2024-05-27 01,61,53,67,14
2024-05-27 02,60,56,66,14
2024-05-27 03,59,55,71,14
2024-05-27 04,58,55,61,14
2024-05-27 05,62,56,71,14
2024-05-27 06,78,63,93,13
2024-05-27 07,77,69,87,12
2024-05-27 08,78,63,99,14
2024-05-27 09,83,74,89,12
2024-05-27 10,85,80,91,8
2024-05-28 06,80,73,91,4
2024-05-28 07,118,88,143,54
2024-05-28 08,112,90,134,52
2024-05-28 09,86,74,91,12
2024-05-28 21,59,55,64,14
2024-05-28 22,62,58,67,13
2024-05-28 23,56,50,60,14
2024-05-29 00,58,52,64,13
2024-05-29 01,59,51,67,14
2024-05-29 02,60,55,66,15
2024-05-29 03,59,55,66,14
2024-05-29 04,62,50,70,15
2024-05-29 05,72,61,112,14
2024-05-29 06,82,67,96,11
2024-05-29 07,85,67,125,14
2024-05-29 08,105,86,131,90
2024-05-29 09,93,84,116,12
2024-05-29 10,84,78,90,16
2024-05-29 11,84,76,90,13
2024-05-29 12,88,83,99,13
2024-05-29 13,98,91,106,14
2024-05-29 14,92,84,107,13
2024-05-29 15,101,78,132,24
2024-05-29 16,94,80,106,10
2024-05-29 17,91,80,110,15
2024-05-29 18,101,89,115,12
2024-05-29 19,98,84,120,14
2024-05-29 20,89,80,110,13
2024-05-29 21,81,80,84,3
2024-05-30 22,70,70,70,2
2024-05-30 23,74,69,84,14
2024-05-31 00,77,73,80,15
2024-05-31 01,77,71,84,14
2024-05-31 02,74,64,84,14
2024-05-31 03,65,59,74,14
2024-05-31 04,64,58,71,15
2024-05-31 05,66,63,71,13
2024-05-31 06,76,67,88,13
2024-05-31 07,75,67,81,11
2024-05-31 08,84,79,91,14
2024-05-31 09,76,65,84,12
2024-05-31 10,73,64,84,13
2024-05-31 11,76,69,83,14
2024-05-31 12,84,80,87,15
2024-05-31 13,86,74,103,14
2024-05-31 14,85,79,96,14
2024-05-31 15,88,73,111,14
2024-05-31 16,85,72,92,10
2024-05-31 17,88,82,98,13
2024-05-31 18,91,84,117,15
2024-05-31 19,83,79,85,13
2024-05-31 20,90,79,112,14
2024-05-31 21,92,84,111,11
2024-05-31 22,84,73,91,13
2024-05-31 23,75,59,84,14
2024-06-01 00,75,67,79,15
2024-06-01 01,74,66,84,14
2024-06-01 02,70,63,83,15
2024-06-01 03,72,64,84,13
2024-06-01 08,86,76,105,11
2024-06-01 09,88,71,111,19
2024-06-01 10,87,70,104,52
2024-06-01 11,77,74,83,14
2024-06-01 12,88,75,105,72
2024-06-01 13,86,69,105,29
2024-06-01 14,92,66,107,63
2024-06-01 15,89,62,109,69
2024-06-01 16,96,68,120,42
2024-06-01 17,90,75,103,18
2024-06-01 18,80,67,94,11
2024-06-01 19,71,60,86,14
2024-06-01 20,71,64,77,14
2024-06-01 21,78,71,89,13
2024-06-01 22,68,59,92,15
2024-06-01 23,62,58,84,12
2024-06-02 00,64,56,72,15
2024-06-02 01,60,56,64,13
2024-06-02 02,62,56,79,15
2024-06-02 03,64,58,84,14
2024-06-02 04,64,59,73,15
2024-06-02 05,61,54,72,13
2024-06-02 06,63,58,67,14
2024-06-02 07,74,61,84,11
2024-06-02 08,71,64,79,15
2024-06-02 09,79,65,93,17
2024-06-02 10,83,75,92,12
2024-06-02 11,82,71,92,11
2024-06-03 07,86,71,139,12
2024-06-03 08,117,100,139,88
2024-06-03 09,99,84,114,20
2024-06-03 10,94,87,106,15
2024-06-03 11,92,80,114,12
2024-06-04 06,91,73,111,10
2024-06-04 07,131,101,149,49
2024-06-04 08,114,88,143,45
2024-06-04 09,92,86,99,14
2024-06-04 10,86,80,91,12
2024-06-04 11,85,76,93,14
2024-06-04 12,85,77,89,12
2024-06-04 13,85,80,91,14
2024-06-04 14,85,77,105,12
2024-06-04 15,99,79,123,19
2024-06-04 16,86,75,93,12
2024-06-04 17,80,71,87,15
2024-06-04 18,75,71,85,14
2024-06-04 19,72,55,84,14
2024-06-04 20,73,63,99,10
2024-06-05 06,88,71,102,10
2024-06-05 07,83,73,93,15
2024-06-05 08,82,71,87,13
2024-06-05 09,90,74,155,12
2024-06-05 10,147,132,159,3
2024-06-05 11,118,93,133,50
2024-06-05 12,100,87,110,16
2024-06-05 13,99,93,101,13
2024-06-05 14,92,85,98,13
2024-06-05 15,83,71,91,14
2024-06-05 16,103,77,134,11
2024-06-05 20,70,67,71,6
2024-06-05 21,64,58,72,12
2024-06-05 22,63,58,75,16
2024-06-05 23,61,57,66,14
2024-06-06 00,62,59,65,15
2024-06-06 01,62,57,68,14
2024-06-06 02,59,58,63,14
2024-06-06 03,61,58,71,13
2024-06-06 04,63,56,74,15
2024-06-06 05,71,63,96,15
2024-06-06 06,85,74,96,12
2024-06-06 07,88,73,98,14
2024-06-06 08,82,74,96,11
2024-06-06 09,77,67,85,15
2024-06-06 10,128,94,162,4
2024-06-06 11,123,92,144,48
2024-06-06 12,95,91,100,13
2024-06-06 13,91,83,113,13
2024-06-06 14,96,81,110,16
2024-06-06 15,89,81,100,11
2024-06-06 16,100,92,106,14
2024-06-06 17,99,93,113,13
2024-06-06 18,94,90,100,14
2024-06-06 19,97,92,102,13
2024-06-06 20,91,90,94,9
2024-06-07 18,88,88,88,1
2024-06-07 19,75,66,84,14
2024-06-07 20,77,72,85,13
2024-06-07 21,73,65,104,14
2024-06-07 22,72,69,78,14
2024-06-07 23,69,59,83,14
2024-06-08 00,64,58,67,14
2024-06-08 01,63,59,73,15
2024-06-08 02,61,56,68,13
2024-06-08 03,58,53,69,14
2024-06-08 04,59,52,64,15
2024-06-08 05,62,59,64,12
2024-06-08 06,67,61,84,14
2024-06-08 07,82,71,94,12
2024-06-08 08,96,79,114,11
2024-06-08 09,92,79,120,12
2024-06-08 10,83,69,106,13
2024-06-08 11,90,72,107,29
2024-06-08 12,104,73,153,25
2024-06-08 13,82,79,84,4
2024-06-08 14,82,77,85,16
2024-06-08 15,89,79,98,12
2024-06-08 16,92,84,99,12
2024-06-08 17,93,85,115,14
2024-06-08 18,92,85,99,5
2024-06-10 08,76,71,81,11
2024-06-10 09,94,71,115,14
2024-06-10 10,94,77,104,48
2024-06-10 11,81,71,95,13
2024-06-10 12,102,83,112,50
2024-06-10 13,97,77,108,121
2024-06-10 14,119,77,144,34
2024-06-10 15,96,89,106,12
2024-06-10 16,87,82,96,12
2024-06-10 17,102,79,111,48
2024-06-10 18,97,80,111,29
2024-06-10 19,88,84,93,13
2024-06-10 20,98,83,115,113
2024-06-10 21,97,84,105,13
2024-06-10 22,84,80,85,15
2024-06-10 23,84,79,89,15
2024-06-11 00,80,77,84,14
2024-06-11 01,84,79,85,14
2024-06-11 02,79,65,87,13
2024-06-11 03,76,67,84,15
2024-06-11 04,77,70,84,14
2024-06-11 05,70,61,84,14
2024-06-11 06,74,67,83,10
2024-06-11 07,81,78,84,4
2024-06-11 08,88,83,103,14
2024-06-11 09,90,79,101,12
2024-06-11 10,102,80,129,302
2024-06-11 11,87,79,97,21
2024-06-11 12,85,83,91,12
2024-06-11 13,87,79,98,13
2024-06-11 14,85,79,99,14
2024-06-11 15,82,76,85,13
2024-06-11 16,78,67,89,14
2024-06-11 17,80,78,85,12
2024-06-11 18,80,74,91,13
2024-06-11 19,73,67,79,12
2024-06-11 20,69,66,72,14
2024-06-11 21,69,62,73,14
2024-06-11 22,66,63,71,15
2024-06-11 23,64,61,71,15
2024-06-12 00,63,58,73,14
2024-06-12 01,62,59,67,14
2024-06-12 02,63,58,71,16
2024-06-12 03,64,55,72,13
2024-06-12 04,74,58,96,14
2024-06-12 05,87,84,99,13
2024-06-12 06,82,74,91,13
2024-06-12 07,74,61,86,10
2024-06-12 08,81,69,95,13
2024-06-12 09,80,64,98,12
2024-06-12 20,61,58,63,7
2024-06-12 21,64,56,83,14
2024-06-12 22,60,55,68,16
2024-06-12 23,60,55,64,13
2024-06-13 00,58,53,64,16
2024-06-13 01,58,55,66,13
2024-06-13 02,64,56,70,15
2024-06-13 03,57,53,64,14
2024-06-13 04,60,54,69,14
2024-06-13 05,60,54,63,13
2024-06-13 06,76,58,105,14
2024-06-13 07,84,76,98,14
2024-06-13 08,116,75,137,36
2024-06-13 09,104,90,127,55
2024-06-13 10,90,81,96,14
2024-06-13 11,89,83,100,15
2024-06-13 12,102,80,115,37
2024-06-13 13,84,73,109,16
2024-06-13 14,83,79,85,15
2024-06-13 15,83,73,91,13
2024-06-13 16,83,66,92,13
2024-06-13 17,81,66,100,14
2024-06-13 18,83,75,91,14
2024-06-13 19,73,66,90,13
2024-06-13 20,68,61,93,14
2024-06-13 21,65,60,73,13
2024-06-13 22,64,59,74,14
2024-06-13 23,61,57,73,14
2024-06-14 00,63,57,69,14
2024-06-14 01,63,60,67,14
2024-06-14 02,58,49,62,15
2024-06-14 03,60,53,72,14
2024-06-14 04,59,51,65,11
2024-06-14 11,86,76,100,7
2024-06-14 12,77,69,87,13
2024-06-14 13,86,82,91,14
2024-06-14 14,83,66,96,12
2024-06-14 15,84,73,98,13
2024-06-14 16,90,80,105,12
2024-06-14 17,92,84,100,13
2024-06-14 18,96,88,101,13
2024-06-14 19,96,85,123,13
2024-06-14 20,101,85,116,55
2024-06-14 21,103,84,121,144
2024-06-14 22,81,79,85,13
2024-06-14 23,82,72,85,15
2024-06-15 00,75,64,85,14
2024-06-15 01,73,63,79,15
2024-06-15 02,72,67,78,12
2024-06-15 03,70,62,79,14
2024-06-15 04,69,64,72,14
2024-06-15 05,70,64,79,15
2024-06-15 06,70,63,78,14
2024-06-15 07,75,64,87,12
2024-06-15 08,90,71,110,14
2024-06-15 09,106,82,137,12
2024-06-15 10,93,81,103,50
2024-06-15 11,87,79,94,14
2024-06-15 12,95,81,106,22
2024-06-15 21,87,80,94,2
2024-06-15 22,71,64,84,15
2024-06-15 23,68,63,78,15
2024-06-16 00,68,62,80,14
2024-06-16 01,67,61,80,15
2024-06-16 02,62,55,70,14
2024-06-16 03,63,60,65,13
2024-06-16 04,64,58,72,15
2024-06-16 05,66,59,71,14
2024-06-16 06,75,64,105,15
2024-06-16 07,71,58,94,13
2024-06-16 08,82,71,90,12
2024-06-16 09,89,80,104,11
2024-06-16 10,85,79,96,20
2024-06-16 11,91,73,123,91
2024-06-16 12,86,74,100,16
2024-06-16 13,92,77,108,25
2024-06-16 14,85,79,99,11
2024-06-16 15,78,68,84,15
2024-06-16 16,66,59,73,15
2024-06-16 17,86,73,112,13
2024-06-16 18,86,80,92,13
2024-06-16 19,87,76,113,13
2024-06-16 20,82,76,87,13
2024-06-16 21,78,71,84,14
2024-06-16 22,66,58,74,14
2024-06-16 23,68,59,84,16
2024-06-17 00,60,57,64,14
2024-06-17 01,62,58,68,14
2024-06-17 02,60,53,68,15
2024-06-17 03,63,56,100,15
2024-06-17 04,62,58,65,14
2024-06-17 05,58,55,64,15
2024-06-17 06,65,59,72,5
2024-06-17 17,95,93,98,3
2024-06-17 18,89,83,91,14
2024-06-17 19,80,67,85,14
2024-06-17 20,74,64,80,12
2024-06-17 21,78,64,92,14
2024-06-17 22,69,59,74,14
2024-06-17 23,65,59,68,15
2024-06-18 00,60,56,66,13
2024-06-18 01,65,55,73,15
2024-06-18 02,62,52,66,14
2024-06-18 03,59,55,65,15
2024-06-18 04,62,53,66,13
2024-06-18 05,66,58,84,15
2024-06-18 06,97,80,135,6
2024-06-18 07,85,75,95,10
2024-06-18 08,125,76,146,52
2024-06-18 09,120,100,138,51
2024-06-18 10,99,90,108,14
2024-06-18 11,97,85,113,17
2024-06-18 12,94,91,102,14
2024-06-18 13,90,84,99,15
2024-06-18 14,89,78,99,13
2024-06-18 15,92,82,112,45
2024-06-18 16,87,76,98,15
2024-06-18 17,89,84,104,13
2024-06-18 18,80,74,84,12
2024-06-18 19,82,66,89,20
2024-06-18 20,80,74,84,12
2024-06-18 21,81,78,87,15
2024-06-18 22,89,73,99,23
2024-06-18 23,74,60,84,14
2024-06-19 00,67,63,72,14
2024-06-19 01,63,56,72,16
2024-06-19 02,60,52,66,13
2024-06-19 03,64,59,71,15
2024-06-19 04,68,59,84,14
2024-06-19 05,77,68,87,12
2024-06-19 06,94,85,113,9
2024-06-19 07,121,84,140,48
2024-06-19 08,111,87,124,53
2024-06-19 09,89,83,98,14
2024-06-19 10,87,80,93,13
2024-06-19 11,85,65,94,12
2024-06-19 12,91,71,104,44
2024-06-19 13,87,80,99,12
2024-06-19 14,74,64,84,14
2024-06-19 15,94,79,105,12
2024-06-19 16,87,79,93,7
2024-06-19 21,72,68,74,3
2024-06-19 22,64,57,72,13
2024-06-19 23,67,60,72,15
2024-06-20 00,62,58,71,14
2024-06-20 01,64,62,68,15
2024-06-20 02,61,56,68,14
2024-06-20 03,61,56,66,15
2024-06-20 04,62,59,65,13
2024-06-20 05,74,60,110,14
2024-06-20 06,79,68,94,15
2024-06-20 07,106,80,142,10
2024-06-20 08,110,85,142,68
2024-06-20 09,99,92,109,21
2024-06-20 10,89,81,102,10
2024-06-20 11,84,73,94,14
2024-06-20 12,84,79,89,12
2024-06-20 13,73,63,84,15
2024-06-20 14,84,66,120,16
2024-06-20 15,100,89,112,49
2024-06-20 16,90,84,100,13
2024-06-20 17,94,80,106,22
2024-06-20 18,79,69,84,13
2024-06-20 19,76,69,84,16
2024-06-20 20,66,61,74,13
2024-06-20 21,64,59,72,13
2024-06-21 04,81,76,90,5
2024-06-21 05,82,79,86,15
2024-06-21 06,79,72,88,13
2024-06-21 07,84,77,91,13
2024-06-21 08,81,72,88,12
2024-06-21 09,79,68,90,13
2024-06-21 10,85,78,93,13
2024-06-21 11,92,79,110,13
2024-06-21 12,118,86,160,7
2024-06-21 13,121,106,138,46
2024-06-21 14,102,90,117,13
2024-06-21 15,105,99,111,14
2024-06-21 16,100,90,119,15
2024-06-21 17,88,84,99,13
2024-06-21 18,90,85,95,2
2024-06-22 11,117,86,147,2
2024-06-22 12,149,144,152,3
2024-06-22 13,108,90,128,49
2024-06-22 14,95,85,118,49
2024-06-22 15,82,73,98,16
2024-06-22 16,84,76,91,11
2024-06-22 17,83,79,94,13
2024-06-22 18,80,78,84,12
2024-06-22 19,72,67,74,13
2024-06-22 20,72,66,80,13
2024-06-22 21,67,62,71,8
2024-06-23 09,86,84,90,8
2024-06-23 10,77,67,98,13
2024-06-23 11,80,68,88,14
2024-06-23 12,84,67,94,25
2024-06-23 13,95,60,139,41
2024-06-23 14,78,73,80,12
2024-06-23 15,75,63,89,15
2024-06-23 16,81,70,88,11
2024-06-23 17,78,67,90,14
2024-06-23 18,67,58,75,13
2024-06-23 19,66,59,73,13
2024-06-23 20,64,59,81,12
2024-06-23 21,61,56,75,14
2024-06-23 22,57,52,60,15
2024-06-23 23,58,52,63,15
2024-06-24 00,54,49,60,13
2024-06-24 01,56,53,60,15
2024-06-24 02,56,53,63,14
2024-06-24 03,56,52,61,13
2024-06-24 04,63,57,69,14
2024-06-24 05,65,59,70,14
2024-06-24 06,75,61,85,12
2024-06-24 07,80,71,93,13
2024-06-24 08,75,62,84,15
2024-06-24 09,76,64,85,12
2024-06-24 10,83,73,88,13
2024-06-24 11,77,65,84,12
2024-06-24 12,110,81,157,7
2024-06-24 13,119,104,151,42
2024-06-24 14,92,82,106,18
2024-06-25 06,78,67,105,14
2024-06-25 07,125,80,159,5
2024-06-25 08,118,92,140,49
2024-06-25 09,89,84,107,14
2024-06-25 10,89,80,100,14
2024-06-25 11,90,80,99,12
2024-06-25 12,73,60,84,15
2024-06-25 13,80,72,85,12
2024-06-25 14,84,79,98,16
2024-06-25 15,82,78,100,12
2024-06-25 16,88,80,102,15
2024-06-25 17,90,79,109,16
2024-06-25 18,90,74,104,22
2024-06-25 19,82,73,99,15
2024-06-25 20,73,70,78,16
2024-06-25 21,71,64,87,14
2024-06-25 22,63,55,67,15
2024-06-25 23,62,53,68,14
2024-06-26 00,59,54,68,14
2024-06-26 01,63,57,66,14
2024-06-26 02,60,52,64,16
2024-06-26 03,62,59,64,13
2024-06-26 04,62,58,67,8
2024-06-26 06,79,70,93,8
2024-06-26 07,87,70,158,14
2024-06-26 08,130,112,152,25
2024-06-26 09,105,84,121,32
2024-06-26 10,95,90,100,13
2024-06-26 11,94,86,108,12
2024-06-26 12,95,89,101,14
2024-06-26 13,92,89,94,12
2024-06-26 14,86,84,92,15
2024-06-26 15,82,79,87,12
2024-06-26 16,90,74,108,16
2024-06-26 17,84,78,92,13
2024-06-26 18,79,73,84,13
2024-06-26 19,71,59,80,15
2024-06-26 20,72,67,76,14
2024-06-26 21,65,60,69,14
2024-06-26 22,63,55,66,15
2024-06-26 23,62,59,67,12
2024-06-27 00,69,54,99,16
2024-06-27 01,74,66,85,13
2024-06-27 02,78,70,84,14
2024-06-27 03,82,78,85,13
2024-06-27 04,82,73,89,13
2024-06-27 05,74,70,85,14
2024-06-27 06,69,63,76,14
2024-06-27 07,74,68,88,13
2024-06-27 08,80,66,91,16
2024-06-28 06,72,63,80,9
2024-06-28 07,81,69,95,26
2024-06-28 08,74,64,89,16
2024-06-28 09,77,66,85,12
2024-06-28 10,84,77,99,12
2024-06-28 11,81,72,98,12
2024-06-28 12,76,66,85,13
2024-06-28 13,75,65,80,15
2024-06-28 14,73,73,73,3
2024-06-30 08,81,72,103,16
2024-06-30 09,79,70,94,15
2024-06-30 10,79,67,89,14
2024-06-30 11,84,73,101,17
2024-06-30 12,84,77,97,14
2024-06-30 13,79,74,84,15
2024-06-30 14,83,76,91,12
2024-06-30 15,81,73,91,12
2024-06-30 16,72,63,85,12
2024-06-30 17,73,65,85,12
2024-06-30 18,80,72,94,14
2024-06-30 19,78,73,84,15
2024-06-30 20,73,63,84,12
2024-06-30 21,69,60,88,10
2024-07-01 05,67,61,82,13
2024-07-01 06,72,64,104,13
2024-07-01 07,83,72,96,16
2024-07-01 08,81,74,90,15
2024-07-01 09,82,70,102,15
2024-07-01 10,81,72,90,15
2024-07-01 11,75,62,93,14
2024-07-01 12,81,73,90,14
2024-07-01 13,78,63,105,15
2024-07-01 14,153,147,156,4
2024-07-01 15,117,91,133,55
2024-07-01 16,100,93,104,10
2024-07-01 17,93,88,98,11
2024-07-01 18,84,76,92,14
2024-07-01 19,79,73,85,15
2024-07-01 20,70,61,79,14
2024-07-01 21,60,59,60,2
2024-07-02 07,76,71,85,14
2024-07-02 08,78,68,99,13
2024-07-02 09,78,66,90,13
2024-07-02 10,79,72,89,12
2024-07-02 11,76,65,89,14
2024-07-02 12,74,71,76,7
2024-07-02 13,82,67,158,12
2024-07-02 14,152,147,155,3
2024-07-02 15,109,81,119,50
2024-07-02 16,95,88,100,12
2024-07-02 17,98,90,107,13
2024-07-02 18,93,74,102,14
2024-07-02 19,82,74,87,15
2024-07-02 20,78,72,83,14
2024-07-02 21,70,58,83,14
2024-07-03 04,80,72,93,5
2024-07-03 05,76,72,79,17
2024-07-03 06,73,65,94,12
2024-07-03 07,79,68,96,16
2024-07-03 08,76,64,84,13
2024-07-03 09,76,71,80,13
2024-07-03 10,77,71,81,11
2024-07-03 11,77,64,99,13
2024-07-03 12,75,63,106,16
2024-07-03 13,111,82,151,42
2024-07-03 21,70,68,72,9
2024-07-03 22,64,58,72,14
2024-07-03 23,60,55,64,15
2024-07-04 00,58,55,65,14
2024-07-04 01,62,56,67,14
2024-07-04 02,59,56,62,14
2024-07-04 03,64,58,83,14
2024-07-04 04,65,60,69,13
2024-07-04 05,64,58,67,12
2024-07-04 06,69,59,84,13
2024-07-04 07,75,66,90,12
2024-07-04 08,75,68,88,15
2024-07-04 09,84,75,111,15
2024-07-04 10,74,66,102,16
2024-07-04 11,69,62,73,12
2024-07-04 12,82,58,102,24
2024-07-04 13,112,94,124,66
2024-07-04 14,83,72,88,12
2024-07-04 15,81,73,95,12
2024-07-04 16,86,75,100,12
2024-07-04 17,85,74,96,13
2024-07-04 18,80,73,85,12
2024-07-04 19,72,65,79,13
2024-07-04 20,67,60,74,12
2024-07-04 21,60,54,73,12
2024-07-04 22,57,49,67,15
2024-07-04 23,63,62,64,2
2024-07-05 07,103,84,147,4
2024-07-05 08,151,151,152,3
2024-07-05 09,115,84,139,43
2024-07-05 10,95,91,99,13
2024-07-05 11,89,79,98,14
2024-07-05 12,92,79,100,12
2024-07-05 13,121,79,134,118
2024-07-05 14,89,76,106,12
2024-07-05 15,91,78,104,43
2024-07-05 16,94,72,120,26
2024-07-05 17,83,75,97,12
2024-07-05 18,83,72,98,13
2024-07-05 19,77,68,89,14
2024-07-05 20,75,75,75,1
2024-07-06 21,74,72,77,8
2024-07-06 22,62,55,71,14
2024-07-06 23,59,53,64,15
2024-07-07 00,61,48,67,10
2024-07-07 04,108,77,140,2
2024-07-07 05,144,142,146,3
2024-07-07 06,110,69,122,54
2024-07-07 07,83,72,93,16
2024-07-07 08,89,71,108,14
2024-07-07 09,81,71,91,13
2024-07-07 10,79,72,97,13
2024-07-07 11,84,74,95,14
2024-07-07 12,84,79,94,12
2024-07-07 13,85,74,94,19
2024-07-07 14,73,63,80,13
2024-07-07 15,67,58,79,13
2024-07-07 16,80,57,97,14
2024-07-07 17,78,70,93,12
2024-07-07 18,72,66,83,13
2024-07-07 19,71,68,79,15
2024-07-07 20,69,63,80,11
2024-07-07 21,64,57,75,15
2024-07-07 22,60,54,67,15
2024-07-08 06,73,66,86,5
2024-07-08 07,76,65,111,16
2024-07-08 08,80,71,112,50
2024-07-08 09,80,69,89,12
2024-07-08 10,73,67,80,14
2024-07-08 11,73,68,80,8
2024-07-08 13,102,88,125,75
2024-07-08 14,102,82,119,79
2024-07-08 15,84,75,100,12
2024-07-08 16,81,73,94,15
2024-07-08 17,78,72,88,12
2024-07-08 18,74,63,84,13
2024-07-08 19,75,68,84,13
2024-07-08 20,70,62,80,6
2024-07-09 04,72,68,74,3
2024-07-09 05,74,70,80,14
2024-07-09 06,75,64,105,16
2024-07-09 07,71,63,80,13
2024-07-09 08,70,64,75,14
2024-07-09 09,72,62,95,12
2024-07-09 10,73,65,87,14
2024-07-09 11,77,71,83,13
2024-07-09 12,75,64,88,12
2024-07-09 13,123,76,154,5
2024-07-09 14,104,88,134,48
2024-07-09 15,88,85,95,12
2024-07-09 16,93,84,115,18
2024-07-09 17,85,80,101,14
2024-07-09 18,89,83,106,14
2024-07-09 19,83,75,107,14
2024-07-09 20,72,69,75,13
2024-07-09 21,69,60,91,12
2024-07-10 06,73,64,84,16
2024-07-10 07,91,66,153,9
2024-07-10 08,113,105,145,44
2024-07-10 09,86,84,95,16
2024-07-10 10,83,79,91,12
2024-07-10 11,80,71,95,16
2024-07-10 12,80,71,88,16
2024-07-10 13,75,65,86,10
2024-07-10 14,70,60,80,15
2024-07-10 15,77,71,86,10
2024-07-10 16,83,72,90,15
2024-07-10 17,83,77,99,12
2024-07-10 18,79,71,88,17
2024-07-10 19,71,63,82,13
2024-07-10 20,70,64,76,16
2024-07-10 21,66,61,72,14
2024-07-10 22,68,66,70,4
2024-07-11 07,72,64,79,12
2024-07-11 08,73,63,96,12
2024-07-11 09,80,68,98,49
2024-07-11 10,73,66,86,15
2024-07-11 11,72,63,81,11
2024-07-11 12,74,64,83,9
2024-07-11 13,70,60,75,12
2024-07-11 14,70,63,82,12
2024-07-11 15,67,59,75,15
2024-07-11 16,70,63,83,12
2024-07-11 17,71,64,79,14
2024-07-11 18,74,67,80,13
2024-07-11 19,71,64,74,12
2024-07-11 20,67,58,80,15
2024-07-11 21,61,53,72,12
2024-07-11 22,54,52,58,15
2024-07-11 23,85,85,85,1
2024-07-12 07,71,68,73,6
2024-07-12 08,68,57,90,15
2024-07-12 09,59,56,66,14
2024-07-12 10,66,55,87,11
2024-07-12 11,68,55,91,16
2024-07-12 12,70,63,92,14
2024-07-12 13,94,63,117,51
2024-07-12 14,106,80,113,42
2024-07-12 15,80,72,89,12
2024-07-12 16,78,71,89,12
2024-07-12 17,82,71,96,16
2024-07-12 18,71,64,79,13
2024-07-12 19,68,58,80,13
2024-07-12 20,62,59,72,12
2024-07-12 21,66,57,86,14
2024-07-12 22,57,51,84,15
2024-07-12 23,56,53,63,13
2024-07-13 00,53,51,63,15
2024-07-13 01,52,48,59,15
2024-07-13 02,52,47,57,14
2024-07-13 03,50,45,54,14
2024-07-13 04,55,48,63,13
2024-07-13 07,70,63,89,10
2024-07-13 08,75,63,97,16
2024-07-13 09,79,62,100,16
2024-07-13 10,68,56,86,17
2024-07-13 11,73,63,101,13
2024-07-13 12,65,58,76,13
2024-07-13 13,66,54,85,13
2024-07-13 15,67,64,77,5
2024-07-13 16,71,65,80,12
2024-07-13 17,82,60,95,27
2024-07-13 18,77,67,87,13
2024-07-13 19,73,65,80,11
2024-07-13 20,62,55,84,15
2024-07-13 21,62,54,72,13
2024-07-13 22,54,52,63,15
2024-07-13 23,54,49,58,13
2024-07-14 00,54,52,60,16
2024-07-14 01,53,47,67,14
2024-07-14 02,50,48,55,15
2024-07-14 03,52,47,55,13
2024-07-14 04,53,48,59,15
2024-07-14 05,62,54,68,14
2024-07-14 06,59,56,64,5
2024-07-14 07,79,73,84,5
2024-07-14 08,95,71,119,94
2024-07-14 09,101,74,123,47
2024-07-14 10,83,79,89,14
2024-07-14 11,86,79,107,12
2024-07-14 12,78,71,88,12
2024-07-14 13,80,72,97,14
2024-07-14 14,76,58,88,12
2024-07-14 15,62,55,79,13
2024-07-14 16,64,54,73,15
2024-07-14 17,80,73,89,13
2024-07-14 18,73,69,83,12
2024-07-14 19,71,60,89,13
2024-07-14 20,65,59,81,13
2024-07-14 21,71,63,86,7
2024-07-15 09,77,62,91,20
2024-07-15 10,85,69,99,34
2024-07-15 11,70,63,93,15
2024-07-15 12,74,66,89,11
2024-07-15 13,77,67,113,14
2024-07-15 14,82,71,149,12
2024-07-15 15,145,134,151,3
2024-07-15 16,105,88,114,37
2024-07-15 17,92,81,101,12
2024-07-15 18,92,84,100,10
2024-07-15 19,80,73,84,14
2024-07-15 20,70,64,79,13
2024-07-16 06,76,65,95,11
2024-07-16 07,86,74,110,16
2024-07-16 08,89,80,100,14
2024-07-16 09,73,64,84,11
2024-07-16 10,86,79,113,16
2024-07-16 11,84,73,88,12
2024-07-16 12,91,71,106,46
2024-07-16 13,96,76,140,159
2024-07-16 14,111,84,128,47
2024-07-16 15,90,79,106,14
2024-07-16 16,88,74,104,11
2024-07-16 17,90,75,104,12
2024-07-16 18,87,77,94,12
2024-07-16 19,78,69,87,16
2024-07-16 20,74,64,84,14
2024-07-16 21,68,58,80,15
2024-07-16 22,62,55,67,14
2024-07-16 23,58,47,67,15
2024-07-17 00,54,51,55,13
2024-07-17 01,56,53,59,14
2024-07-17 02,58,50,63,16
2024-07-17 03,56,50,63,12
2024-07-17 04,64,59,68,6
2024-07-17 21,66,56,74,13
2024-07-17 22,58,52,68,16
2024-07-17 23,58,55,63,13
2024-07-18 00,58,54,63,14
2024-07-18 01,57,51,62,14
2024-07-18 02,55,52,58,16
2024-07-18 03,59,56,63,14
2024-07-18 04,63,54,74,14
2024-07-18 05,74,63,106,13
2024-07-18 06,73,67,80,14
2024-07-18 07,79,59,153,14
2024-07-18 08,112,101,152,32
2024-07-18 09,91,87,94,16
2024-07-18 10,88,84,94,13
2024-07-18 11,84,72,106,13
2024-07-18 12,82,72,97,14
2024-07-18 13,82,63,97,12
2024-07-18 14,80,70,97,14
2024-07-18 15,81,75,88,14
2024-07-18 16,84,71,98,15
2024-07-18 17,77,71,93,11
2024-07-18 18,70,60,75,14
2024-07-18 19,73,57,82,12
2024-07-18 20,69,61,72,15
2024-07-18 21,70,59,73,12
2024-07-18 22,62,53,73,12
2024-07-20 06,65,55,73,12
2024-07-20 07,71,62,97,15
2024-07-20 08,84,67,117,17
2024-07-20 09,108,88,126,34
2024-07-20 10,84,79,91,13
2024-07-20 11,83,71,101,15
2024-07-20 12,75,72,81,16
2024-07-20 13,82,75,91,13
2024-07-20 14,80,74,84,14
2024-07-20 15,78,72,84,12
2024-07-20 16,72,65,83,15
2024-07-20 17,77,68,86,13
2024-07-20 18,76,64,98,13
2024-07-20 19,79,64,109,24
2024-07-20 20,65,56,77,13
2024-07-20 21,67,59,85,15
2024-07-20 22,59,58,64,13
2024-07-20 23,60,54,65,15
2024-07-21 00,62,53,71,13
2024-07-21 01,57,51,70,15
2024-07-21 02,57,53,62,13
2024-07-21 03,57,52,63,15
2024-07-21 04,55,48,63,13
2024-07-21 05,58,55,60,13
2024-07-21 06,110,70,149,4
2024-07-21 07,138,109,153,3
2024-07-21 08,105,85,116,50
2024-07-21 09,95,84,106,28
2024-07-21 10,101,81,119,79
2024-07-21 11,87,84,99,13
2024-07-21 12,84,77,87,13
2024-07-21 13,80,80,80,2
2024-07-23 06,74,66,94,13
2024-07-23 07,69,60,74,15
2024-07-23 08,74,68,83,13
2024-07-23 09,70,65,83,14
2024-07-23 10,73,55,89,14
2024-07-23 11,81,65,93,19
2024-07-23 12,74,64,84,15
2024-07-23 13,90,72,101,46
2024-07-23 14,109,84,133,78
2024-07-23 15,83,73,89,11
2024-07-23 16,80,70,92,11
2024-07-23 17,82,70,91,14
2024-07-23 18,80,65,102,11
2024-07-23 19,69,65,73,15
2024-07-23 20,70,60,74,13
2024-07-23 21,66,60,76,12
2024-07-23 22,58,54,60,14
2024-07-23 23,54,53,55,14
2024-07-24 00,56,53,63,15
2024-07-24 01,57,49,66,14
2024-07-24 02,59,55,65,14
2024-07-24 03,57,52,70,15
2024-07-24 04,59,52,67,15
2024-07-24 05,67,63,75,12
2024-07-24 06,78,70,92,10
2024-07-24 08,88,69,148,5
2024-07-24 09,152,149,155,3
2024-07-24 10,116,84,129,47
2024-07-24 11,86,80,93,12
2024-07-24 12,83,73,90,14
2024-07-24 13,84,77,99,14
2024-07-24 14,94,72,103,39
2024-07-24 15,81,75,90,13
2024-07-24 16,80,71,92,15
2024-07-24 17,80,68,93,13
2024-07-24 18,83,73,97,15
2024-07-24 19,83,74,99,15
2024-07-24 20,78,72,85,13
2024-07-24 21,68,59,84,15
2024-07-24 22,61,55,68,15
2024-07-24 23,60,58,63,13
2024-07-25 00,60,56,64,15
2024-07-25 01,61,58,66,14
2024-07-25 02,59,57,63,15
2024-07-25 03,56,52,63,13
2024-07-25 04,60,55,63,14
2024-07-25 05,63,60,66,14
2024-07-25 06,71,65,85,10
2024-07-25 07,76,71,90,10
2024-07-25 08,76,67,88,13
2024-07-25 09,76,59,96,16
2024-07-25 10,72,63,85,11
2024-07-25 11,78,68,94,12
2024-07-25 12,66,63,71,15
2024-07-25 13,76,67,84,12
2024-07-25 14,66,62,72,15
2024-07-25 15,67,63,80,12
2024-07-25 16,76,67,86,14
2024-07-25 17,69,66,71,3
2024-07-26 06,71,61,90,15
2024-07-26 07,76,69,89,14
2024-07-26 08,75,64,93,14
2024-07-26 09,67,55,78,17
2024-07-26 10,71,63,92,13
2024-07-26 11,84,63,111,24
2024-07-26 12,92,80,116,38
2024-07-26 13,85,72,100,44
2024-07-26 14,80,72,98,13
2024-07-26 15,73,66,81,11
2024-07-26 16,73,66,89,13
2024-07-26 17,68,59,84,13
2024-07-26 18,69,60,91,13
2024-07-26 19,65,60,87,14
2024-07-26 20,69,59,80,16
2024-07-26 21,65,59,72,12
2024-07-26 22,59,55,85,14
2024-07-26 23,59,53,68,13
2024-07-27 00,55,51,64,15
2024-07-27 01,57,53,64,14
2024-07-27 02,57,52,63,14
2024-07-27 03,60,55,67,13
2024-07-27 04,104,53,139,28
2024-07-27 05,67,63,72,13
2024-07-27 06,60,60,60,2
2024-07-27 08,63,56,72,5
2024-07-27 09,73,65,87,15
2024-07-27 10,72,64,81,12
2024-07-27 11,76,65,90,13
2024-07-27 12,75,63,83,14
2024-07-27 13,79,64,99,13
2024-07-27 14,74,64,95,14
2024-07-27 15,74,63,85,10
2024-07-27 16,72,60,80,12
2024-07-27 17,67,60,80,12
2024-07-27 18,68,59,89,13
2024-07-27 19,66,59,76,13
2024-07-27 20,62,58,70,15
2024-07-27 21,61,55,69,13
2024-07-27 22,58,56,61,14
2024-07-27 23,61,54,68,14
2024-07-28 00,56,50,64,14
2024-07-28 01,55,50,63,13
2024-07-28 02,55,52,66,15
2024-07-28 03,58,54,63,13
2024-07-28 04,56,53,63,15
2024-07-28 05,61,57,72,14
2024-07-28 06,75,66,91,13
2024-07-28 07,79,69,89,11
2024-07-28 08,76,70,85,12
2024-07-28 09,72,66,77,10
2024-07-28 10,75,63,84,7
2024-07-30 08,129,87,152,6
2024-07-30 09,113,93,132,48
2024-07-30 10,94,91,99,13
2024-07-30 11,90,81,105,13
2024-07-30 12,89,80,99,13
2024-07-30 13,88,83,98,13
2024-07-30 14,84,79,89,12
2024-07-30 15,96,82,108,22
2024-07-30 16,84,78,98,14
2024-07-30 17,78,73,84,14
2024-07-30 18,78,70,86,15
2024-07-30 19,74,67,87,14
2024-07-30 20,71,61,83,15
2024-07-30 21,68,61,80,11
2024-08-01 05,72,65,81,9
2024-08-01 06,76,72,86,13
2024-08-01 07,75,64,92,11
2024-08-01 08,69,61,81,14
2024-08-01 09,70,63,85,12
2024-08-01 10,72,60,79,16
2024-08-01 11,70,63,77,13
2024-08-01 12,110,74,161,8
2024-08-01 13,115,90,143,35
2024-08-01 14,89,84,100,13
2024-08-01 15,93,86,111,12
2024-08-01 16,88,84,100,16
2024-08-01 17,90,80,100,9
2024-08-01 18,83,73,95,11
2024-08-01 19,81,69,110,38
2024-08-01 20,70,60,80,14
2024-08-01 21,71,62,76,11
2024-08-02 08,83,77,91,4
2024-08-02 09,76,71,84,21
2024-08-02 10,74,71,83,10
2024-08-02 11,74,67,83,14
2024-08-02 12,86,74,101,16
2024-08-02 13,83,67,96,19
2024-08-02 14,80,73,86,14
2024-08-02 15,82,73,90,11
2024-08-02 16,84,79,90,12
2024-08-02 17,84,73,91,13
2024-08-02 18,80,69,87,12
2024-08-02 19,85,74,104,11
2024-08-02 20,78,74,84,15
2024-08-02 21,73,63,78,11
2024-08-03 11,107,88,128,6
2024-08-03 12,101,85,126,13
2024-08-03 13,87,72,100,16
2024-08-03 14,78,64,100,12
2024-08-03 15,91,63,125,65
2024-08-03 16,80,73,90,12
2024-08-03 17,73,66,91,13
2024-08-03 18,83,74,91,14
2024-08-03 19,83,79,92,14
2024-08-03 20,75,68,97,12
2024-08-03 21,67,55,95,16
2024-08-03 22,62,54,76,12
2024-08-03 23,57,52,67,16
2024-08-04 00,56,52,66,14
2024-08-04 01,54,52,66,14
2024-08-04 02,56,49,64,13
2024-08-04 03,56,51,63,15
2024-08-04 04,60,58,62,12
2024-08-04 05,68,62,75,14
2024-08-04 06,69,64,80,11
2024-08-04 07,77,68,93,13
2024-08-04 08,80,72,102,14
2024-08-04 09,85,78,112,13
2024-08-04 10,96,69,122,48
2024-08-04 11,68,63,73,11
2024-08-05 08,73,63,92,15
2024-08-05 09,82,69,96,32
2024-08-05 10,86,69,106,161
2024-08-05 11,74,63,85,12
2024-08-05 12,100,71,117,296
2024-08-05 13,80,66,120,13
2024-08-05 14,71,63,78,13
2024-08-05 15,75,66,91,12
2024-08-05 16,85,67,96,30
2024-08-05 17,79,67,90,12
2024-08-05 18,77,65,101,14
2024-08-05 19,77,70,90,13
2024-08-05 20,78,64,84,13
2024-08-05 21,66,61,75,15
2024-08-05 22,60,56,67,14
2024-08-05 23,57,47,63,15
2024-08-06 00,53,48,60,14
2024-08-06 01,53,50,63,15
2024-08-06 02,56,52,63,14
2024-08-06 03,56,52,63,15
2024-08-06 04,62,56,67,13
2024-08-06 05,65,60,72,11
2024-08-06 06,79,71,94,12
2024-08-06 07,79,71,91,7
2024-08-09 07,75,67,95,11
2024-08-09 08,86,59,111,217
2024-08-09 09,94,64,103,303
2024-08-09 10,72,62,90,13
2024-08-09 11,73,66,79,15
2024-08-09 12,69,63,74,13
2024-08-09 13,77,64,100,12
2024-08-09 14,78,68,88,14
2024-08-09 15,80,74,92,12
2024-08-09 16,83,75,91,14
2024-08-09 17,85,80,98,12
2024-08-09 18,88,80,107,14
2024-08-09 19,80,70,100,16
2024-08-09 20,68,59,85,13
2024-08-09 21,65,54,84,15
2024-08-09 22,60,55,71,14
2024-08-09 23,55,54,58,13
2024-08-10 00,57,53,61,15
2024-08-10 01,60,54,66,15
2024-08-10 02,59,54,63,14
2024-08-10 03,61,59,64,14
2024-08-10 04,62,56,70,13
2024-08-10 05,61,58,64,16
2024-08-10 06,68,59,93,12
2024-08-10 07,88,72,108,10
2024-08-10 08,80,66,104,25
2024-08-10 09,93,82,114,46
2024-08-10 10,85,79,103,12
2024-08-10 11,81,75,85,12
2024-08-10 12,81,69,86,8
2024-08-10 22,60,58,64,10
2024-08-10 23,55,46,60,14
2024-08-11 00,59,55,63,14
2024-08-11 01,57,54,64,15
2024-08-11 02,52,47,57,13
2024-08-11 03,56,50,60,15
2024-08-11 04,58,53,67,14
2024-08-11 05,65,60,68,14
2024-08-11 06,65,63,68,13
2024-08-11 07,80,68,97,12
2024-08-11 08,85,66,107,13
2024-08-11 09,82,66,94,21
2024-08-11 10,71,67,75,13
2024-08-11 11,76,67,94,12
2024-08-11 12,86,71,102,19
2024-08-11 13,84,77,89,13
2024-08-11 14,79,64,101,12
2024-08-11 15,81,74,85,11
2024-08-11 16,78,64,99,15
2024-08-11 17,78,69,89,13
2024-08-11 18,76,70,86,13
2024-08-11 19,69,61,75,13
2024-08-11 20,71,64,78,14
2024-08-11 21,67,63,73,14
2024-08-11 22,63,59,70,13
2024-08-11 23,57,54,63,15
2024-08-12 00,54,52,59,14
2024-08-12 01,56,52,64,14
2024-08-12 02,52,50,60,12
2024-08-12 03,54,50,59,15
2024-08-12 04,52,49,60,14
2024-08-12 05,63,56,87,14
2024-08-12 06,67,61,78,7
2024-08-12 07,87,72,147,6
2024-08-12 08,148,147,150,3
2024-08-12 09,110,91,128,47
2024-08-12 10,92,86,99,10
2024-08-13 06,73,57,97,15
2024-08-13 07,106,64,133,33
2024-08-13 08,113,90,132,51
2024-08-13 09,84,78,89,17
2024-08-13 10,76,62,90,11
2024-08-13 11,71,64,80,13
2024-08-13 12,69,63,73,13
2024-08-13 13,75,66,92,13
2024-08-13 14,100,75,113,80
2024-08-13 15,80,72,96,10
2024-08-13 16,86,78,92,12
2024-08-13 17,89,79,97,18
2024-08-13 18,86,70,99,12
2024-08-13 19,78,72,88,13
2024-08-13 20,76,72,80,16
2024-08-13 21,71,59,75,12
2024-08-13 22,63,55,93,12
2024-08-13 23,68,63,73,9
2024-08-14 05,65,53,75,7
2024-08-14 06,72,63,80,13
2024-08-14 07,121,71,156,5
2024-08-14 08,117,90,149,47
2024-08-14 09,91,81,99,13
2024-08-14 10,87,78,103,15
2024-08-14 11,85,80,89,12
2024-08-14 12,83,77,85,13
2024-08-14 13,81,79,85,14
2024-08-14 14,78,73,84,14
2024-08-14 15,82,73,94,12
2024-08-14 16,83,75,91,12
2024-08-14 17,85,78,92,13
2024-08-14 18,87,80,96,12
2024-08-14 19,79,67,88,16
2024-08-14 20,74,64,89,14
2024-08-14 21,79,71,96,5
2024-08-16 07,67,64,69,5
2024-08-16 08,68,60,85,13
2024-08-16 09,65,58,75,14
2024-08-16 10,60,51,64,15
2024-08-16 11,65,55,93,13
2024-08-16 12,63,58,67,13
2024-08-16 13,63,55,67,12
2024-08-16 14,62,57,71,13
2024-08-16 15,82,54,103,25
2024-08-16 16,78,66,83,11
2024-08-16 17,82,66,97,27
2024-08-16 18,81,69,90,13
2024-08-16 19,73,61,84,14
2024-08-16 20,78,73,85,13
2024-08-16 21,71,64,76,15
2024-08-16 22,65,57,71,14
2024-08-16 23,57,52,65,13
2024-08-17 00,54,50,63,15
2024-08-17 01,50,46,52,13
2024-08-17 02,57,50,64,15
2024-08-17 03,52,49,55,15
2024-08-17 04,56,52,63,14
2024-08-17 05,56,52,64,13
2024-08-17 06,65,57,87,13
2024-08-17 07,66,62,71,13
2024-08-17 08,67,61,78,11
2024-08-17 09,78,63,93,25
2024-08-17 10,85,67,98,18
2024-08-17 11,91,72,99,21
2024-08-17 12,83,79,89,13
2024-08-17 13,75,64,90,11
2024-08-19 06,85,74,96,2
2024-08-19 07,79,75,91,10
2024-08-19 08,94,71,137,33
2024-08-19 09,113,93,125,45
2024-08-19 10,91,85,99,11
2024-08-19 11,85,80,108,15
2024-08-19 12,80,72,90,12
2024-08-19 13,75,70,84,14
2024-08-19 14,82,72,115,14
2024-08-19 15,81,74,90,12
2024-08-19 16,84,77,88,10
2024-08-19 17,84,81,91,9
2024-08-19 18,78,68,88,13
2024-08-19 19,75,64,91,13
2024-08-19 20,69,64,80,12
2024-08-19 21,71,66,81,8
2024-08-21 07,113,72,144,50
2024-08-21 08,117,92,136,53
2024-08-21 09,94,87,105,14
2024-08-21 10,84,75,92,13
2024-08-21 11,76,70,85,13
2024-08-21 12,77,65,91,14
2024-08-21 13,75,64,88,14
2024-08-21 14,79,69,98,14
2024-08-21 15,73,64,88,14
2024-08-21 16,76,65,84,12
2024-08-21 17,83,73,101,14
2024-08-21 18,79,68,95,13
2024-08-21 19,72,65,82,12
2024-08-21 20,71,66,81,11
2024-08-21 21,73,67,92,14
2024-08-21 22,60,55,67,12
2024-08-21 23,55,52,59,15
2024-08-22 00,55,51,62,13
2024-08-22 01,53,48,64,16
2024-08-22 02,55,52,60,11
2024-08-22 03,55,52,59,15
2024-08-22 04,57,52,63,12
2024-08-22 12,78,75,80,2
2024-08-22 13,77,68,92,11
2024-08-22 14,78,72,88,10
2024-08-22 15,82,73,98,14
2024-08-22 16,79,75,87,11
2024-08-22 17,84,74,93,10
2024-08-22 18,78,70,92,15
2024-08-22 19,74,66,94,13
2024-08-22 20,65,63,72,13
2024-08-22 21,69,63,92,15
2024-08-22 22,59,53,64,14
2024-08-22 23,54,50,60,14
2024-08-23 00,52,46,55,13
2024-08-23 01,50,47,58,15
2024-08-23 02,55,48,59,13
2024-08-23 03,53,49,61,14
2024-08-23 04,54,48,60,14
2024-08-23 05,64,58,71,13
2024-08-23 06,68,68,69,2
2024-08-24 19,70,60,75,9
2024-08-24 20,78,72,91,12
2024-08-24 21,76,70,86,14
2024-08-24 22,67,54,96,13
2024-08-24 23,61,56,67,15
2024-08-25 00,62,58,72,14
2024-08-25 01,61,58,67,15
2024-08-25 02,61,58,69,14
2024-08-25 03,59,53,61,16
2024-08-25 04,58,54,68,13
2024-08-25 05,60,53,66,14
2024-08-25 06,74,60,110,15
2024-08-25 07,79,60,110,15
2024-08-25 08,81,67,95,21
2024-08-25 09,113,72,131,26
2024-08-25 10,95,79,108,30
2024-08-25 11,96,80,107,82
2024-08-25 12,101,66,113,295
2024-08-25 13,81,75,90,12
2024-08-25 14,74,66,90,13
2024-08-25 15,84,75,91,8
2024-08-25 16,75,71,83,13
2024-08-25 17,78,70,90,12
2024-08-25 18,83,69,96,11
2024-08-25 19,81,62,84,14
2024-08-25 20,82,80,83,2
2024-08-26 07,77,72,85,11
2024-08-26 08,76,68,96,16
2024-08-26 09,66,57,72,13
2024-08-26 10,85,58,118,8
2024-08-26 11,89,72,105,43
2024-08-26 12,74,64,90,15
2024-08-26 13,74,64,83,12
2024-08-26 14,77,61,90,16
2024-08-26 15,74,66,88,12
2024-08-26 16,78,66,89,11
2024-08-26 17,78,67,106,14
2024-08-26 18,71,63,84,16
2024-08-26 19,68,63,76,12
2024-08-26 20,67,62,85,14
2024-08-26 21,63,58,68,14
2024-08-26 22,59,54,63,14
2024-08-26 23,56,51,65,14
2024-08-27 00,56,52,63,15
2024-08-27 01,57,53,63,13
2024-08-27 02,54,52,64,13
2024-08-27 03,59,52,71,13
2024-08-27 04,56,52,63,14
2024-08-27 05,58,51,67,15
2024-08-27 06,72,63,99,11
2024-08-27 07,78,68,84,8
2024-08-27 11,99,74,141,59
2024-08-27 12,119,94,131,42
2024-08-27 13,90,84,94,14
2024-08-27 14,84,75,100,14
2024-08-27 15,80,77,89,12
2024-08-27 16,85,70,108,13
2024-08-27 17,91,73,103,78
2024-08-27 18,82,75,103,17
2024-08-27 19,81,73,92,13
2024-08-27 20,70,64,86,16
2024-08-27 21,68,59,92,13
2024-08-27 22,58,54,67,15
2024-08-27 23,59,59,60,13
2024-08-28 00,60,57,68,14
2024-08-28 01,58,55,61,14
2024-08-28 02,56,52,63,16
2024-08-28 03,54,48,58,14
2024-08-28 04,59,53,64,14
2024-08-28 05,67,55,93,12
2024-08-28 06,72,63,98,13
2024-08-28 07,79,72,91,9
2024-08-28 08,79,70,99,11
2024-08-28 09,112,112,112,1
2024-08-28 21,63,57,68,13
2024-08-28 22,57,53,64,15
2024-08-28 23,56,53,59,14
2024-08-29 00,59,54,69,15
2024-08-29 01,56,50,74,13
2024-08-29 02,61,55,67,13
2024-08-29 03,64,60,70,14
2024-08-29 04,63,60,67,14
2024-08-29 05,62,56,75,13
2024-08-29 06,77,64,107,12
2024-08-29 07,77,71,100,13
2024-08-29 08,74,68,84,14
2024-08-29 09,76,62,93,23
2024-08-29 10,69,63,74,12
2024-08-29 11,83,64,108,38
2024-08-29 12,77,64,90,12
2024-08-29 13,89,78,100,50
2024-08-29 14,84,75,97,13
2024-08-29 15,84,72,97,12
2024-08-29 16,76,68,88,12
2024-08-29 17,78,69,84,12
2024-08-29 18,73,59,88,13
2024-08-29 19,70,64,80,14
2024-08-29 20,67,58,84,8
2024-08-31 08,84,84,85,3
2024-08-31 09,78,71,97,15
2024-08-31 10,91,71,104,98
2024-08-31 11,84,76,91,6
2024-08-31 12,74,65,80,13
2024-08-31 13,82,73,97,11
2024-08-31 14,73,69,86,44
2024-08-31 15,80,72,89,14
2024-08-31 16,74,64,83,14
2024-08-31 17,85,64,107,17
2024-08-31 18,78,65,89,21
2024-08-31 19,67,63,73,13
2024-08-31 20,65,55,79,13
2024-08-31 21,62,58,70,14
2024-08-31 22,56,52,64,14
2024-08-31 23,51,44,58,14
2024-09-01 00,51,47,56,14
2024-09-01 01,54,46,66,16
2024-09-01 02,52,49,56,14
2024-09-01 03,53,49,56,14
2024-09-01 04,57,50,62,14
2024-09-01 05,62,58,66,14
2024-09-01 06,73,59,87,8
2024-09-01 07,79,66,99,12
2024-09-01 08,86,80,91,4
2024-09-04 06,73,67,79,7
2024-09-04 07,83,62,115,13
2024-09-04 08,82,66,103,16
2024-09-04 09,76,72,80,15
2024-09-04 10,75,70,83,18
2024-09-05 07,84,84,84,2
2024-09-05 08,80,66,94,14
2024-09-05 09,73,67,81,15
2024-09-05 10,102,72,125,6
2024-09-05 11,108,85,122,44
2024-09-05 12,86,80,96,15
2024-09-05 13,87,84,91,15
2024-09-05 14,94,81,113,12
2024-09-05 15,87,76,111,167
2024-09-05 16,80,73,90,12
2024-09-05 17,84,65,92,18
2024-09-05 18,80,73,98,12
2024-09-05 19,76,67,90,13
2024-09-05 20,77,72,85,12
2024-09-05 21,76,72,79,7
2024-09-06 14,81,72,103,10
2024-09-06 15,85,74,103,16
2024-09-06 16,82,73,93,13
2024-09-06 17,98,73,118,164
2024-09-06 18,84,68,102,14
2024-09-06 19,77,70,86,15
2024-09-06 20,69,64,73,13
2024-09-06 21,68,62,93,12
2024-09-16 07,86,79,100,10
2024-09-16 08,90,83,99,14
2024-09-16 09,89,83,99,14
2024-09-16 10,86,81,91,13
2024-09-16 11,81,72,87,11
2024-09-16 12,85,70,99,43
2024-09-16 13,87,71,114,72
2024-09-16 14,82,75,87,12
2024-09-16 15,86,75,98,50
2024-09-16 16,102,74,122,37
2024-09-16 17,96,80,107,21
2024-09-16 18,76,70,83,11
2024-09-16 19,66,60,72,16
2024-09-16 20,61,55,69,13
2024-09-16 21,60,57,63,15
2024-09-16 22,58,53,67,14
2024-09-16 23,60,57,64,15
2024-09-17 00,60,53,71,13
2024-09-17 01,56,52,63,15
2024-09-17 02,59,53,64,14
2024-09-17 03,59,55,60,15
2024-09-17 04,69,55,85,13
2024-09-17 05,85,78,96,13
2024-09-17 06,88,78,125,12
2024-09-17 07,85,84,88,3
2024-09-19 06,101,93,115,4
2024-09-19 07,89,72,118,17
2024-09-19 08,79,69,92,13
2024-09-19 09,83,74,97,15
2024-09-19 10,86,79,91,12
2024-09-19 11,83,75,99,13
2024-09-19 12,99,70,121,36
2024-09-19 13,124,99,150,59
2024-09-19 14,114,96,140,48
2024-09-19 15,97,90,103,12
2024-09-19 16,94,84,100,10
2024-09-19 17,89,79,100,13
2024-09-19 18,82,75,90,13
2024-09-19 19,76,72,79,11
2024-09-19 20,72,67,79,15
2024-09-19 21,69,63,96,13
2024-09-19 22,62,57,69,14
2024-09-19 23,65,56,73,15
2024-09-20 00,62,58,67,14
2024-09-20 01,59,55,61,14
2024-09-20 02,64,58,84,14
2024-09-20 03,59,55,63,15
2024-09-20 04,67,60,73,14
2024-09-20 05,69,66,76,11
2024-09-20 06,79,71,102,14
2024-09-20 07,85,78,100,10
2024-09-20 08,82,65,105,11
2024-09-22 08,88,72,111,15
2024-09-22 09,79,67,98,11
2024-09-22 10,74,62,99,12
2024-09-22 11,76,66,98,13
2024-09-22 12,81,65,113,9
2024-09-22 13,69,59,93,11
2024-09-22 14,75,70,81,10
2024-09-22 15,76,64,88,14
2024-09-22 16,78,66,86,13
2024-09-22 17,72,63,90,13
2024-09-22 18,70,58,88,12
2024-09-22 19,59,56,67,15
2024-09-22 20,59,56,66,14
2024-09-22 21,64,58,72,15
2024-09-22 22,60,54,72,12
2024-09-22 23,59,53,71,15
2024-09-23 00,56,50,67,13
2024-09-23 01,55,50,72,15
2024-09-23 02,55,53,60,13
2024-09-23 03,56,48,64,14
2024-09-23 04,57,52,63,15
2024-09-23 05,59,48,90,12
2024-09-23 06,83,74,97,12
2024-09-23 07,80,68,96,15
2024-09-23 08,77,66,92,11
2024-09-23 09,82,72,92,13
2024-09-23 10,82,72,90,12
2024-09-23 11,82,72,92,5
2024-09-24 12,96,73,150,27
2024-09-24 13,121,109,149,43
2024-09-24 14,107,94,121,19
2024-09-24 15,98,81,118,64
2024-09-24 16,90,84,99,13
2024-09-24 17,87,80,96,11
2024-09-24 18,79,68,93,15
2024-09-24 19,76,70,80,14
2024-09-24 20,71,63,75,15
2024-09-24 21,62,59,68,13
2024-09-24 22,63,58,76,15
2024-09-24 23,59,55,65,13
2024-09-25 00,55,52,60,14
2024-09-25 01,62,55,70,14
2024-09-25 02,63,57,70,15
2024-09-25 03,61,55,71,13
2024-09-25 04,63,58,72,14
2024-09-25 05,65,61,72,12
2024-09-25 06,82,70,99,11
2024-09-25 07,75,61,90,14
2024-09-25 08,69,60,74,14
2024-09-25 09,67,63,85,13
2024-09-25 10,65,56,71,13
2024-09-25 11,68,64,72,13
2024-09-25 12,69,61,83,12
2024-09-26 06,99,91,105,7
2024-09-26 07,93,83,118,13
2024-09-26 08,107,71,148,50
2024-09-26 09,106,96,139,44
2024-09-26 10,102,98,109,13
2024-09-26 11,95,89,105,14
2024-09-26 12,87,84,92,12
2024-09-26 13,97,68,115,156
2024-09-26 14,90,73,127,15
2024-09-26 15,76,64,92,13
2024-09-26 16,80,66,92,12
2024-09-26 17,68,63,80,13
2024-09-26 18,69,58,104,16
2024-09-26 19,61,58,68,14
2024-09-26 20,55,53,60,13
2024-09-26 21,62,57,76,16
2024-09-26 22,62,56,71,14
2024-09-26 23,56,52,59,14
2024-09-27 00,55,45,63,14
2024-09-27 01,55,52,58,15
2024-09-27 02,59,54,66,14
2024-09-27 03,58,54,65,15
2024-09-27 04,57,50,69,13
2024-09-27 05,65,60,72,13
2024-09-27 06,72,59,103,10
2024-09-28 07,92,72,120,16
2024-09-28 08,100,92,128,45
2024-09-28 09,89,80,105,15
2024-09-28 10,94,75,106,27
2024-09-28 11,86,66,104,13
2024-09-28 12,86,79,105,13
2024-09-28 13,92,66,103,51
2024-09-28 14,91,81,99,20
2024-09-28 15,81,67,90,13
2024-09-28 16,73,62,97,13
2024-09-28 17,78,66,96,12
2024-09-28 18,85,64,98,18
2024-09-28 19,73,60,100,15
2024-09-28 20,65,56,85,13
2024-09-28 21,55,52,67,15
2024-09-28 22,60,54,72,14
2024-09-28 23,64,55,81,15
2024-09-29 00,62,56,70,14
2024-09-29 01,60,55,67,15
2024-09-29 02,56,52,60,13
2024-09-29 03,57,53,72,14
2024-09-29 04,56,52,59,14
2024-09-29 05,54,50,60,13
2024-09-29 06,73,59,103,13
2024-09-29 07,71,68,74,4
2024-09-29 11,87,71,98,12
2024-09-29 12,87,73,97,11
2024-09-29 13,86,73,101,10
2024-09-29 14,81,74,105,13
2024-09-29 15,84,73,103,16
2024-09-29 16,87,78,102,12
2024-09-29 17,86,70,103,14
2024-09-29 18,83,61,98,12
2024-09-29 19,68,60,79,13
2024-09-29 20,62,58,80,14
2024-09-29 21,61,54,76,13
2024-09-29 22,60,57,71,14
2024-09-29 23,63,57,71,15
2024-09-30 00,56,52,61,13
2024-09-30 01,59,53,67,15
2024-09-30 02,59,51,67,13
2024-09-30 03,54,50,64,14
2024-09-30 04,58,54,63,12
2024-09-30 05,65,54,88,11
2024-09-30 06,68,55,75,12
2024-09-30 07,79,65,104,11
2024-09-30 08,96,64,116,180
2024-09-30 09,66,59,93,29
2024-10-04 07,81,74,86,4
2024-10-04 08,77,71,87,13
2024-10-04 09,78,60,97,14
2024-10-04 10,69,61,84,13
2024-10-04 11,73,56,142,22
2024-10-04 12,131,101,148,63
2024-10-04 13,100,98,105,13
2024-10-04 14,100,88,117,14
2024-10-04 15,90,87,94,14
2024-10-04 16,85,75,99,12
2024-10-04 17,90,72,104,11
2024-10-04 18,84,74,99,12
2024-10-04 19,71,58,98,14
2024-10-04 20,66,54,79,15
2024-10-04 21,60,55,74,14
2024-10-04 22,58,52,68,14
2024-10-04 23,63,58,69,15
2024-10-05 00,65,58,74,13
2024-10-05 01,56,53,58,14
2024-10-05 02,57,52,67,12
2024-10-05 03,57,49,67,15
2024-10-05 04,54,52,59,13
2024-10-05 05,61,53,65,15
2024-10-05 06,68,61,81,9
2024-10-05 07,77,70,104,13
2024-10-05 08,98,82,116,40
2024-10-05 09,90,74,106,16
2024-10-05 10,88,80,97,18
2024-10-05 11,87,80,98,11
2024-10-05 12,83,80,85,11
2024-10-05 13,84,83,84,2
2024-10-08 05,96,92,103,9
2024-10-08 06,95,78,111,23
2024-10-08 07,112,79,140,35
2024-10-08 08,119,88,137,44
2024-10-08 09,99,89,104,12
2024-10-08 10,92,82,100,14
2024-10-08 11,92,60,112,67
2024-10-08 12,85,80,89,15
2024-10-08 13,84,73,110,15
2024-10-08 14,92,80,104,14
2024-10-08 15,93,80,114,25
2024-10-08 16,100,96,107,13
2024-10-08 17,96,86,101,10
2024-10-08 18,80,71,84,15
2024-10-08 19,71,63,83,13
2024-10-08 20,73,63,89,15
2024-10-08 21,61,52,71,12
2024-10-08 22,56,53,63,14
2024-10-08 23,56,54,58,13
2024-10-09 00,57,54,64,14
2024-10-09 01,66,58,111,13
2024-10-09 02,62,59,72,14
2024-10-09 03,67,62,73,14
2024-10-09 04,60,54,71,15
2024-10-09 05,58,52,62,14
2024-10-09 06,71,64,80,4
2024-10-11 07,81,73,92,20
2024-10-11 08,102,74,165,40
2024-10-11 09,126,92,140,61
2024-10-11 10,91,84,99,13
2024-10-11 11,82,73,87,12
2024-10-11 12,90,72,103,74
2024-10-11 13,92,68,115,44
2024-10-11 14,74,65,95,13
2024-10-11 15,74,66,88,14
2024-10-11 16,79,66,87,13
2024-10-11 17,85,72,108,15
2024-10-11 18,83,78,102,14
2024-10-11 19,74,62,98,15
2024-10-11 20,70,66,83,13
2024-10-11 21,65,60,71,14
2024-10-11 22,62,58,72,14
2024-10-11 23,65,57,97,16
2024-10-12 00,62,57,69,12
2024-10-12 01,61,59,67,15
2024-10-12 02,61,58,66,14
2024-10-12 03,59,53,64,16
2024-10-12 04,60,53,63,13
2024-10-12 05,65,54,93,14
2024-10-12 06,73,58,82,7
2024-10-13 07,108,80,132,48
2024-10-13 08,108,76,130,62
2024-10-13 09,96,83,107,244
2024-10-13 10,99,70,128,127
2024-10-13 11,88,73,105,17
2024-10-13 12,80,66,109,11
2024-10-13 13,77,66,104,9
2024-10-13 14,77,71,89,12
2024-10-13 15,72,61,84,13
2024-10-13 16,83,73,92,10
2024-10-13 17,82,73,92,15
2024-10-13 18,78,70,96,11
2024-10-13 19,79,70,94,13
2024-10-13 20,64,57,73,13
2024-10-13 21,60,58,64,12
2024-10-13 22,64,58,72,13
2024-10-13 23,59,55,63,14
2024-10-14 00,59,57,67,14
2024-10-14 01,57,51,63,14
2024-10-14 02,58,54,63,13
2024-10-14 03,61,55,69,15
2024-10-14 04,61,59,64,13
2024-10-14 05,64,58,82,16
2024-10-14 06,66,64,67,2
2024-10-17 13,109,75,147,50
2024-10-17 14,129,115,138,49
2024-10-17 15,103,95,117,11
2024-10-17 16,97,84,107,36
2024-10-17 17,96,84,120,10
2024-10-17 18,90,74,114,13
2024-10-17 19,80,74,92,15
2024-10-17 20,70,60,86,14
2024-10-17 21,60,58,63,15
2024-10-17 22,62,57,73,14
2024-10-17 23,63,54,73,14
2024-10-18 00,61,55,72,14
2024-10-18 01,67,63,72,15
2024-10-18 02,63,58,71,13
2024-10-18 03,64,60,69,15
2024-10-18 04,62,57,68,14
2024-10-18 05,87,71,110,15
2024-10-18 06,82,71,94,11
2024-10-18 07,76,72,81,14
2024-10-18 08,76,71,80,13
2024-10-18 09,71,64,76,13
2024-10-18 10,72,68,74,8
2024-10-19 07,95,83,115,12
2024-10-19 08,98,80,121,9
2024-10-19 09,93,82,111,38
2024-10-19 10,87,80,95,13
2024-10-19 11,88,80,99,15
2024-10-19 12,82,73,90,12
2024-10-19 13,81,73,90,12
2024-10-19 14,83,71,89,10
2024-10-19 15,82,71,91,34
2024-10-19 16,84,78,93,11
2024-10-19 17,81,73,91,12
2024-10-19 18,69,63,75,14
2024-10-19 19,70,66,73,13
2024-10-19 20,77,71,84,14
2024-10-19 21,72,63,85,13
2024-10-19 22,61,57,73,15
2024-10-19 23,64,53,109,13
2024-10-20 00,57,53,63,15
2024-10-20 01,65,59,79,13
2024-10-20 02,59,54,64,15
2024-10-20 03,59,53,64,13
2024-10-20 04,62,52,84,14
2024-10-20 05,71,65,75,13
2024-10-20 06,78,65,92,7
2024-10-22 06,87,76,101,6
2024-10-22 07,82,74,90,14
2024-10-22 08,76,67,88,14
2024-10-22 09,78,63,92,12
2024-10-22 10,72,58,81,14
2024-10-22 11,82,71,105,11
2024-10-22 12,82,73,93,13
2024-10-22 13,82,71,92,12
2024-10-22 14,116,73,151,30
2024-10-22 15,120,96,145,34
2024-10-22 16,94,82,105,14
2024-10-22 17,87,80,96,14
2024-10-22 18,74,67,84,13
2024-10-22 19,66,59,73,13
2024-10-22 20,62,55,73,14
2024-10-22 21,60,52,86,14
2024-10-22 22,56,52,70,14
2024-10-22 23,59,55,63,14
2024-10-23 00,58,53,70,15
2024-10-23 01,57,54,61,13
2024-10-23 02,59,52,72,15
2024-10-23 03,57,52,70,14
2024-10-23 04,61,56,67,14
2024-10-23 05,65,55,72,14
2024-10-23 06,73,67,77,4
2024-10-23 08,72,67,78,4
2024-10-23 09,66,61,74,12
2024-10-23 10,66,58,75,13
2024-10-23 11,64,57,71,12
2024-10-23 12,63,57,67,13
2024-10-23 13,80,62,135,10
2024-10-23 14,90,74,110,42
2024-10-23 15,79,64,95,12
2024-10-23 16,84,76,96,10
2024-10-23 17,76,63,88,11
2024-10-23 18,83,70,101,13
2024-10-23 19,74,64,89,13
2024-10-23 20,68,60,72,13
2024-10-23 21,59,53,70,13
2024-10-23 22,56,47,63,14
2024-10-23 23,59,53,64,13
2024-10-24 00,63,53,72,14
2024-10-24 01,62,55,73,12
2024-10-24 05,88,73,97,10
2024-10-24 06,98,84,121,13
2024-10-24 07,89,81,114,12
2024-10-24 08,91,86,98,12
2024-10-24 09,89,69,112,37
2024-10-24 10,100,73,113,35
2024-10-24 11,86,83,101,12
2024-10-24 12,80,65,87,13
2024-10-24 13,72,65,79,13
2024-10-24 14,98,72,139,26
2024-10-24 15,109,90,127,55
2024-10-24 16,100,89,109,13
2024-10-24 17,89,82,105,12
2024-10-24 18,80,70,89,11
2024-10-24 19,74,60,88,13
2024-10-24 20,75,71,87,15
2024-10-24 21,67,58,85,13
2024-10-24 22,61,56,72,13
2024-10-24 23,59,54,70,14
2024-10-25 00,81,69,104,3
2024-10-25 06,90,75,114,4
2024-10-25 07,95,72,110,81
2024-10-25 08,95,65,138,109
2024-10-25 09,76,63,90,12
2024-10-25 10,70,65,73,12
2024-10-25 11,68,60,75,13
2024-10-25 12,67,62,72,13
2024-10-25 13,88,61,106,32
2024-10-25 14,95,70,112,51
2024-10-25 15,79,64,90,11
2024-10-25 16,74,68,82,15
2024-10-25 17,72,64,82,11
2024-10-25 18,76,68,85,12
2024-10-25 19,71,63,85,12
2024-10-25 20,74,64,90,13
2024-10-25 21,70,64,74,13
2024-10-25 22,66,60,85,13
2024-10-25 23,62,58,75,14
2024-10-26 00,59,55,62,13
2024-10-28 07,78,72,85,9
2024-10-28 08,68,58,77,13
2024-10-28 09,70,58,79,12
2024-10-28 10,64,60,70,15
2024-10-28 11,66,53,89,12
2024-10-28 12,74,68,85,13
2024-10-28 13,73,67,79,11
2024-10-28 14,72,65,91,13
2024-10-28 15,64,59,70,12
2024-10-28 16,66,52,76,13
2024-10-28 17,62,52,71,11
2024-10-28 18,66,52,90,12
2024-10-28 19,60,53,68,13
2024-10-28 20,54,49,57,14
2024-10-28 21,54,50,65,12
2024-10-29 08,85,75,98,15
2024-10-29 09,79,71,87,13
2024-10-29 10,72,62,88,13
2024-10-29 11,83,71,98,13
2024-10-29 12,91,66,145,30
2024-10-29 13,133,124,141,10
2024-10-29 14,115,94,138,19
2024-10-29 15,96,80,109,52
2024-10-29 16,91,84,107,13
2024-10-29 17,92,88,98,9
2024-10-29 18,79,71,91,14
2024-10-29 19,71,64,85,12
2024-10-29 20,70,64,88,11
2024-10-30 05,86,83,90,2
2024-10-30 06,76,62,104,16
2024-10-30 07,76,66,85,14
2024-10-30 08,76,70,88,15
2024-10-30 09,75,65,88,12
2024-10-30 10,79,68,92,13
2024-10-30 11,71,61,81,13
2024-10-30 12,79,59,103,14
2024-10-30 13,85,68,104,14
2024-10-30 14,85,66,134,12
2024-10-30 15,112,81,131,54
2024-10-30 16,82,73,90,12
2024-10-30 17,83,71,101,14
2024-10-30 18,70,60,93,14
2024-10-30 19,70,60,75,13
2024-10-30 20,70,60,82,14
2024-10-30 21,60,58,63,2
2024-11-01 07,82,69,102,14
2024-11-01 08,78,72,84,13
2024-11-01 09,72,56,84,15
2024-11-01 10,90,57,114,30
2024-11-01 11,68,58,132,25
2024-11-01 12,113,96,142,85
2024-11-01 13,102,85,127,20
2024-11-01 14,87,80,96,12
2024-11-01 15,76,71,83,12
2024-11-01 16,79,73,85,10
2024-11-01 17,77,65,85,11
2024-11-01 18,75,71,80,15
2024-11-01 19,79,71,92,13
2024-11-01 20,72,54,88,14
2024-11-01 21,66,53,90,14
2024-11-01 22,63,53,85,14
2024-11-01 23,63,57,75,13
2024-11-02 00,67,59,71,15
2024-11-02 01,68,63,85,15
2024-11-02 02,68,60,79,14
2024-11-02 03,68,65,74,14
2024-11-02 04,63,59,67,14
2024-11-02 05,70,62,93,12
2024-11-02 06,78,69,88,6
2024-11-05 09,73,69,84,5
2024-11-05 10,105,72,139,31
2024-11-05 11,126,112,141,44
2024-11-05 12,107,103,121,22
2024-11-05 13,93,82,100,13
2024-11-05 14,90,78,99,12
2024-11-05 15,110,91,126,32
2024-11-05 16,91,79,112,14
2024-11-05 17,83,78,89,12
2024-11-05 18,73,65,85,12
2024-11-05 19,71,64,83,14
2024-11-05 20,71,63,80,13
2024-11-05 21,65,58,81,12
2024-11-06 07,77,63,87,13
2024-11-06 08,76,69,80,14
2024-11-06 09,71,61,83,13
2024-11-06 10,83,72,104,12
2024-11-06 11,81,74,92,12
2024-11-06 12,90,58,102,44
2024-11-06 13,91,62,121,38
2024-11-06 14,107,81,137,64
2024-11-06 15,82,66,96,12
2024-11-06 16,82,67,98,13
2024-11-06 17,84,67,96,13
2024-11-06 18,78,60,96,15
2024-11-06 19,69,54,106,13
2024-11-06 20,61,55,85,15
2024-11-06 21,108,70,158,11
2024-11-07 06,88,87,90,3
2024-11-07 07,91,72,108,18
2024-11-07 08,115,82,139,55
2024-11-07 09,107,88,124,31
2024-11-07 10,89,80,94,15
2024-11-07 11,84,79,89,12
2024-11-07 12,84,74,89,13
2024-11-07 13,85,73,104,11
2024-11-07 14,86,75,101,27
2024-11-07 15,84,68,106,59
2024-11-07 16,89,80,104,13
2024-11-07 17,88,81,104,11
2024-11-07 18,97,83,106,8
2024-11-08 14,88,65,131,39
2024-11-08 15,114,92,130,34
2024-11-08 16,85,73,100,13
2024-11-08 17,86,73,97,15
2024-11-08 18,83,71,97,10
2024-11-08 19,81,63,95,28
2024-11-08 20,73,66,85,13
2024-11-08 21,77,73,83,3
2024-11-09 07,79,74,91,7
2024-11-09 08,71,59,80,14
2024-11-09 09,75,66,85,16
2024-11-09 10,72,62,80,13
2024-11-09 11,87,64,109,60
2024-11-09 12,78,70,91,13
2024-11-09 13,71,66,85,15
2024-11-09 14,79,63,90,22
2024-11-09 15,80,72,93,27
2024-11-09 16,67,58,80,14
2024-11-09 17,68,57,75,14
2024-11-09 18,83,66,101,18
2024-11-09 19,83,76,95,11
2024-11-09 20,83,74,105,23
2024-11-09 21,85,76,99,14
2024-11-09 22,80,72,91,12
2024-11-09 23,69,60,83,15
2024-11-10 00,67,61,79,13
2024-11-10 01,67,63,72,15
2024-11-10 02,68,63,83,12
2024-11-10 03,67,60,79,16
2024-11-10 04,66,59,72,14
2024-11-10 05,63,59,68,15
2024-11-10 06,71,62,92,12
2024-11-10 07,79,73,85,4
2024-11-10 08,77,67,85,13
2024-11-10 09,82,68,119,14
2024-11-10 10,88,72,118,25
2024-11-10 11,74,66,84,11
2024-11-10 12,86,65,101,109
2024-11-10 13,93,63,115,56
2024-11-10 14,98,81,109,56
2024-11-10 15,81,74,98,11
2024-11-11 07,77,77,77,1
2024-11-11 08,78,64,93,12
2024-11-11 09,71,61,80,14
2024-11-11 10,73,64,85,13
2024-11-11 11,74,67,87,14
2024-11-11 12,92,74,107,23
2024-11-11 13,88,80,98,12
2024-11-11 14,84,79,90,12
2024-11-11 15,86,73,95,11
2024-11-11 16,86,77,97,12
2024-11-11 17,86,77,94,11
2024-11-11 18,76,61,91,14
2024-11-11 19,70,63,84,14
2024-11-11 20,72,60,79,13
2024-11-11 21,73,63,84,12
2024-11-11 22,59,58,65,15
2024-11-11 23,64,56,118,13
2024-11-12 00,64,58,70,14
2024-11-12 01,66,59,74,14
2024-11-12 02,58,54,63,11
2024-11-12 03,61,56,71,15
2024-11-12 04,60,52,65,13
2024-11-12 05,59,53,64,14
2024-11-12 06,69,59,95,11
2024-11-12 07,82,72,86,5
2024-11-12 08,119,80,139,48
2024-11-12 09,93,84,123,13
2024-11-12 10,89,83,99,7
2024-11-13 06,79,77,82,4
2024-11-13 07,90,73,105,15
2024-11-13 08,123,85,157,24
2024-11-13 09,118,97,133,53
2024-11-13 10,96,83,105,13
2024-11-13 11,89,84,93,14
2024-11-13 12,85,80,93,12
2024-11-13 13,83,78,98,13
2024-11-13 14,81,70,88,12
2024-11-13 15,78,66,91,14
2024-11-13 16,83,75,89,12
2024-11-13 17,84,80,92,11
2024-11-13 18,91,84,109,13
2024-11-13 19,86,79,100,14
2024-11-13 20,84,80,99,13
2024-11-13 21,81,75,84,15
2024-11-13 22,99,99,99,1
2024-11-14 07,90,84,98,9
2024-11-14 08,113,93,137,50
2024-11-14 09,103,86,129,20
2024-11-14 10,95,84,121,12
2024-11-14 11,101,89,109,12
2024-11-14 12,93,80,108,11
2024-11-14 13,91,84,96,10
2024-11-14 14,96,80,110,13
2024-11-14 15,94,88,100,12
2024-11-14 16,90,82,110,13
2024-11-14 17,90,80,104,13
2024-11-14 18,84,76,92,13
2024-11-14 19,81,74,98,13
2024-11-14 20,72,63,79,12
2024-11-14 21,71,64,80,15
2024-11-14 22,71,67,73,7
2024-11-15 07,82,70,88,6
2024-11-15 08,76,67,100,13
2024-11-15 09,72,68,76,14
2024-11-15 10,69,62,82,11
2024-11-15 11,71,62,94,16
2024-11-15 12,61,55,66,13
2024-11-15 13,67,54,101,14
2024-11-15 14,97,65,136,25
2024-11-15 15,112,92,134,73
2024-11-15 16,95,83,107,16
2024-11-15 17,79,72,95,11
2024-11-15 18,86,81,92,13
2024-11-15 19,80,66,90,15
2024-11-15 20,79,71,85,13
2024-11-15 21,81,69,92,13
2024-11-15 22,89,74,115,13
2024-11-15 23,81,66,94,14
2024-11-16 00,80,73,90,13
2024-11-16 01,72,67,84,15
2024-11-16 02,68,63,72,13
2024-11-16 03,62,58,68,15
2024-11-16 04,66,59,84,14
2024-11-16 05,69,64,80,14
2024-11-16 06,69,58,84,14
2024-11-18 07,80,75,87,5
2024-11-18 08,78,67,85,14
2024-11-18 09,76,60,88,14
2024-11-18 10,76,67,89,13
2024-11-18 11,74,65,84,11
2024-11-18 12,72,64,80,14
2024-11-18 13,82,65,129,19
2024-11-18 14,114,90,139,58
2024-11-18 15,90,82,105,15
2024-11-18 16,86,77,107,15
2024-11-18 17,89,78,108,15
2024-11-18 18,86,80,103,15
2024-11-18 19,85,73,93,11
2024-11-18 20,82,78,93,16
2024-11-18 21,75,66,90,13
2024-11-18 22,77,68,113,13
2024-11-18 23,75,65,119,11
2024-11-19 00,71,67,79,16
2024-11-19 01,66,59,75,14
2024-11-19 02,64,61,67,15
2024-11-19 03,70,60,72,14
2024-11-19 04,65,60,72,14
2024-11-19 05,70,62,73,14
2024-11-19 06,62,59,64,13
2024-11-19 07,76,59,99,13
2024-11-19 08,88,81,96,2
2024-11-20 08,77,74,80,4
2024-11-20 09,96,72,115,25
2024-11-20 10,72,61,85,13
2024-11-20 11,71,65,80,13
2024-11-20 12,73,63,84,14
2024-11-20 13,70,59,91,14
2024-11-20 14,74,63,93,11
2024-11-20 15,74,63,80,13
2024-11-20 16,83,71,93,11
2024-11-20 17,92,79,99,14
2024-11-20 18,80,72,92,14
2024-11-20 19,77,69,86,12
2024-11-20 20,74,62,95,16
2024-11-20 21,68,60,84,15
2024-11-20 22,71,59,79,12
2024-11-20 23,59,55,63,13
2024-11-21 00,60,56,68,14
2024-11-21 01,63,55,72,14
2024-11-21 02,60,54,68,14
2024-11-21 03,54,52,58,15
2024-11-21 04,61,58,64,14
2024-11-21 05,76,60,91,12
2024-11-21 06,67,60,80,13
2024-11-21 07,79,67,97,10
2024-11-21 08,124,68,166,134
2024-11-21 09,115,99,130,43
2024-11-22 07,76,71,80,2
2024-11-22 08,74,66,91,15
2024-11-22 09,77,71,88,15
2024-11-22 10,73,60,89,12
2024-11-22 11,68,58,75,14
2024-11-22 12,70,63,85,12
2024-11-22 13,70,55,92,13
2024-11-22 14,95,68,110,192
2024-11-22 15,94,74,111,155
2024-11-22 16,88,76,99,12
2024-11-22 17,94,87,103,15
2024-11-22 18,92,79,110,12
2024-11-22 19,82,69,91,13
2024-11-22 20,79,73,84,14
2024-11-22 21,78,73,86,14
2024-11-22 22,69,58,81,13
2024-11-22 23,72,70,75,14
2024-11-23 00,71,59,84,14
2024-11-23 01,60,53,67,15
2024-11-23 02,58,54,70,14
2024-11-23 03,60,55,71,14
2024-11-23 04,58,54,59,13
2024-11-23 05,59,54,68,15
2024-11-23 06,68,59,87,12
2024-11-23 07,80,72,90,11
2024-11-23 08,79,73,90,6
2024-11-25 08,86,79,102,10
2024-11-25 09,79,64,95,16
2024-11-25 10,78,66,87,13
2024-11-25 11,78,72,84,15
2024-11-25 12,77,67,90,11
2024-11-25 13,83,74,107,13
2024-11-25 14,94,84,103,10
2024-11-25 15,98,87,105,23
2024-11-25 16,87,77,98,14
2024-11-25 17,88,80,101,13
2024-11-25 18,91,75,100,9
2024-11-25 19,88,71,102,12
2024-11-25 20,75,69,85,12
2024-11-25 21,77,65,86,22
2024-11-25 22,68,64,83,11
2024-11-25 23,62,56,71,14
2024-11-26 00,61,58,68,13
2024-11-26 01,60,55,63,16
2024-11-26 02,69,63,84,14
2024-11-26 03,59,55,63,14
2024-11-26 04,60,54,65,14
2024-11-26 05,61,57,73,15
2024-11-26 06,73,72,73,3
2024-11-27 06,78,77,80,2
2024-11-27 07,81,72,88,12
2024-11-27 08,82,69,91,14
2024-11-27 09,97,81,114,14
2024-11-27 10,117,104,130,67
2024-11-27 11,111,98,126,20
2024-11-27 12,112,98,122,25
2024-11-27 13,93,85,106,13
2024-11-27 14,94,90,99,12
2024-11-27 15,89,78,102,11
2024-11-27 16,88,83,97,12
2024-11-27 17,85,79,92,13
2024-11-27 18,82,74,99,13
2024-11-27 19,76,66,85,12
2024-11-27 20,72,66,76,13
2024-11-27 21,66,61,72,16
2024-11-27 22,63,55,68,13
2024-11-27 23,61,57,67,16
2024-11-28 00,60,57,68,13
2024-11-28 01,63,59,71,12
2024-11-28 02,62,60,69,5
2024-11-28 07,67,59,75,5
2024-11-28 08,97,64,138,62
2024-11-28 09,105,94,121,20
2024-11-28 10,89,85,93,11
2024-11-28 11,98,77,126,35
2024-11-28 12,95,84,105,13
2024-11-28 13,95,88,100,13
2024-11-28 14,107,95,120,12
2024-11-28 15,96,83,114,12
2024-11-28 16,79,71,94,12
2024-11-28 17,77,66,88,15
2024-11-28 18,80,69,91,12
2024-11-28 19,71,63,88,13
2024-11-28 20,72,64,83,10
2024-11-28 21,65,59,78,15
2024-11-28 22,60,58,64,13
2024-11-28 23,66,58,80,8
2024-11-30 11,76,67,91,3
2024-11-30 12,70,59,82,12
2024-11-30 13,70,57,87,30
2024-11-30 14,86,70,105,57
2024-11-30 15,90,72,104,44
2024-11-30 16,80,75,87,11
2024-11-30 17,81,73,109,13
2024-11-30 18,77,66,84,14
2024-11-30 19,73,57,88,14
2024-11-30 20,75,64,86,9
2024-11-30 21,68,58,85,14
2024-11-30 22,73,59,119,14
2024-11-30 23,66,60,73,15
2024-12-01 00,62,58,69,12
2024-12-01 01,62,58,68,15
2024-12-01 02,66,60,80,14
2024-12-01 03,64,58,75,13
2024-12-01 04,65,62,71,15
2024-12-01 05,64,59,68,15
2024-12-01 06,65,58,84,13
2024-12-01 07,67,55,102,14
2024-12-01 08,80,62,104,10
2024-12-01 09,85,63,100,12
2024-12-01 10,84,64,95,11
2024-12-01 11,85,76,96,22
2024-12-01 12,71,62,94,13
2024-12-01 13,73,62,90,6
2024-12-04 07,86,80,98,8
2024-12-04 08,79,71,85,12
2024-12-04 09,100,72,115,52
2024-12-04 10,96,80,113,52
2024-12-04 11,97,76,129,45
2024-12-04 12,92,83,104,19
2024-12-04 13,93,80,103,12
2024-12-04 14,115,78,144,42
2024-12-04 15,99,90,112,31
2024-12-04 16,87,79,91,12
2024-12-04 17,87,79,91,12
2024-12-04 18,88,74,94,13
2024-12-04 19,97,93,109,15
2024-12-04 20,91,85,95,13
2024-12-04 21,88,83,99,14
2024-12-04 22,84,80,98,13
2024-12-04 23,81,72,85,15
2024-12-05 00,76,66,84,13
2024-12-05 01,70,62,79,15
2024-12-05 02,62,56,72,13
2024-12-05 03,63,58,71,15
2024-12-05 04,65,59,70,14
2024-12-05 05,66,59,72,15
2024-12-05 06,71,64,87,13
2024-12-05 07,73,66,83,8
2024-12-23 09,94,79,112,10
2024-12-23 10,93,79,116,16
2024-12-23 11,85,74,103,14
2024-12-23 12,89,81,122,13
2024-12-23 13,92,83,99,31
2024-12-23 14,93,85,100,11
2024-12-23 15,104,81,119,38
2024-12-23 16,84,80,84,11
2024-12-23 17,97,87,107,25
2024-12-23 18,99,84,109,56
2024-12-23 19,95,81,104,24
2024-12-23 20,93,89,99,12
2024-12-23 21,86,78,93,12
2024-12-23 22,84,79,90,13
2024-12-23 23,85,81,98,14
2024-12-24 00,79,70,85,13
2024-12-24 01,67,62,73,15
2024-12-24 02,64,57,80,14
2024-12-24 03,64,58,70,15
2024-12-24 04,61,54,72,14
2024-12-24 05,76,71,86,14
2024-12-24 06,73,71,78,13
2024-12-24 07,83,78,95,14
2024-12-24 08,81,77,91,13
2024-12-24 09,80,73,88,13
2024-12-24 10,87,80,106,12
2024-12-24 11,96,91,105,12
2024-12-24 12,99,99,99,1
2025-02-18 15,113,83,144,4
2025-02-18 16,120,91,147,43
2025-02-18 17,87,84,91,14
2025-02-18 18,85,80,92,11
2025-06-09 15,96,89,114,10
2025-06-09 16,96,84,118,65
2025-06-09 17,98,77,116,26
2025-06-09 18,80,71,104,12
2025-06-09 19,64,59,69,13
2025-06-09 20,62,58,65,13
2025-06-09 21,60,57,63,15
2025-06-09 22,62,59,66,14
2025-06-09 23,57,51,60,14
2025-06-10 00,58,54,64,14
2025-06-10 01,59,54,64,15
2025-06-10 02,60,52,67,13
2025-06-10 03,60,58,61,15
2025-06-10 04,57,51,64,14
2025-06-10 05,80,58,98,10
2025-06-10 06,89,72,119,21
2025-06-10 07,102,97,127,41
2025-06-10 10,82,77,93,10
2025-06-10 11,84,72,102,34
2025-06-10 12,90,82,106,11
2025-06-10 13,85,79,103,40
2025-06-10 14,82,79,96,13
2025-06-10 15,81,71,92,15
2025-06-10 16,77,71,91,14
2025-06-10 17,82,72,110,15
2025-06-10 18,80,75,85,9
2025-06-10 19,71,59,90,13
2025-06-10 20,76,71,84,12
2025-06-10 21,64,58,78,14
2025-06-10 22,61,58,69,13
2025-06-10 23,63,59,72,15
2025-06-11 00,64,59,74,13
2025-06-11 01,62,59,67,15
2025-06-11 02,65,58,99,14
2025-06-11 03,59,54,63,15
2025-06-11 04,59,56,64,13
2025-06-11 05,60,53,66,15
2025-06-11 06,58,53,65,14
2025-06-11 07,63,51,90,13
2025-06-11 08,80,69,125,14
2025-06-11 09,119,109,135,8
2025-06-11 10,100,82,123,26
2025-06-11 11,85,76,103,16
2025-06-11 12,81,73,98,6
2025-06-11 22,84,73,92,14
2025-06-11 23,74,62,100,14
2025-06-12 00,61,58,66,14
2025-06-12 01,62,59,69,15
2025-06-12 02,60,53,67,15
2025-06-12 03,61,58,63,13
2025-06-12 04,64,55,93,13
2025-06-12 05,75,67,86,12
2025-06-12 06,74,69,83,13
2025-06-12 07,75,68,86,14
2025-06-12 08,77,66,84,13
2025-06-12 09,106,74,127,9
2025-06-12 10,112,93,131,83
2025-06-12 11,91,73,108,42
2025-06-12 12,77,72,87,11
2025-06-12 13,77,73,81,11
2025-06-12 14,76,73,80,11
2025-06-12 15,76,71,86,14
2025-06-12 16,81,72,89,14
2025-06-12 17,82,80,87,4
2025-06-13 05,72,72,72,1
2025-06-13 06,75,56,99,16
2025-06-13 07,90,66,132,10
2025-06-13 08,106,84,125,69
2025-06-13 09,84,80,89,14
2025-06-13 10,75,70,84,16
2025-06-13 11,73,64,86,13
2025-06-13 12,74,66,86,12
2025-06-13 13,70,64,81,14
2025-06-13 14,83,65,100,5
2025-06-13 15,90,71,106,47
2025-06-13 16,73,62,82,13
2025-06-13 17,74,70,89,12
2025-06-13 18,85,72,101,21
2025-06-13 19,75,63,88,13
2025-06-13 20,64,56,75,15
2025-06-13 21,84,84,84,1
2025-06-14 04,84,71,103,6
2025-06-14 05,113,73,140,11
2025-06-14 06,113,96,140,67
2025-06-14 07,88,74,102,15
2025-06-14 08,85,76,106,14
2025-06-14 09,89,76,96,26
2025-06-14 10,88,81,95,13
2025-06-14 11,85,79,91,13
2025-06-14 12,94,84,108,38
2025-06-14 13,102,72,113,103
2025-06-14 14,102,71,119,61
2025-06-14 15,110,79,136,44
2025-06-14 16,81,73,84,14
2025-06-14 17,78,73,86,13
2025-06-14 18,82,77,91,12
2025-06-14 19,97,79,107,69
2025-06-14 20,74,66,80,6
2025-06-14 21,69,59,102,10
2025-06-14 22,55,53,60,14
2025-06-14 23,59,55,63,15
2025-06-15 00,60,54,66,15
2025-06-15 01,57,53,60,13
2025-06-15 02,60,52,66,14
2025-06-15 03,58,57,59,14
2025-06-15 04,60,56,65,13
2025-06-15 05,121,89,138,6
2025-06-15 06,108,84,134,26
2025-06-15 07,92,80,108,22
2025-06-15 08,94,86,99,26
2025-06-15 09,98,89,115,77
2025-06-15 18,78,73,91,14
2025-06-15 19,68,59,75,13
2025-06-15 20,64,58,80,14
2025-06-15 21,99,58,147,31
2025-06-15 22,68,57,73,15
2025-06-15 23,64,55,67,13
2025-06-16 00,56,54,61,16
2025-06-16 01,58,54,67,12
2025-06-16 02,59,55,69,16
2025-06-16 03,58,53,61,14
2025-06-16 04,58,53,64,15
2025-06-16 05,64,53,86,11
2025-06-16 06,79,66,103,14
2025-06-16 07,115,73,130,4
2025-06-16 08,97,71,123,51
2025-06-16 09,98,64,111,80
2025-06-16 10,80,74,85,14
2025-06-16 11,78,71,87,12
2025-06-16 12,70,58,97,14
2025-06-16 13,72,62,84,11
2025-06-16 14,79,74,84,2
2025-06-16 15,84,84,84,1
2025-06-16 16,71,64,85,13
2025-06-16 17,88,71,101,25
2025-06-16 20,60,56,65,4
2025-06-16 21,56,50,63,14
2025-06-16 22,60,58,63,14
2025-06-16 23,60,53,73,15
2025-06-17 00,54,49,57,13
2025-06-17 01,57,53,67,14
2025-06-17 02,57,52,71,13
2025-06-17 03,58,54,63,14
2025-06-17 04,60,51,81,15
2025-06-17 05,72,55,102,14
2025-06-17 06,84,71,119,9
2025-06-17 07,112,108,124,38
2025-06-17 08,97,85,125,13
2025-06-17 09,78,72,91,17
2025-06-17 10,81,71,93,12
2025-06-17 11,90,76,100,15
2025-06-17 12,87,76,101,13
2025-06-17 13,87,83,101,6
2025-06-17 20,59,56,64,14
2025-06-17 21,62,57,67,15
2025-06-17 22,62,58,76,14
2025-06-17 23,61,59,63,15
2025-06-18 00,56,52,63,14
2025-06-18 01,58,53,60,16
2025-06-18 02,56,50,60,13
2025-06-18 03,57,53,60,15
2025-06-18 04,64,55,79,12
2025-06-18 05,70,65,81,13
2025-06-18 06,67,61,74,15
2025-06-18 07,71,65,78,12
2025-06-18 08,94,64,136,9
2025-06-18 09,97,80,119,33
2025-06-18 10,81,76,95,15
2025-06-18 11,74,64,87,13
2025-06-18 12,72,64,84,14
2025-06-18 13,85,69,109,10
2025-06-18 14,89,63,107,39
2025-06-18 15,75,69,85,11
2025-06-18 17,88,62,101,100
2025-06-18 18,71,56,93,16
2025-06-18 20,70,55,90,6
2025-06-18 21,60,55,73,13
2025-06-18 22,58,53,64,15
2025-06-18 23,56,51,63,14
2025-06-19 00,53,51,55,14
2025-06-19 01,60,53,64,15
2025-06-19 02,54,51,57,13
2025-06-19 03,58,53,64,14
2025-06-19 04,64,53,104,15
2025-06-19 05,82,59,102,13
2025-06-19 06,81,74,85,14
2025-06-19 07,86,73,121,11
2025-06-19 08,124,107,138,42
2025-06-19 09,100,94,113,10
2025-06-19 10,103,85,122,110
2025-06-19 11,96,83,104,13
2025-06-19 13,87,79,104,14
2025-06-19 14,86,76,101,13
2025-06-19 15,80,72,86,14
2025-06-19 16,87,81,91,13
2025-06-19 17,89,83,92,3
2025-06-19 20,71,67,73,7
2025-06-19 21,64,58,69,14
2025-06-19 22,60,54,64,15
2025-06-19 23,55,51,63,14
2025-06-20 00,57,52,64,15
2025-06-20 01,59,55,64,14
2025-06-20 02,58,55,61,12
2025-06-20 03,61,57,76,14
2025-06-20 04,76,61,135,15
2025-06-20 05,136,136,137,3
2025-06-20 06,108,89,130,53
2025-06-20 07,88,84,109,12
2025-06-20 08,79,70,91,14
2025-06-20 09,97,74,106,105
2025-06-20 10,92,68,102,50
2025-06-20 11,69,63,83,11
2025-06-20 12,72,65,81,13
2025-06-20 13,78,65,92,25
2025-06-20 14,78,66,90,11
2025-06-20 15,88,78,100,14
2025-06-20 16,81,74,84,3
2025-06-20 19,70,62,91,10
2025-06-20 20,63,55,71,15
2025-06-20 21,58,53,63,14
2025-06-20 22,55,52,60,15
2025-06-20 23,54,51,60,14
2025-06-21 00,55,51,60,14
2025-06-21 01,58,52,63,13
2025-06-21 02,51,48,57,16
2025-06-21 03,54,49,61,14
2025-06-21 04,68,53,80,14
2025-06-21 05,100,66,130,11
2025-06-21 06,107,85,117,45
2025-06-21 07,84,71,103,14
2025-06-21 08,74,65,96,13
2025-06-21 09,75,66,90,11
2025-06-21 10,77,63,87,12
2025-06-21 11,77,72,84,12
2025-06-21 12,95,71,108,174
2025-06-21 13,84,72,103,50
2025-06-21 14,77,63,87,14
2025-06-21 15,71,62,80,10
2025-06-21 16,83,75,95,13
2025-06-21 17,79,68,90,10
2025-06-22 04,63,52,82,10
2025-06-22 05,64,58,74,12
2025-06-22 06,65,53,85,14
2025-06-22 07,107,68,136,5
2025-06-22 08,87,73,123,45
2025-06-22 09,87,68,98,48
2025-06-22 10,92,75,107,23
2025-06-22 11,81,71,94,14
2025-06-22 12,79,71,91,11
2025-06-22 13,69,63,83,14
2025-06-22 14,76,66,84,15
2025-06-22 15,79,72,91,12
2025-06-22 16,84,72,86,10
2025-06-22 17,80,71,91,12
2025-06-22 18,75,70,84,14
2025-06-22 19,62,58,72,13
2025-06-22 20,60,57,63,15
2025-06-22 21,59,56,63,14
2025-06-22 22,58,53,64,15
2025-06-22 23,58,55,61,14
2025-06-23 00,62,58,70,15
2025-06-23 01,59,56,64,13
2025-06-23 02,60,54,68,14
2025-06-23 03,59,57,64,14
2025-06-23 04,59,55,63,2
2025-06-23 06,77,72,88,10
2025-06-23 07,79,72,93,14
2025-06-23 08,73,66,79,14
2025-06-23 09,73,69,88,12
2025-06-23 10,112,71,136,11
2025-06-23 11,112,85,131,51
2025-06-23 12,88,84,92,8
2025-06-23 13,86,83,94,5
2025-06-23 14,86,79,100,16
2025-06-23 15,86,79,91,10
2025-06-23 16,86,79,98,13
2025-06-23 17,80,72,101,13
2025-06-23 18,75,71,90,13
2025-06-23 19,72,63,80,15
2025-06-23 20,64,60,71,8
2025-06-24 05,86,76,106,8
2025-06-24 06,84,71,132,11
2025-06-24 07,105,85,131,41
2025-06-24 08,87,80,99,13
2025-06-24 09,95,65,109,57
2025-06-24 10,91,77,107,48
2025-06-24 11,82,72,99,13
2025-06-24 12,82,73,86,15
2025-06-24 13,81,71,86,14
2025-06-24 14,77,67,93,14
2025-06-24 15,75,65,91,15
2025-06-24 16,84,76,90,14
2025-06-24 17,80,71,93,12
2025-06-24 18,74,68,80,15
2025-06-24 19,77,68,96,13
2025-06-24 20,67,57,75,14
2025-06-24 21,57,53,63,14
2025-06-24 22,56,52,60,15
2025-06-24 23,53,52,54,13
2025-06-25 00,59,53,68,16
2025-06-25 01,58,52,66,14
2025-06-25 02,59,54,63,8
2025-06-25 07,72,66,83,9
2025-06-25 08,109,64,137,8
2025-06-25 09,113,88,130,51
2025-06-25 10,90,73,103,19
2025-06-25 11,84,74,95,14
2025-06-25 12,83,71,90,9
2025-06-25 13,84,69,117,11
2025-06-25 14,98,84,109,38
2025-06-25 15,82,76,92,14
2025-06-25 16,81,76,87,9
2025-06-25 17,81,68,97,11
2025-06-25 18,81,74,93,11
2025-06-25 19,75,68,84,12
2025-06-25 21,57,52,65,15
2025-06-25 22,55,50,68,14
2025-06-25 23,55,52,58,14
2025-06-26 00,60,54,64,14
2025-06-26 01,57,55,58,13
2025-06-26 02,55,51,63,14
2025-06-26 03,57,52,63,14
2025-06-26 04,61,53,71,14
2025-06-26 05,66,58,84,14
2025-06-26 06,87,61,111,55
2025-06-26 07,96,57,118,42
2025-06-26 08,77,60,133,15
2025-06-26 09,105,92,138,23
2025-06-26 10,91,78,108,15
2025-06-26 11,74,69,86,15
2025-06-26 12,76,72,80,12
2025-06-26 13,104,72,140,18
2025-06-26 14,87,70,109,21
2025-06-26 15,75,66,88,12
2025-06-26 16,68,61,80,13
2025-06-26 17,65,57,78,15
2025-06-26 18,68,65,70,3
2025-06-26 20,50,47,54,11
2025-06-26 21,55,52,63,13
2025-06-26 22,55,50,70,15
2025-06-26 23,59,54,67,14
2025-06-27 00,57,55,63,14
2025-06-27 01,56,51,66,14
2025-06-27 02,59,52,68,14
2025-06-27 03,57,50,67,15
2025-06-27 04,54,47,63,14
2025-06-27 05,63,53,88,13
2025-06-27 06,66,58,85,12
2025-06-27 07,66,54,89,14
2025-06-27 08,81,55,108,72
2025-06-27 09,71,57,89,17
2025-06-27 10,112,76,142,46
2025-06-27 11,96,90,104,13
2025-06-27 12,81,76,85,11
2025-06-27 13,103,90,117,33
2025-06-27 14,91,84,104,10
2025-06-27 15,90,80,100,13
2025-06-27 16,91,83,107,13
2025-06-27 17,90,83,95,11
2025-06-27 18,87,78,91,12
2025-06-27 19,84,76,90,13
2025-06-27 20,78,76,79,2
2025-06-28 13,80,80,81,2
2025-06-28 14,77,67,93,12
2025-06-28 15,70,59,93,15
2025-06-28 16,72,63,88,14
2025-06-28 17,72,64,100,14
2025-06-28 18,83,59,105,92
2025-06-28 19,70,64,74,12
2025-06-28 20,70,61,118,13
2025-06-28 21,78,64,140,15
2025-06-28 22,64,58,68,14
2025-06-28 23,59,52,72,14
2025-06-29 00,51,49,53,14
2025-06-29 01,56,51,59,15
2025-06-29 02,52,48,59,13
2025-06-29 03,52,48,58,15
2025-06-29 04,53,46,63,14
2025-06-29 05,99,59,138,9
2025-06-29 06,104,90,140,46
2025-06-29 07,93,84,104,12
2025-06-29 08,81,71,90,11
2025-06-29 09,88,78,95,18
2025-06-29 10,75,68,86,9
2025-06-30 04,57,52,64,9
2025-06-30 05,73,63,101,10
2025-06-30 06,73,65,95,13
2025-06-30 07,71,65,78,15
2025-06-30 08,85,61,124,12
2025-06-30 09,110,84,124,55
2025-06-30 10,87,77,97,16
2025-06-30 11,85,80,90,14
2025-06-30 12,78,64,90,12
2025-06-30 13,75,66,84,13
2025-06-30 14,90,63,107,38
2025-06-30 15,70,64,76,14
2025-06-30 16,85,77,94,11
2025-06-30 17,75,70,96,12
2025-06-30 18,72,67,77,12
2025-06-30 19,77,66,105,15
2025-06-30 20,71,63,87,13
2025-06-30 21,77,72,106,14
2025-06-30 22,66,59,72,14
2025-06-30 23,65,59,94,14
2025-07-01 00,62,57,90,14
2025-07-01 01,65,56,82,14
2025-07-01 02,58,54,63,15
2025-07-01 03,59,55,63,14
2025-07-01 04,58,56,60,5
2025-07-02 05,90,77,100,4
2025-07-02 06,74,64,90,14
2025-07-02 07,73,58,95,20
2025-07-02 08,100,66,133,28
2025-07-02 09,99,80,127,34
2025-07-02 10,82,72,99,11
2025-07-02 11,73,66,79,11
2025-07-02 12,75,60,110,10
2025-07-02 13,81,71,105,47
2025-07-02 14,79,71,101,8
2025-07-02 15,79,68,91,12
2025-07-02 16,83,71,96,11
2025-07-02 17,78,69,93,12
2025-07-02 18,80,73,84,15
2025-07-02 19,76,70,79,14
2025-07-02 20,60,56,67,12
2025-07-03 05,81,76,87,3
2025-07-03 06,82,68,98,16
2025-07-03 07,98,71,115,152
2025-07-03 08,98,70,131,9
2025-07-03 09,116,91,126,46
2025-07-03 10,84,79,93,14
2025-07-03 11,84,79,88,15
2025-07-03 12,87,84,100,15
2025-07-03 13,85,79,96,15
2025-07-03 14,84,75,95,13
2025-07-03 15,85,78,94,13
2025-07-03 16,85,81,90,12
2025-07-03 17,77,70,83,13
2025-07-03 18,75,58,94,11
2025-07-03 19,71,63,74,15
2025-07-03 20,70,63,73,15
2025-07-03 21,75,72,80,7
2025-07-04 05,81,68,90,5
2025-07-04 06,73,68,82,15
2025-07-04 07,71,66,80,11
2025-07-04 08,102,64,136,6
2025-07-04 09,100,74,126,45
2025-07-04 10,81,75,85,14
2025-07-04 11,79,73,84,14
2025-07-04 12,76,72,96,13
2025-07-04 13,80,72,93,4
2025-07-04 14,76,71,86,14
2025-07-04 15,68,59,87,12
2025-07-04 16,77,63,95,12
2025-07-04 17,85,75,90,12
2025-07-04 18,67,58,79,14
2025-07-04 19,74,60,84,12
2025-07-04 20,76,70,92,13
2025-07-04 21,73,67,90,11
2025-07-07 11,86,73,153,15
2025-07-07 12,132,109,151,15
2025-07-07 13,93,84,109,16
2025-07-07 14,77,67,85,14
2025-07-07 15,83,74,94,14
2025-07-07 16,95,79,109,10
2025-07-07 17,94,84,111,15
2025-07-07 18,86,79,102,14
2025-07-07 19,80,73,91,14
2025-07-07 20,75,71,87,13
2025-07-07 21,73,67,85,4
2025-07-08 13,94,75,135,8
2025-07-08 14,115,103,130,34
2025-07-08 15,85,77,94,14
2025-07-08 16,82,79,87,8
2025-07-08 17,81,75,85,13
2025-07-08 18,84,72,95,15
2025-07-08 19,79,74,90,13
2025-07-08 20,72,68,79,14
2025-07-09 05,74,72,75,7
2025-07-09 06,76,67,89,12
2025-07-09 07,88,68,135,9
2025-07-09 08,98,86,128,30
2025-07-09 09,75,67,81,16
2025-07-09 10,75,67,85,11
2025-07-09 11,74,71,79,15
2025-07-09 12,72,66,77,13
2025-07-09 13,71,65,75,15
2025-07-09 14,78,65,92,16
2025-07-09 15,72,61,86,12
2025-07-09 16,82,70,90,10
2025-07-09 17,88,84,103,14
2025-07-09 18,88,68,103,14
2025-07-09 19,80,73,90,14
2025-07-09 20,71,60,90,14
2025-07-11 05,76,65,95,6
2025-07-11 06,66,58,73,15
2025-07-11 07,68,56,88,17
2025-07-11 08,115,100,137,9
2025-07-11 09,94,74,107,34
2025-07-11 10,76,70,84,12
2025-07-11 11,72,67,81,14
2025-07-11 12,89,65,121,42
2025-07-11 13,74,67,89,13
2025-07-11 14,83,72,93,10
2025-07-11 15,84,77,99,9
2025-07-11 16,96,87,104,13
2025-07-11 17,96,90,105,13
2025-07-11 18,86,79,101,14
2025-07-11 19,78,72,90,13
2025-07-11 20,75,64,84,13
2025-07-11 21,64,59,88,14
2025-07-11 22,63,56,71,13
2025-07-11 23,64,59,70,16
2025-07-12 00,62,57,68,14
2025-07-12 01,59,57,63,14
2025-07-12 02,59,52,65,13
2025-07-12 03,57,53,61,15
2025-07-12 04,57,52,60,14
2025-07-12 05,60,55,63,11
2025-07-14 06,75,59,95,12
2025-07-14 07,85,69,131,12
2025-07-14 08,99,80,130,34
2025-07-14 09,88,74,111,18
2025-07-14 10,81,73,85,15
2025-07-14 11,77,67,86,12
2025-07-14 12,78,74,84,15
2025-07-14 13,74,71,84,14
2025-07-14 14,79,68,87,12
2025-07-14 15,82,73,92,14
2025-07-14 16,80,74,87,14
2025-07-14 17,83,73,95,12
2025-07-14 18,87,72,103,16
2025-07-14 19,80,73,96,14
2025-07-14 20,79,66,89,13
2025-07-14 21,83,70,108,13
2025-07-14 22,74,71,80,3
2025-07-15 05,89,81,102,5
2025-07-15 06,80,64,104,13
2025-07-15 07,100,76,126,42
2025-07-15 08,103,83,114,42
2025-07-15 09,83,79,99,15
2025-07-15 10,86,70,113,117
2025-07-15 11,81,67,98,41
2025-07-15 12,91,84,99,14
2025-07-15 13,88,80,97,12
2025-07-15 14,83,79,87,13
2025-07-15 15,89,82,98,13
2025-07-15 16,93,79,105,12
2025-07-15 17,89,79,99,14
2025-07-15 18,91,84,104,11
2025-07-15 19,78,70,86,15
2025-07-15 20,74,67,84,13
2025-07-15 21,73,67,80,14
2025-07-15 22,66,62,72,15
2025-07-15 23,66,60,75,14
2025-07-16 00,61,58,67,14
2025-07-16 01,60,58,63,15
2025-07-16 02,60,53,64,13
2025-07-16 03,61,55,68,15
2025-07-16 04,65,63,71,5
2025-07-16 07,82,78,90,13
2025-07-16 08,114,81,129,4
2025-07-16 09,90,74,114,67
2025-07-16 10,79,73,84,13
2025-07-16 11,92,70,104,25
2025-07-17 06,81,75,86,5
2025-07-17 07,79,71,88,14
2025-07-17 08,80,73,94,15
2025-07-17 09,77,70,84,12
2025-07-17 10,81,70,114,15
2025-07-17 11,99,84,119,12
2025-07-17 12,93,83,102,52
2025-07-17 13,88,80,94,13
2025-07-17 14,80,72,86,14
2025-07-17 15,77,71,93,14
2025-07-17 16,82,71,91,12
2025-07-17 17,87,80,103,12
2025-07-17 18,80,76,84,14
2025-07-17 19,83,79,100,14
2025-07-17 20,75,72,80,9
2025-07-19 07,123,82,137,4
2025-07-19 08,115,93,138,42
2025-07-19 09,100,92,104,12
2025-07-19 10,101,95,112,14
2025-07-19 11,89,85,96,5
2025-07-19 12,87,80,99,15
2025-07-19 13,84,75,94,16
2025-07-19 14,81,76,87,10
2025-07-19 15,86,75,100,5
2025-07-19 16,78,75,83,8
2025-07-19 17,74,59,92,8
2025-07-19 18,91,65,105,20
2025-07-19 19,81,72,90,13
2025-07-19 20,85,72,96,13
2025-07-19 21,80,70,92,12
2025-07-19 22,75,65,89,13
2025-07-19 23,97,60,119,43
2025-07-20 00,57,53,63,13
2025-07-20 01,56,53,59,13
2025-07-20 02,55,52,60,13
2025-07-20 03,56,53,59,15
2025-07-20 04,59,54,64,14
2025-07-20 05,60,58,67,13
2025-07-20 06,66,64,67,2
2025-07-21 05,76,64,94,14
2025-07-21 06,79,71,102,15
2025-07-21 07,92,80,128,10
2025-07-21 08,108,95,123,45
2025-07-21 09,90,83,99,15
2025-07-21 10,91,83,105,12
2025-07-21 11,84,73,99,14
2025-07-21 12,89,80,113,14
2025-07-21 13,83,79,85,10
2025-07-22 13,94,72,142,11
2025-07-22 14,121,82,143,29
2025-07-22 15,88,81,97,13
2025-07-22 16,87,80,97,15
2025-07-22 17,92,84,99,11
2025-07-22 18,80,73,88,13
2025-07-22 19,79,74,83,9
2025-07-23 06,85,74,106,8
2025-07-23 07,96,73,130,11
2025-07-23 08,110,93,124,43
2025-07-23 09,91,83,100,14
2025-07-23 10,90,84,98,13
2025-07-23 11,81,73,91,14
2025-07-23 12,80,73,85,13
2025-07-23 13,81,74,84,14
2025-07-23 14,78,72,88,14
2025-07-23 15,81,72,88,12
2025-07-23 16,83,72,87,14
2025-07-23 17,85,77,95,14
2025-07-23 18,79,74,87,10
2025-07-24 10,66,66,66,1
2025-07-24 11,75,63,126,12
2025-07-24 12,106,91,135,27
2025-07-24 13,82,77,100,18
2025-07-24 14,83,72,105,13
2025-07-24 15,76,64,87,15
2025-07-24 16,95,80,113,19
2025-07-24 17,95,80,110,24
2025-07-24 18,94,84,100,6
2025-07-24 19,86,77,99,15
2025-07-24 20,74,68,85,14
2025-07-24 21,74,67,80,16
2025-07-24 22,65,60,71,13
2025-07-24 23,60,58,65,16
2025-07-25 00,62,58,69,14
2025-07-25 01,67,63,72,14
2025-07-25 02,65,60,69,14
2025-07-25 03,59,55,63,15
2025-07-25 04,64,58,80,6
2025-07-28 06,73,67,85,4
2025-07-28 07,86,65,132,16
2025-07-28 08,102,87,135,39
2025-07-28 09,87,74,105,17
2025-07-28 10,83,79,91,13
2025-07-28 11,84,80,88,5
2025-07-28 14,102,68,140,43
2025-07-28 15,86,71,99,15
2025-07-28 16,85,72,95,14
2025-07-28 17,85,79,92,15
2025-07-28 18,90,84,106,13
2025-07-28 19,83,73,103,14
2025-07-28 20,72,63,85,14
2025-07-28 21,61,59,64,13
2025-07-28 22,62,58,71,15
2025-07-28 23,59,54,66,14
2025-07-29 00,60,55,76,15
2025-07-29 01,63,55,70,14
2025-07-29 02,58,55,65,15
2025-07-29 03,55,51,68,15
2025-07-29 04,62,54,70,14
2025-07-29 05,59,56,64,11
2025-07-29 06,86,72,99,13
2025-07-29 07,92,73,131,8
2025-07-29 08,113,92,130,27
2025-07-29 09,85,80,93,14
2025-07-29 10,72,70,75,12
2025-07-29 11,69,66,71,13
2025-07-29 12,71,65,75,3
2025-07-30 06,82,66,125,16
2025-07-30 07,102,91,132,25
2025-07-30 08,93,76,106,25
2025-07-30 09,83,80,84,13
2025-07-30 10,80,71,108,13
2025-07-30 11,70,64,80,14
2025-07-30 12,68,63,79,12
2025-07-30 13,98,83,113,10
2025-07-30 14,97,69,134,38
2025-07-30 15,76,68,86,12
2025-07-30 16,83,75,95,13
2025-07-30 17,87,67,104,16
2025-07-30 18,91,84,105,15
2025-07-30 19,99,88,114,13
2025-07-30 20,84,78,98,15
2025-07-30 21,77,72,98,7
2025-07-31 11,84,75,103,9
2025-07-31 12,115,93,128,26
2025-07-31 13,96,84,116,15
2025-07-31 14,82,76,85,15
2025-07-31 15,96,72,109,46
2025-07-31 16,83,73,96,15
2025-07-31 17,90,74,110,12
2025-07-31 18,95,84,114,14
2025-07-31 19,86,84,95,11
2025-07-31 20,86,83,94,14
2025-07-31 21,82,74,89,10
2025-08-03 18,94,80,128,121
2025-08-03 19,86,73,99,28
2025-08-03 20,79,72,84,15
2025-08-03 21,72,72,72,1
2025-08-04 08,93,80,103,3
2025-08-04 09,96,95,97,3
2025-08-04 10,76,64,95,48
2025-08-04 11,84,66,138,13
2025-08-04 12,101,85,135,25
2025-08-04 13,91,79,104,10
2025-08-04 14,82,70,104,12
2025-08-04 15,77,70,86,13
2025-08-04 16,81,75,85,13
2025-08-04 17,84,76,90,12
2025-08-04 18,77,72,88,5
2025-08-05 05,78,74,83,4
2025-08-05 06,80,75,85,15
2025-08-05 07,82,73,87,13
2025-08-05 08,73,59,82,15
2025-08-05 09,73,62,88,11
2025-08-05 10,86,65,123,9
2025-08-05 11,109,91,117,31
2025-08-05 12,93,80,107,23
2025-08-05 13,82,78,88,12
2025-08-05 14,80,73,93,13
2025-08-05 15,84,76,97,12
2025-08-05 16,81,71,87,12
2025-08-05 17,82,74,94,14
2025-08-05 18,86,80,97,12
2025-08-05 19,79,74,83,16
2025-08-05 20,72,64,79,13
2025-08-07 06,76,72,83,9
2025-08-07 07,71,58,84,19
2025-08-07 08,69,66,85,13
2025-08-07 09,71,64,98,14
2025-08-07 10,74,55,84,12
2025-08-07 11,86,71,130,186
2025-08-07 12,72,64,85,13
2025-08-07 13,97,81,145,58
2025-08-07 14,98,63,125,166
2025-08-07 15,92,89,100,8
2025-08-07 16,94,80,107,31
2025-08-07 17,83,75,86,11
2025-08-07 18,78,72,91,14
2025-08-07 19,86,78,100,12
2025-08-08 06,123,99,133,4
2025-08-08 07,104,83,121,54
2025-08-08 08,90,80,98,10
2025-08-08 09,86,84,87,2
2025-08-10 05,85,67,101,10
2025-08-10 06,84,75,98,11
2025-08-10 07,94,73,119,26
2025-08-10 08,81,71,108,14
2025-08-10 09,110,86,136,7
2025-08-10 10,91,81,105,10
2025-08-10 11,83,79,87,11
2025-08-10 12,88,80,109,12
2025-08-10 13,86,79,97,15
2025-08-10 14,75,63,87,13
2025-08-10 15,86,79,93,12
2025-08-10 16,83,73,93,14
2025-08-10 17,87,82,94,13
2025-08-10 18,85,84,90,14
2025-08-10 19,85,79,110,11
2025-08-10 20,83,79,95,16
2025-08-10 21,82,75,94,12
2025-08-10 22,73,63,84,16
2025-08-10 23,62,59,63,13
2025-08-11 00,61,54,67,16
2025-08-11 01,56,53,60,13
2025-08-11 02,58,52,64,16
2025-08-11 03,56,55,58,13
2025-08-11 04,59,57,63,9
2025-08-11 05,78,71,83,3
2025-08-11 06,78,67,91,16
2025-08-11 07,111,68,132,6
2025-08-11 08,96,77,107,36
2025-08-11 09,84,80,88,12
2025-08-11 10,82,71,87,15
2025-08-11 11,83,75,89,12
2025-08-11 12,87,76,96,13
2025-08-11 13,83,71,99,33
2025-08-11 14,76,65,86,14
2025-08-12 04,64,64,64,1
2025-08-12 05,87,65,118,11
2025-08-12 06,91,80,120,17
2025-08-12 07,111,102,123,33
2025-08-12 08,105,84,127,29
2025-08-12 09,75,72,84,11
2025-08-12 10,71,61,97,16
2025-08-12 11,109,104,112,3
2025-08-12 12,91,84,98,50
2025-08-12 13,86,78,97,15
2025-08-12 14,82,76,84,15
2025-08-12 15,79,73,84,11
2025-08-12 16,81,72,86,11
2025-08-12 17,85,75,104,12
2025-08-12 18,77,71,87,13
2025-08-12 19,81,76,90,15
2025-08-12 20,82,78,91,14
2025-08-12 21,77,71,91,14
2025-08-12 22,68,64,73,8
2025-08-13 05,73,63,100,17
2025-08-13 06,79,68,101,10
2025-08-13 07,101,64,128,7
2025-08-13 08,92,71,102,60
2025-08-13 09,77,71,84,14
2025-08-13 10,77,71,84,13
2025-08-13 11,75,69,84,12
2025-08-13 12,71,66,76,14
2025-08-13 13,73,70,77,11
2025-08-13 14,91,69,122,8
2025-08-13 15,96,81,113,117
2025-08-13 16,86,73,102,13
2025-08-13 17,93,79,112,29
2025-08-13 18,84,74,106,15
2025-08-13 19,79,71,106,14
2025-08-13 20,77,72,88,13
2025-08-13 21,76,72,80,5
2025-08-14 05,74,71,78,3
2025-08-14 06,77,70,88,11
2025-08-14 07,91,73,121,12
2025-08-14 08,114,93,126,31
2025-08-14 09,89,80,100,17
2025-08-14 10,90,82,105,17
2025-08-14 11,89,71,109,51
2025-08-14 12,84,66,103,10
2025-08-14 13,95,83,114,9
2025-08-14 14,85,79,104,13
2025-08-14 15,76,70,85,12
2025-08-14 16,73,68,77,10
2025-08-14 17,77,66,89,16
2025-08-14 18,81,71,86,14
2025-08-14 19,84,80,88,14
2025-08-14 20,81,74,93,13
2025-08-15 06,74,63,86,11
2025-08-15 07,93,67,133,7
2025-08-15 08,96,84,126,49
2025-08-15 09,81,70,100,15
2025-08-15 10,76,67,94,13
2025-08-15 11,80,65,95,14
2025-08-15 12,72,63,81,13
2025-08-15 13,69,63,77,20
2025-08-15 14,72,63,78,11
2025-08-15 15,79,65,100,16
2025-08-15 16,82,76,90,16
2025-08-15 17,82,71,98,12
2025-08-15 18,73,63,79,12
2025-08-15 19,83,78,90,14
2025-08-15 20,75,60,84,16
2025-08-15 21,64,56,71,7
2025-08-16 14,99,75,140,9
2025-08-16 15,114,90,142,43
2025-08-16 16,96,90,103,13
2025-08-16 17,95,85,99,12
2025-08-16 18,88,78,99,15
2025-08-16 19,87,84,91,12
2025-08-16 20,81,76,90,11
2025-08-17 07,74,66,83,11
2025-08-17 08,73,60,92,16
2025-08-17 09,90,65,115,86
2025-08-17 10,71,64,84,18
2025-08-17 11,78,71,86,12
2025-08-17 12,72,66,80,10
2025-08-17 13,79,71,96,12
2025-08-17 14,76,70,87,18
2025-08-17 15,71,64,79,13
2025-08-17 16,77,68,88,13
2025-08-17 17,80,75,88,13
2025-08-17 18,78,73,84,14
2025-08-17 19,79,72,85,13
2025-08-17 20,70,63,82,15
2025-08-17 21,69,59,84,13
2025-08-19 07,123,82,141,6
2025-08-19 08,103,89,125,45
2025-08-19 09,92,85,98,14
2025-08-19 10,89,84,96,11
2025-08-19 11,81,72,86,15
2025-08-19 12,76,66,83,11
2025-08-19 13,81,78,89,14
2025-08-19 14,83,71,91,12
2025-08-19 15,86,74,107,14
2025-08-19 16,84,75,94,11
2025-08-19 17,83,72,89,13
2025-08-19 18,89,73,99,7
2025-08-19 19,84,69,98,13
2025-08-19 20,70,64,84,15
2025-08-19 21,68,63,72,13
2025-08-19 22,66,62,71,14
2025-08-19 23,64,61,68,14
2025-08-20 00,61,59,64,3
2025-08-20 06,86,75,104,11
2025-08-20 07,103,78,125,14
2025-08-20 08,97,84,121,45
2025-08-20 09,82,73,93,13
2025-08-20 10,73,69,79,14
2025-08-20 11,86,74,101,26
2025-08-20 12,87,79,99,9
2025-08-20 13,85,79,90,13
2025-08-20 14,91,73,103,24
2025-08-20 15,81,77,89,9
2025-08-21 05,63,63,63,1
2025-08-21 06,69,57,84,13
2025-08-21 07,70,60,86,12
2025-08-21 08,66,58,79,13
2025-08-21 09,72,67,79,8
2025-08-21 10,107,72,134,19
2025-08-21 11,82,69,92,13
2025-08-21 12,76,65,107,12
2025-08-21 13,80,73,97,12
2025-08-21 14,76,66,90,13
2025-08-21 15,70,65,79,13
2025-08-21 16,72,67,75,13
2025-08-21 17,83,66,109,29
2025-08-21 18,71,63,84,13
2025-08-21 19,96,77,104,46
2025-08-21 20,85,79,99,13
2025-08-21 21,94,63,113,23
2025-08-21 22,70,63,74,15
2025-08-21 23,66,58,73,14
2025-08-22 00,63,57,70,15
2025-08-22 01,63,55,69,14
2025-08-22 02,63,59,75,15
2025-08-22 03,57,54,59,12
2025-08-22 04,62,55,90,11
2025-08-23 11,76,67,95,9
2025-08-23 12,82,67,92,23
2025-08-23 13,87,66,107,26
2025-08-23 14,75,65,98,15
2025-08-23 15,65,61,72,12
2025-08-23 16,68,61,75,14
2025-08-23 17,99,63,138,6
2025-08-23 18,105,84,135,34
2025-08-23 19,85,80,94,14
2025-08-23 20,75,69,87,14
2025-08-23 21,67,61,73,13
2025-08-23 22,62,59,66,15
2025-08-23 23,60,56,64,14
2025-08-24 00,59,57,64,14
2025-08-24 01,58,58,59,4
2025-08-24 05,76,62,130,12
2025-08-24 06,87,77,119,45
2025-08-24 07,75,68,92,13
2025-08-24 08,79,73,88,7
2025-08-24 09,82,70,100,13
2025-08-24 10,100,72,111,38
2025-08-24 11,82,71,104,17
2025-08-24 12,72,66,79,12
2025-08-24 13,83,70,99,19
2025-08-24 14,71,67,81,14
2025-08-24 15,64,56,73,13
2025-08-24 16,65,55,75,14
2025-08-24 17,77,60,104,18
2025-08-24 18,69,59,93,15
2025-08-24 19,74,63,87,12
2025-08-24 20,76,70,88,16
2025-08-24 21,67,59,82,12
2025-08-24 22,62,59,64,4
2025-08-25 04,74,64,84,2
2025-08-25 05,69,58,89,15
2025-08-25 06,74,65,94,14
2025-08-25 07,107,88,135,554
2025-08-25 08,87,71,106,37
2025-08-25 09,74,63,88,13
2025-08-25 10,71,67,74,14
2025-08-25 11,94,91,97,4
2025-08-26 06,68,60,76,5
2025-08-26 07,94,60,132,9
2025-08-26 08,95,76,118,57
2025-08-26 09,77,70,92,14
2025-08-27 06,76,65,100,14
2025-08-27 07,101,76,129,8
2025-08-27 08,112,92,131,41
2025-08-27 09,85,84,88,13
2025-08-27 10,84,79,87,15
2025-08-27 11,90,84,104,5
2025-08-28 06,72,67,75,7
2025-08-28 07,89,71,137,8
2025-08-28 08,98,80,130,48
2025-08-28 09,83,72,103,16
2025-08-28 10,75,65,86,13
2025-08-28 11,77,66,105,13
2025-08-28 12,75,67,85,12
2025-08-28 13,78,68,84,6
2025-08-29 06,74,66,81,14
2025-08-29 07,94,69,119,11
2025-08-29 08,110,88,122,50
2025-08-29 09,82,74,88,12
2025-08-29 10,78,55,87,14
2025-08-29 11,79,71,86,12
2025-08-29 12,83,74,90,16
2025-08-29 13,79,69,98,14
2025-08-29 14,86,76,101,16
2025-08-29 15,83,73,91,13
2025-08-29 16,74,66,90,13
2025-08-30 08,72,60,96,9
2025-08-30 09,70,60,81,14
2025-08-30 10,75,71,84,13
2025-08-30 11,99,73,113,36
2025-08-30 12,90,66,98,64
2025-08-30 13,85,65,99,31
2025-08-30 14,71,66,77,13
2025-08-30 15,74,67,80,11
2025-08-30 16,80,72,88,12
2025-08-30 17,76,64,86,13
2025-08-30 18,80,73,89,14
2025-08-30 19,87,73,98,14
2025-08-30 20,69,57,85,15
2025-08-30 21,69,59,84,14
2025-08-30 22,60,58,63,14
2025-08-30 23,60,56,64,14
2025-08-31 00,60,58,64,13
2025-08-31 01,60,58,65,14
2025-08-31 02,59,55,69,15
2025-08-31 03,59,53,63,14
2025-08-31 04,54,47,59,15
2025-08-31 05,59,54,69,14
2025-08-31 06,70,65,83,9
2025-09-01 05,54,54,55,2
2025-09-01 06,78,53,136,10
2025-09-01 07,110,97,139,44
2025-09-01 08,91,84,98,16
2025-09-01 09,86,78,100,14
2025-09-01 10,84,80,89,14
2025-09-01 11,83,79,85,12
2025-09-01 12,81,74,84,14
2025-09-01 13,81,76,84,13
2025-09-01 14,76,71,93,15
2025-09-01 15,75,66,91,14
2025-09-01 16,79,67,92,11
2025-09-01 17,82,77,90,11
2025-09-01 18,75,70,85,12
2025-09-01 19,72,67,85,10
2025-09-02 12,140,140,140,1
2025-09-02 13,138,134,140,3
2025-09-02 14,103,88,115,38
2025-09-02 15,85,79,93,13
2025-09-02 16,87,74,96,15
2025-09-02 17,94,78,119,16
2025-09-02 18,85,79,91,13
2025-09-02 19,84,79,90,13
2025-09-02 20,84,77,94,15
2025-09-02 21,71,59,79,14
2025-09-02 22,61,54,70,15
2025-09-02 23,62,57,70,14
2025-09-03 00,64,54,68,15
2025-09-03 01,58,53,65,14
2025-09-03 02,60,55,66,15
2025-09-03 03,58,52,66,14
2025-09-03 04,59,52,64,15
2025-09-03 05,80,67,103,13
2025-09-03 06,80,71,102,14
2025-09-03 07,104,83,126,15
2025-09-04 05,65,65,65,1
2025-09-04 06,71,62,83,14
2025-09-04 07,68,60,75,14
2025-09-04 08,70,65,81,11
2025-09-04 09,81,66,98,16
2025-09-04 10,76,71,86,11
2025-09-04 11,74,60,103,15
2025-09-04 12,138,136,139,3
2025-09-04 13,90,75,117,50
2025-09-04 14,78,73,86,11
2025-09-04 15,88,79,99,10
2025-09-04 16,86,82,91,13
2025-09-04 17,84,73,93,16
2025-09-04 18,80,74,84,13
2025-09-04 19,86,73,100,27
2025-09-04 20,71,67,80,16
2025-09-04 21,69,67,72,15
2025-09-04 22,67,63,72,14
2025-09-04 23,62,58,72,14
2025-09-05 00,64,56,72,14
2025-09-05 01,61,57,67,14
2025-09-05 02,57,54,59,12
2025-09-05 03,61,56,68,15
2025-09-05 04,55,53,58,12
2025-09-05 07,90,64,119,9
2025-09-05 08,101,88,120,38
2025-09-05 09,84,71,103,18
2025-09-05 10,70,64,78,11
2025-09-05 11,72,65,81,12
2025-09-05 12,74,69,78,12
2025-09-05 13,75,71,80,12
2025-09-05 14,78,59,92,12
2025-09-05 15,78,72,87,14
2025-09-05 16,85,77,95,12
2025-09-05 17,86,82,93,5
2025-09-08 06,68,61,92,9
2025-09-08 07,89,56,116,7
2025-09-08 08,101,79,135,50
2025-09-08 09,78,73,84,13
2025-09-08 10,80,75,85,12
2025-09-08 11,79,74,87,12
2025-09-08 12,75,63,94,15
2025-09-08 13,72,65,77,14
2025-09-08 14,76,70,83,13
2025-09-08 15,79,70,89,12
2025-09-08 16,72,66,82,14
2025-09-08 17,81,72,98,13
2025-09-08 18,77,72,84,16
2025-09-08 19,72,59,84,13
2025-09-08 20,66,58,72,14
2025-09-08 21,65,59,70,15
2025-09-08 22,60,54,67,14
2025-09-08 23,58,53,64,14
2025-09-09 00,55,52,63,15
2025-09-09 01,57,50,64,15
2025-09-09 02,58,52,70,13
2025-09-09 03,58,52,64,14
2025-09-09 04,53,46,56,14
2025-09-09 05,55,52,59,7
2025-09-09 07,139,139,140,3
2025-09-09 08,115,91,140,42
2025-09-09 09,89,83,98,12
2025-09-09 10,85,72,94,13
2025-09-09 11,79,73,88,13
2025-09-09 12,88,72,124,29
2025-09-09 13,83,78,87,13
2025-09-09 14,93,70,122,66
2025-09-09 15,81,74,85,12
2025-09-09 16,83,74,99,15
2025-09-09 17,84,72,97,13
2025-09-09 18,89,79,108,14
2025-09-09 19,82,79,92,13
2025-09-09 20,69,63,76,15
2025-09-09 21,64,62,69,14
2025-09-09 22,64,59,85,14
2025-09-09 23,57,53,64,13
2025-09-10 00,57,53,63,15
2025-09-10 01,57,54,63,13
2025-09-10 02,57,53,60,15
2025-09-10 03,53,49,58,14
2025-09-10 04,55,50,61,15
2025-09-10 05,66,66,66,1
2025-09-10 06,73,65,88,15
2025-09-10 07,109,66,132,42
2025-09-10 08,92,74,106,15
2025-09-10 09,71,64,77,13
2025-09-10 10,65,58,72,12
2025-09-10 11,64,54,70,12
2025-09-10 12,74,65,87,12
2025-09-10 13,81,69,88,12
2025-09-10 14,73,66,97,13
2025-09-10 15,74,69,81,11
2025-09-10 16,82,72,88,10
2025-09-10 17,85,80,90,11
2025-09-10 18,91,91,91,2
2025-09-11 07,140,139,141,3
2025-09-11 08,113,91,141,51
2025-09-11 09,89,84,94,14
2025-09-11 10,89,83,96,11
2025-09-11 11,85,81,90,13
2025-09-11 12,86,68,101,40
2025-09-11 13,87,78,97,14
2025-09-11 14,90,82,98,14
2025-09-11 15,91,79,100,13
2025-09-11 16,89,84,101,11
2025-09-11 17,89,84,100,14
2025-09-11 18,84,79,100,15
2025-09-11 19,78,73,86,12
2025-09-11 20,76,68,99,16
2025-09-11 21,67,61,90,12
2025-09-11 22,72,63,104,9
2025-09-12 06,78,70,93,8
2025-09-12 07,85,70,119,13
2025-09-12 08,106,70,124,73
2025-09-12 09,84,78,90,14
2025-09-12 10,77,68,89,14
2025-09-12 11,94,70,118,30
2025-09-12 12,95,80,107,31
2025-09-12 13,84,80,98,13
2025-09-12 14,80,74,88,10
2025-09-12 15,76,70,90,13
2025-09-12 16,77,71,84,13
2025-09-12 17,80,74,87,11
2025-09-12 18,90,80,96,13
2025-09-12 19,91,80,100,13
2025-09-12 20,82,75,89,14
2025-09-12 21,81,71,97,14
2025-09-12 22,73,67,78,15
2025-09-15 06,68,59,90,10
2025-09-15 07,105,66,128,44
2025-09-15 08,92,79,108,16
2025-09-15 09,80,71,93,13
2025-09-15 10,76,73,79,12
2025-09-15 11,73,67,78,14
2025-09-15 12,76,65,89,9
2025-09-15 13,75,69,83,13
2025-09-15 14,73,59,86,13
2025-09-15 15,81,70,100,13
2025-09-15 16,83,79,89,11
2025-09-15 17,76,66,92,13
2025-09-15 18,81,70,90,11
2025-09-15 19,79,72,93,15
2025-09-15 20,69,62,86,14
2025-09-16 05,80,74,85,4
2025-09-16 06,83,73,91,12
2025-09-16 07,78,70,96,15
2025-09-16 08,69,60,79,13
2025-09-16 09,66,61,73,14
2025-09-16 10,73,66,85,11
2025-09-16 11,72,69,77,15
2025-09-16 12,79,66,96,13
2025-09-16 13,99,75,122,26
2025-09-16 14,78,71,96,14
2025-09-16 15,85,71,90,12
2025-09-16 16,86,79,96,13
2025-09-16 17,88,71,102,13
2025-09-16 18,82,73,85,11
2025-09-16 19,74,65,89,15
2025-09-16 20,74,71,83,13
2025-09-16 21,73,64,87,13
2025-09-16 22,63,58,72,15
2025-09-16 23,58,54,65,14
2025-09-17 00,57,53,65,14
2025-09-17 01,55,52,60,11
2025-09-17 02,58,50,63,8
2025-09-17 03,57,53,63,13
2025-09-17 04,54,52,58,16
2025-09-17 05,60,55,64,10
2025-09-17 12,84,64,146,10
2025-09-17 13,128,105,149,26
2025-09-17 14,94,84,103,16
2025-09-17 15,94,83,103,13
2025-09-17 16,96,85,111,12
2025-09-17 17,90,83,101,15
2025-09-17 18,90,84,107,13
2025-09-17 19,86,83,93,13
2025-09-17 20,86,78,120,16
2025-09-17 21,83,71,104,14
2025-09-17 22,67,59,79,16
2025-09-17 23,68,59,76,13
2025-09-18 00,68,63,75,16
2025-09-18 01,66,63,71,13
2025-09-18 02,67,63,74,15
2025-09-18 03,63,58,70,13
2025-09-18 04,63,61,66,6
2025-09-18 05,78,67,86,8
2025-09-18 06,80,70,108,15
2025-09-18 07,74,64,96,16
2025-09-18 08,69,63,84,12
2025-09-18 09,69,63,82,13
2025-09-18 10,95,69,122,8
2025-09-18 11,108,87,119,49
2025-09-18 12,89,82,98,14
2025-09-18 13,87,83,92,13
2025-09-18 14,86,79,94,15
2025-09-18 15,85,83,93,11
2025-09-18 16,89,77,98,11
2025-09-18 17,98,88,106,20
2025-09-18 18,82,77,87,15
2025-09-18 19,83,79,90,15
2025-09-18 20,74,71,79,10
2025-09-19 09,145,145,145,1
2025-09-19 10,140,139,141,3
2025-09-19 11,111,51,130,50
2025-09-19 12,92,81,99,15
2025-09-19 13,83,73,96,13
2025-09-19 14,80,72,96,15
2025-09-19 15,85,70,102,45
2025-09-19 16,81,70,92,13
2025-09-19 17,98,81,119,19
2025-09-19 18,82,79,90,14
2025-09-19 19,87,75,94,13
2025-09-19 20,73,63,91,15
2025-09-19 21,76,72,86,13
2025-09-19 22,71,66,84,15
2025-09-19 23,69,65,89,9
2025-09-22 05,80,73,89,6
2025-09-22 06,74,66,85,14
2025-09-22 07,80,70,90,13
2025-09-22 08,75,67,88,15
2025-09-22 09,73,61,81,13
2025-09-22 10,76,68,83,11
2025-09-22 11,73,63,102,15
2025-09-22 12,101,70,139,16
2025-09-22 13,113,94,130,23
2025-09-22 14,89,76,103,32
2025-09-22 15,78,73,84,12
2025-09-22 16,79,66,90,16
2025-09-22 17,79,70,95,13
2025-09-22 18,81,66,100,22
2025-09-22 19,94,68,104,57
2025-09-22 20,86,69,109,94
2025-09-22 21,72,64,93,16
2025-09-22 22,71,66,85,5
2025-09-23 12,146,144,147,4
2025-09-23 13,113,85,130,33
2025-09-23 14,94,87,108,17
2025-09-23 15,93,85,101,14
2025-09-23 16,90,84,99,13
2025-09-23 17,83,79,93,14
2025-09-23 18,89,79,99,15
2025-09-23 19,86,74,107,16
2025-09-23 20,79,71,86,14
2025-09-23 21,76,71,80,15
2025-09-23 22,72,63,105,16
2025-09-23 23,72,64,98,11
2025-09-25 06,70,64,74,10
2025-09-25 07,115,66,134,40
2025-09-25 08,95,84,109,14
2025-09-25 09,83,79,89,13
2025-09-25 10,75,65,82,14
2025-09-25 11,88,69,141,18
2025-09-25 12,81,76,101,12
2025-09-25 13,77,70,83,14
2025-09-25 14,75,64,91,17
2025-09-25 15,81,74,90,10
2025-09-25 16,83,72,92,13
2025-09-25 17,89,66,103,20
2025-09-25 18,82,74,96,12
2025-09-25 19,86,79,92,13
2025-09-25 20,74,62,86,14
2025-09-25 21,70,64,79,10
2025-09-26 06,75,67,91,8
2025-09-26 07,75,63,109,13
2025-09-26 08,94,67,112,21
2025-09-26 09,119,80,136,42
2025-09-26 10,121,113,131,4
2025-09-26 11,115,106,123,5
2025-09-26 12,100,83,119,127
2025-09-26 13,90,85,95,14
2025-09-26 14,88,79,96,11
2025-09-26 15,85,75,93,11
2025-09-26 16,88,80,100,11
2025-09-26 17,83,77,91,12
2025-09-29 13,90,57,130,12
2025-09-29 14,119,92,134,44
2025-09-29 15,91,79,113,16
2025-09-29 16,88,81,95,12
2025-09-29 17,80,64,91,14
2025-09-29 18,81,73,100,11
2025-09-29 19,80,71,100,13
2025-09-29 20,78,72,85,16
2025-09-29 21,68,60,75,13
2025-09-29 22,59,59,60,3
2025-09-30 06,81,81,81,1
2025-09-30 07,83,67,92,42
2025-09-30 08,88,75,114,27
2025-09-30 09,74,68,87,14
2025-09-30 10,78,64,94,15
2025-09-30 11,79,65,91,19
2025-09-30 12,85,70,102,106
2025-09-30 13,83,78,89,12
2025-09-30 14,81,77,87,12
2025-09-30 15,81,72,86,12
2025-09-30 16,84,73,90,13
2025-09-30 17,80,66,93,14
2025-09-30 18,70,63,82,14
2025-09-30 19,74,67,83,13
2025-09-30 20,72,64,79,15
2025-09-30 21,65,59,72,13
2025-09-30 22,65,59,68,15
2025-09-30 23,59,53,63,14
2025-10-01 00,61,53,67,16
2025-10-01 01,59,55,68,13
2025-10-01 02,59,53,64,16
2025-10-01 03,60,57,63,14
2025-10-01 04,61,58,65,14
2025-10-01 05,70,61,84,10
2025-10-01 07,141,141,141,1
2025-10-01 08,146,143,150,3
2025-10-01 09,112,91,140,84
2025-10-01 10,89,84,96,13
2025-10-01 11,82,74,91,13
2025-10-01 12,81,70,86,12
2025-10-01 13,82,67,91,12
2025-10-01 14,74,68,80,12
2025-10-01 15,82,73,91,17
2025-10-01 16,90,71,104,14
2025-10-01 17,95,83,162,14
2025-10-01 18,77,72,84,16
2025-10-01 19,78,72,87,12
2025-10-01 20,69,66,72,16
2025-10-01 21,71,67,74,11
2025-10-01 22,65,60,73,16
2025-10-01 23,62,59,66,14
2025-10-02 00,64,60,72,15
2025-10-02 01,60,58,69,14
2025-10-02 02,63,59,68,15
2025-10-02 03,61,52,67,13
2025-10-02 05,83,78,94,4
2025-10-02 06,74,68,83,15
2025-10-02 07,84,69,112,9
2025-10-02 08,100,83,110,24
2025-10-02 09,76,70,84,12
2025-10-02 10,71,64,86,13
2025-10-02 11,68,64,73,13
2025-10-02 12,70,65,75,12
2025-10-02 13,73,63,79,12
2025-10-02 14,74,65,84,13
2025-10-02 15,73,67,82,12
2025-10-02 16,72,67,81,14
2025-10-02 17,85,65,118,16
2025-10-02 18,85,73,94,11
2025-10-02 19,80,73,86,13
2025-10-02 20,77,64,86,14
2025-10-02 21,82,78,84,14
2025-10-02 22,76,67,88,15
2025-10-02 23,64,59,80,14
2025-10-03 00,62,57,66,15
2025-10-03 01,66,59,73,14
2025-10-03 02,63,59,72,15
2025-10-03 03,60,55,64,14
2025-10-03 04,64,57,74,15
2025-10-03 05,61,56,64,8
2025-10-06 06,79,73,87,8
2025-10-06 07,131,84,152,476
2025-10-06 08,108,84,129,52
2025-10-06 09,83,73,91,13
2025-10-06 10,82,72,87,12
2025-10-06 11,82,75,91,13
2025-10-06 12,82,75,88,12
2025-10-06 13,87,79,111,12
2025-10-06 14,85,75,103,12
2025-10-07 12,66,63,72,6
2025-10-07 13,96,63,108,536
2025-10-07 14,85,62,104,175
2025-10-07 15,76,66,100,12
2025-10-07 16,80,73,100,15
2025-10-07 17,79,72,102,15
2025-10-07 18,86,77,120,15
2025-10-07 19,80,73,99,16
2025-10-07 20,68,61,84,13
2025-10-07 21,64,58,77,15
2025-10-07 22,61,57,65,14
2025-10-07 23,62,58,71,15
2025-10-08 00,59,57,63,14
2025-10-08 01,60,56,64,15
2025-10-08 02,53,52,54,12
2025-10-08 03,55,52,64,14
2025-10-08 04,67,52,106,11
2025-10-08 07,105,85,120,308
2025-10-08 08,102,71,113,508
2025-10-08 09,75,63,84,14
2025-10-08 10,69,56,79,13
2025-10-08 11,87,67,139,226
2025-10-08 12,92,73,119,185
2025-10-08 13,128,72,152,279
2025-10-08 14,121,92,146,110
2025-10-08 15,94,89,101,16
2025-10-08 16,94,87,99,11
2025-10-08 17,87,72,100,12
2025-10-08 18,79,70,85,12
2025-10-08 19,85,79,91,14
2025-10-08 20,80,71,99,13
2025-10-08 21,71,65,74,15
2025-10-08 22,68,61,75,14
2025-10-08 23,65,60,71,15
2025-10-09 00,64,59,70,14
2025-10-09 01,64,59,70,15
2025-10-09 02,61,59,64,7
2025-10-09 12,144,126,156,294
2025-10-09 13,123,93,152,438
2025-10-09 14,90,85,96,12
2025-10-09 15,88,79,99,25
2025-10-09 16,82,78,90,13
2025-10-09 17,85,79,91,11
2025-10-09 18,92,84,99,11
2025-10-09 19,84,80,88,13
2025-10-09 20,82,72,94,13
2025-10-09 21,80,78,83,7
2025-10-10 08,68,64,74,7
2025-10-10 09,68,62,73,15
2025-10-10 10,70,57,81,15
2025-10-10 11,67,59,89,16
2025-10-10 12,74,63,96,14
2025-10-10 13,75,70,79,13
2025-10-10 14,76,72,83,13
2025-10-10 15,79,67,95,16
2025-10-10 16,74,68,84,12
2025-10-10 17,74,61,94,13
2025-10-10 18,68,61,73,14
2025-10-10 19,67,55,109,14
2025-10-10 20,65,58,72,12
2025-10-10 21,133,59,174,70
2025-10-10 22,89,72,101,23
2025-10-10 23,67,59,72,15
2025-10-11 00,61,58,66,14
2025-10-11 01,59,54,71,15
2025-10-11 02,60,54,70,13
2025-10-11 03,57,52,65,13
2025-10-11 04,65,57,82,14
2025-10-11 05,62,56,71,12
2025-10-11 06,69,58,103,12
2025-10-11 07,69,58,88,12
2025-10-11 08,70,61,87,12
2025-10-11 09,72,64,83,10
2025-10-11 11,141,70,166,35
2025-10-11 12,142,99,159,608
2025-10-11 13,102,91,161,36
2025-10-11 14,90,80,100,12
2025-10-11 15,88,73,105,27
2025-10-11 16,80,73,88,8
2025-10-12 11,74,64,89,13
2025-10-12 12,96,79,117,560
2025-10-12 13,82,72,100,12
2025-10-12 14,74,63,85,12
2025-10-12 15,76,67,109,13
2025-10-12 16,71,66,75,12
2025-10-12 17,76,64,92,14
2025-10-12 18,76,70,88,13
2025-10-12 19,76,64,94,15
2025-10-12 20,70,65,78,12
2025-10-12 21,68,58,73,14
2025-10-12 22,69,59,78,15
2025-10-12 23,68,53,105,14
2025-10-13 00,60,55,65,14
2025-10-13 01,61,56,64,14
2025-10-13 02,55,50,59,15
2025-10-13 03,58,54,63,13
2025-10-13 04,57,50,68,15
2025-10-13 05,55,49,62,14
2025-10-13 06,72,55,90,8
2025-10-13 19,80,65,110,10
2025-10-14 05,105,105,105,1
2025-10-14 06,87,73,101,13
2025-10-14 07,81,71,102,13
2025-10-14 08,70,63,99,14
2025-10-14 09,76,62,97,14
2025-10-14 10,73,61,85,13
2025-10-14 11,79,66,93,13
2025-10-14 12,147,73,159,114
2025-10-14 13,149,104,166,280
2025-10-14 14,96,85,119,11
2025-10-14 15,97,90,104,10
2025-10-14 16,94,81,104,13
2025-10-14 17,98,84,109,10
2025-10-14 18,85,79,105,14
2025-10-14 19,79,79,79,1
2025-10-15 07,106,77,131,255
2025-10-15 08,76,70,81,13
2025-10-15 09,109,70,141,392
2025-10-15 10,106,74,128,442
2025-10-15 11,72,65,79,15
2025-10-15 12,100,67,116,132
2025-10-15 13,107,82,134,229
2025-10-15 14,90,78,106,13
2025-10-15 15,87,74,96,13
2025-10-15 16,92,84,100,12
2025-10-15 17,84,72,95,13
2025-10-15 18,83,78,98,15
2025-10-15 19,146,80,173,34
2025-10-15 20,91,84,98,11
2025-10-16 06,95,74,104,9
2025-10-16 07,92,73,125,24
2025-10-16 08,131,80,152,532
2025-10-16 09,104,86,139,15
2025-10-16 10,93,87,99,12
2025-10-16 11,87,80,97,14
2025-10-16 12,78,68,86,13
2025-10-16 13,86,81,97,11
2025-10-16 14,82,70,111,13
2025-10-16 15,79,72,89,12
2025-10-16 16,88,66,102,18
2025-10-16 17,91,86,101,13
2025-10-16 18,90,83,105,14
2025-10-16 19,78,71,97,12
2025-10-16 20,65,58,78,15
2025-10-16 21,60,57,71,14
2025-10-16 22,64,58,71,15
2025-10-16 23,61,58,72,13
2025-10-17 00,58,51,63,15
2025-10-17 01,57,52,63,12
2025-10-17 02,61,58,65,15
2025-10-17 03,60,53,99,15
2025-10-17 04,72,64,84,11
2025-10-17 05,81,75,85,4
2025-10-17 07,111,79,138,309
2025-10-17 08,143,72,171,144
2025-10-17 09,144,88,155,348
2025-10-17 10,94,90,100,9
2025-10-17 13,101,87,111,286
2025-10-17 14,97,71,111,230
2025-10-17 15,78,71,90,13
2025-10-17 16,89,81,101,12
2025-10-17 17,86,79,104,10
2025-10-17 18,79,72,93,14
2025-10-17 19,69,64,76,4
2025-10-18 06,105,105,105,1
2025-10-18 07,83,77,91,11
2025-10-18 08,81,71,96,16
2025-10-18 09,83,73,112,13
2025-10-18 10,78,68,89,15
2025-10-18 11,72,65,82,12
2025-10-18 12,75,61,108,15
2025-10-18 13,75,62,89,13
2025-10-18 14,78,72,91,12
2025-10-18 15,76,61,94,12
2025-10-18 16,68,60,83,13
2025-10-18 17,75,60,84,13
2025-10-18 18,78,57,101,10
2025-10-18 19,62,54,75,13
2025-10-18 20,56,52,65,15
2025-10-18 21,62,57,72,12
2025-10-18 22,61,53,68,16
2025-10-18 23,60,55,67,13
2025-10-19 00,61,56,69,16
2025-10-19 01,59,53,64,13
2025-10-19 02,60,57,68,15
2025-10-19 03,61,57,68,12
2025-10-19 04,57,53,63,16
2025-10-19 05,63,58,68,6
2025-10-19 08,76,64,92,15
2025-10-19 09,89,64,121,160
2025-10-19 10,85,55,95,247
2025-10-19 11,81,76,88,12
2025-10-19 12,91,77,100,32
2025-10-19 13,79,74,85,12
2025-10-19 14,87,71,100,19
2025-10-19 15,90,72,100,19
2025-10-19 16,76,63,91,15
2025-10-19 17,82,75,88,11
2025-10-19 18,74,66,84,14
2025-10-19 19,76,71,82,6
2025-10-20 07,75,64,87,14
2025-10-20 08,118,69,144,440
2025-10-20 09,108,85,120,47
2025-10-20 10,86,72,102,17
2025-10-20 11,75,66,80,12
2025-10-20 12,75,68,87,12
2025-10-20 13,70,59,80,12
2025-10-20 14,69,60,81,11
2025-10-20 15,70,58,80,14
2025-10-20 16,81,68,97,8
2025-10-20 17,72,62,103,15
2025-10-20 18,147,64,173,187
2025-10-20 19,86,84,91,14
2025-10-20 20,76,64,84,15
2025-10-20 21,60,54,67,14
2025-10-20 22,61,55,67,15
2025-10-20 23,67,58,80,13
2025-10-21 00,61,55,69,14
2025-10-21 01,59,55,64,5
2025-10-21 06,82,76,88,4
2025-10-21 07,94,72,108,38
2025-10-21 08,151,65,175,78
2025-10-21 09,141,91,169,262
2025-10-21 10,94,80,116,12
2025-10-21 11,82,79,85,15
2025-10-21 12,75,66,86,13
2025-10-21 13,91,72,114,400
2025-10-21 14,87,73,99,256
2025-10-21 15,79,64,100,17
2025-10-21 16,88,81,97,9
2025-10-21 17,90,84,98,9
2025-10-21 18,74,63,80,16
2025-10-21 19,140,69,175,384
2025-10-21 20,85,78,93,13
2025-10-21 21,68,58,80,14
2025-10-21 22,64,59,71,15
2025-10-21 23,65,58,76,13
2025-10-22 00,60,57,63,15
2025-10-22 01,62,58,68,14
2025-10-22 02,64,58,79,15
2025-10-22 03,57,55,60,5
2025-10-22 06,89,71,134,14
2025-10-22 07,121,88,144,587
2025-10-22 08,88,73,105,14
2025-10-22 09,79,69,84,12
2025-10-22 10,75,72,83,16
2025-10-22 11,74,64,80,11
2025-10-22 12,78,70,86,13
2025-10-22 13,74,65,89,12
2025-10-22 14,80,74,92,12
2025-10-22 15,80,71,89,12
2025-10-22 16,86,75,98,11
2025-10-22 17,84,75,92,12
2025-10-22 18,146,75,174,524
2025-10-22 19,92,84,106,13
2025-10-22 20,80,67,90,14
2025-10-22 21,80,73,91,6
2025-10-23 05,76,65,96,12
2025-10-23 06,79,71,91,13
2025-10-23 07,81,74,97,12
2025-10-23 08,75,66,83,15
2025-10-23 09,77,67,106,13
2025-10-23 10,80,72,90,12
2025-10-23 11,139,80,149,382
2025-10-23 12,125,75,143,117
2025-10-23 13,91,84,99,10
2025-10-23 14,89,79,112,14
2025-10-23 15,85,84,89,11
2025-10-23 16,87,83,94,10
2025-10-23 17,92,80,100,13
2025-10-23 18,135,85,165,208
2025-10-23 19,144,88,165,293
2025-10-23 20,84,83,85,15
2025-10-23 21,74,59,98,13
2025-10-23 22,69,57,73,15
2025-10-23 23,67,64,71,12
2025-10-24 00,65,59,71,15
2025-10-24 01,66,59,72,14
2025-10-24 02,64,58,69,15
2025-10-24 03,61,59,66,12
2025-10-24 12,73,69,77,6
2025-10-24 13,120,77,142,383
2025-10-24 14,90,80,114,12
2025-10-24 15,88,75,103,15
2025-10-24 16,84,72,99,14
2025-10-24 17,83,71,114,14
2025-10-24 18,74,65,83,11
2025-10-24 19,72,63,79,12
2025-10-24 20,73,64,80,16
2025-10-24 21,76,64,85,14
2025-10-24 22,90,68,106,21
2025-10-24 23,66,57,76,13
2025-10-25 00,66,57,71,15
2025-10-25 01,59,58,64,13
2025-10-25 02,67,63,76,13
2025-10-25 03,62,58,68,14
2025-10-25 07,78,59,96,7
2025-10-25 08,86,61,97,135
2025-10-25 09,79,55,111,576
2025-10-25 10,73,53,94,243
2025-10-25 11,78,64,87,12
2025-10-25 12,85,48,114,15
2025-10-25 13,78,66,89,13
2025-10-25 14,80,64,106,12
2025-10-25 15,88,80,99,11
2025-10-25 16,80,69,92,14
2025-10-25 17,81,58,108,15
2025-10-25 18,70,57,85,14
2025-10-25 19,69,59,75,13
2025-10-25 20,79,58,145,13
2025-10-25 21,82,75,91,14
2025-10-25 22,83,74,97,14
2025-10-25 23,81,75,87,13
2025-10-26 00,70,57,80,14
2025-10-26 01,68,63,73,14
2025-10-26 02,59,54,70,15
2025-10-26 03,59,53,67,14
2025-10-26 04,60,54,70,13
2025-10-26 05,61,57,67,15
2025-10-26 07,107,65,143,9
2025-10-26 08,69,63,95,18
2025-10-26 09,91,66,115,642
2025-10-26 10,84,65,142,284
2025-10-26 11,80,64,90,13
2025-10-26 12,79,63,93,13
2025-10-26 13,72,62,104,14
2025-10-26 14,68,59,83,14
2025-10-26 15,74,65,84,10
2025-10-26 16,73,65,81,12
2025-10-26 17,143,64,180,397
2025-10-26 18,94,84,121,16
2025-10-26 19,75,67,84,12
2025-10-26 20,68,53,77,7
2025-10-27 06,84,72,91,8
2025-10-27 07,117,74,142,396
2025-10-27 08,118,84,133,137
2025-10-27 09,79,70,95,14
2025-10-27 10,73,64,100,17
2025-10-27 11,77,67,91,12
2025-10-27 12,95,73,134,18
2025-10-27 13,99,68,123,122
2025-10-27 14,87,67,108,62
2025-10-27 15,75,66,83,14
2025-10-27 16,84,79,91,13
2025-10-27 17,74,64,84,11
2025-10-27 18,71,58,85,16
2025-10-27 19,60,50,70,13
2025-10-27 20,57,53,60,15
2025-10-27 21,63,58,67,14
2025-10-27 22,63,56,73,13
2025-10-27 23,57,53,59,13
2025-10-28 00,59,52,63,14
2025-10-28 01,56,49,59,12
2025-10-28 02,56,53,60,14
2025-10-28 03,57,46,68,15
2025-10-28 04,60,58,64,7
2025-10-29 09,73,73,73,1
2025-10-29 10,114,69,144,493
2025-10-29 11,112,78,174,150
2025-10-29 12,92,86,99,13
2025-10-29 13,83,76,89,15
2025-10-29 14,97,79,124,496
2025-10-29 15,91,84,109,13
2025-10-29 16,89,79,95,11
2025-10-29 17,84,72,100,15
2025-10-29 18,84,73,110,16
2025-10-29 19,76,72,84,14
2025-10-29 20,71,59,95,14
2025-10-29 21,69,65,73,14
2025-10-29 22,69,62,73,15
2025-10-29 23,63,63,63,2
2025-10-30 07,75,63,95,14
2025-10-30 08,129,62,140,350
2025-10-30 09,135,79,179,488
2025-10-30 10,112,93,126,22
2025-10-30 11,95,91,103,17
2025-10-30 12,108,86,115,713
2025-10-30 13,98,80,107,220
2025-10-30 14,85,83,91,12
2025-10-30 15,87,78,114,11
2025-10-30 16,80,74,86,15
2025-10-30 17,86,79,91,13
2025-10-30 18,87,80,108,13
2025-10-30 19,80,75,84,14
2025-10-30 20,76,71,80,14
2025-10-30 21,79,73,84,13
2025-10-30 22,78,76,80,3
2025-10-31 05,72,65,80,2
2025-10-31 06,72,65,81,12
2025-10-31 07,70,64,80,13
2025-10-31 08,68,62,93,15
2025-10-31 09,69,62,83,12
2025-10-31 10,121,60,146,306
2025-10-31 11,121,89,142,210
2025-10-31 12,82,77,88,13
2025-10-31 13,81,71,90,11
2025-10-31 14,77,72,86,14
2025-10-31 15,90,77,101,11
2025-10-31 16,89,84,99,13
2025-10-31 17,86,81,91,15
2025-10-31 18,83,75,95,12
2025-10-31 19,79,68,88,14
2025-10-31 20,70,66,82,16
2025-10-31 21,72,70,75,4
2025-11-01 11,116,96,138,237
2025-11-01 12,108,92,118,673
2025-11-01 13,93,80,101,117
2025-11-01 14,92,84,99,13
2025-11-01 15,90,78,115,14
2025-11-01 16,88,77,94,14
2025-11-01 17,83,80,91,11
2025-11-01 18,79,70,88,14
2025-11-01 19,79,73,87,13
2025-11-01 20,75,63,87,15
2025-11-01 21,65,60,73,15
2025-11-01 22,70,59,94,6
2025-11-02 08,68,63,75,6
2025-11-02 09,85,63,99,428
2025-11-02 10,84,64,122,113
2025-11-02 11,82,64,98,30
2025-11-02 12,146,70,179,403
2025-11-02 13,104,98,124,15
2025-11-02 14,89,82,99,14
2025-11-02 15,92,78,99,13
2025-11-02 16,84,80,89,11
2025-11-02 17,86,75,95,14
2025-11-02 18,83,77,99,13
2025-11-02 19,81,76,84,13
2025-11-02 20,74,66,92,13
2025-11-02 21,73,69,85,5
2025-11-03 06,81,77,84,3
2025-11-03 07,133,73,169,38
2025-11-03 08,147,87,167,369
2025-11-03 09,88,84,99,13
2025-11-03 10,86,81,92,14
2025-11-03 11,84,71,91,12
2025-11-03 12,79,56,93,14
2025-11-03 13,73,54,84,12
2025-11-03 14,72,56,92,13
2025-11-03 15,150,74,177,221
2025-11-03 16,90,85,95,10
2025-11-03 17,91,84,108,14
2025-11-03 18,84,78,100,15
2025-11-03 19,80,74,89,13
2025-11-03 20,78,72,92,14
2025-11-03 21,74,64,80,13
2025-11-03 22,66,63,68,3
2025-11-04 06,93,93,93,1
2025-11-04 07,77,66,107,14
2025-11-04 08,91,69,111,34
2025-11-04 09,120,80,144,480
2025-11-04 10,96,88,109,11
2025-11-04 11,83,79,85,13
2025-11-04 12,78,73,85,13
2025-11-04 13,82,74,97,38
2025-11-04 14,145,95,174,376
2025-11-04 15,92,80,104,13
2025-11-04 16,85,75,90,13
2025-11-04 17,87,84,93,11
2025-11-04 18,85,76,98,14
2025-11-04 19,78,69,90,14
2025-11-04 20,71,59,86,15
2025-11-04 21,67,59,72,14
2025-11-04 22,65,59,72,12
2025-11-04 23,64,58,72,15
2025-11-05 00,64,60,84,12
2025-11-05 07,78,62,87,7
2025-11-05 08,78,63,110,16
2025-11-05 09,74,67,90,13
2025-11-05 10,72,64,93,13
2025-11-05 11,76,65,92,11
2025-11-05 12,71,66,86,13
2025-11-05 13,66,60,71,11
2025-11-05 14,130,76,139,501
2025-11-05 15,88,79,102,13
2025-11-05 16,87,82,92,13
2025-11-05 17,83,70,92,14
2025-11-05 18,84,73,102,15
2025-11-05 19,83,79,92,15
2025-11-05 20,86,80,100,15
2025-11-05 21,83,73,105,11
2025-11-06 06,77,68,84,4
2025-11-06 07,78,64,90,15
2025-11-06 08,109,65,138,241
2025-11-06 09,113,85,136,319
2025-11-06 10,79,68,85,12
2025-11-06 11,71,69,75,13
2025-11-06 12,74,64,87,13
2025-11-06 13,68,62,73,14
2025-11-06 14,65,62,70,13
2025-11-06 15,66,61,79,13
2025-11-06 16,75,56,104,11
2025-11-06 17,70,60,95,14
2025-11-06 18,80,73,86,12
2025-11-06 19,79,73,98,11
2025-11-06 20,83,72,92,14
2025-11-06 21,77,72,83,15
2025-11-06 22,76,72,100,13
2025-11-07 07,73,63,95,15
2025-11-07 08,123,59,138,210
2025-11-07 09,124,78,138,553
2025-11-07 10,142,74,177,278
2025-11-07 11,91,84,99,13
2025-11-07 12,79,72,87,13
2025-11-07 13,62,59,73,12
2025-11-07 14,84,61,97,34
2025-11-07 15,79,72,90,15
2025-11-07 16,78,65,90,12
2025-11-07 17,85,83,91,13
2025-11-07 18,83,76,91,15
2025-11-07 19,80,70,91,13
2025-11-07 20,73,65,90,15
2025-11-07 21,63,59,71,15
2025-11-07 22,64,59,71,15
2025-11-07 23,68,60,75,13
2025-11-08 00,60,58,64,14
2025-11-08 01,66,63,71,14
2025-11-08 02,60,57,63,14
2025-11-08 03,65,56,71,15
2025-11-08 04,62,59,68,14
2025-11-08 05,67,66,68,5
2025-11-09 08,70,61,79,2
2025-11-09 09,75,66,100,16
2025-11-09 10,72,64,89,16
2025-11-09 11,75,60,85,15
2025-11-09 12,71,63,83,14
2025-11-09 13,73,66,91,8
2025-11-09 14,69,58,87,14
2025-11-09 15,78,67,89,12
2025-11-09 16,79,72,87,11
2025-11-09 17,74,64,84,15
2025-11-09 18,71,67,90,14
2025-11-09 19,69,61,86,14
2025-11-09 20,71,64,84,15
2025-11-09 21,63,59,67,14
2025-11-09 22,61,54,70,14
2025-11-09 23,59,53,70,14
2025-11-10 00,61,55,70,15
2025-11-10 01,57,53,64,14
2025-11-10 02,59,56,64,14
2025-11-10 03,59,52,66,14
2025-11-10 04,59,54,64,11
2025-11-12 07,78,66,96,30
2025-11-12 08,97,63,115,62
2025-11-12 09,106,67,134,342
2025-11-12 10,103,74,122,163
2025-11-12 11,69,66,78,15
2025-11-12 12,66,59,70,12
2025-11-12 13,96,59,135,40
2025-11-12 14,139,63,174,293
2025-11-12 15,97,81,114,25
2025-11-12 16,81,74,90,14
2025-11-12 17,87,79,95,12
2025-11-12 18,78,63,91,11
2025-11-12 19,77,72,89,15
2025-11-12 20,77,67,80,14
2025-11-12 21,73,64,89,14
2025-11-12 22,70,67,72,15
2025-11-12 23,71,66,76,14
2025-11-13 00,65,59,75,14
2025-11-13 01,64,61,68,14
2025-11-13 02,63,59,72,14
2025-11-13 03,62,58,68,14
2025-11-13 04,61,57,64,3
2025-11-13 07,74,66,92,10
2025-11-13 08,86,65,112,21
2025-11-13 09,65,61,73,15
2025-11-13 10,63,57,68,13
2025-11-13 11,66,64,72,13
2025-11-13 12,64,61,68,15
2025-11-13 13,145,63,172,339
2025-11-13 14,91,80,108,16
2025-11-13 15,80,73,87,12
2025-11-13 16,78,73,83,11
2025-11-13 17,75,67,100,30
2025-11-13 18,88,71,101,46
2025-11-13 19,79,74,85,14
2025-11-13 20,79,64,84,14
2025-11-13 21,70,63,74,13
2025-11-13 22,65,60,68,15
2025-11-13 23,68,60,93,6
2025-11-14 07,79,60,110,34
2025-11-14 08,94,64,115,50
2025-11-14 09,103,65,168,348
2025-11-14 10,99,79,125,105
2025-11-14 11,74,69,80,12
2025-11-14 12,67,63,73,14
2025-11-14 13,65,61,70,12
2025-11-14 14,133,63,170,459
2025-11-14 15,134,86,164,122
2025-11-14 16,90,84,97,11
2025-11-14 17,94,88,99,13
2025-11-14 18,89,83,96,14
2025-11-14 19,87,79,97,11
2025-11-14 20,86,80,100,14
2025-11-14 21,82,76,93,14
2025-11-14 22,78,67,84,15
2025-11-14 23,73,66,80,14
2025-11-15 00,71,67,73,15
2025-11-15 01,65,58,71,13
2025-11-15 02,62,58,70,14
2025-11-15 03,62,59,68,14
2025-11-15 04,62,54,71,14
2025-11-15 05,60,57,63,7
2025-11-17 07,71,65,75,7
2025-11-17 08,91,69,116,46
2025-11-17 09,73,59,103,13
2025-11-17 10,71,67,75,13
2025-11-17 11,70,63,73,12
2025-11-17 12,69,63,87,16
2025-11-17 13,90,63,149,326
2025-11-17 14,86,65,112,138
2025-11-17 15,69,59,87,15
2025-11-17 16,81,70,88,11
2025-11-17 17,86,72,103,15
2025-11-17 18,83,74,90,16
2025-11-17 19,82,74,100,14
2025-11-17 20,74,69,84,16
2025-11-17 21,75,68,90,13
2025-11-17 22,64,61,69,15
2025-11-17 23,68,61,76,14
2025-11-18 00,62,58,66,14
2025-11-18 01,63,58,78,14
2025-11-18 02,58,54,62,14
2025-11-18 03,58,54,60,14
2025-11-18 04,59,55,68,13
2025-11-18 05,59,58,62,5
2025-11-19 06,76,64,95,8
2025-11-19 07,81,72,100,10
2025-11-19 08,99,72,117,78
2025-11-19 09,78,69,94,15
2025-11-19 10,73,67,90,14
2025-11-19 11,78,68,93,9
2025-11-19 12,78,72,96,15
2025-11-19 13,73,66,79,13
2025-11-19 14,72,66,79,13
2025-11-19 15,74,69,83,12
2025-11-19 16,81,73,97,9
2025-11-19 17,84,80,91,15
2025-11-19 18,80,73,91,13
2025-11-19 19,80,73,89,14
2025-11-19 20,75,70,90,13
2025-11-19 21,74,67,103,15
2025-11-19 22,72,70,74,5
2025-11-22 05,75,64,84,9
2025-11-22 06,74,64,107,12
2025-11-22 07,78,68,99,20
2025-11-22 08,77,69,94,15
2025-11-22 09,90,73,133,16
2025-11-22 10,73,71,80,13
2025-11-22 11,65,60,72,14
2025-11-22 12,68,64,70,13
2025-11-22 13,71,66,74,12
2025-11-22 14,67,59,72,12
2025-11-22 15,95,62,111,39
2025-11-22 16,92,71,129,37
2025-11-22 17,99,76,110,86
2025-11-22 18,79,69,84,15
2025-11-22 19,90,75,97,64
2025-11-22 20,78,69,85,13
2025-11-28 08,66,59,73,10
2025-11-28 09,112,74,160,155
2025-11-30 09,69,59,83,14
2025-11-30 10,104,71,133,606
2025-11-30 11,95,71,113,544
2025-11-30 12,85,71,99,13
2025-11-30 13,91,80,109,15
2025-11-30 14,84,72,109,17
2025-11-30 15,77,71,95,12
2025-11-30 16,84,74,91,14
2025-11-30 17,77,65,99,12
2025-11-30 18,74,67,88,13
2025-11-30 19,72,66,88,16
2025-11-30 20,70,59,94,14
2025-11-30 21,67,59,100,14
2025-11-30 22,64,59,76,15
2025-11-30 23,66,59,73,15
2025-12-01 00,67,63,72,6
2025-12-01 05,80,75,86,2
2025-12-01 06,77,72,85,10
2025-12-01 07,73,64,92,12
2025-12-01 08,93,68,132,16
2025-12-01 09,71,65,80,14
2025-12-01 10,71,63,80,12
2025-12-01 11,74,66,88,13
2025-12-01 12,71,67,85,12
2025-12-01 13,130,66,141,293
2025-12-01 14,123,76,140,321
2025-12-01 15,79,67,92,14
2025-12-01 16,83,75,86,9
2025-12-01 17,88,80,99,15
2025-12-01 18,79,73,89,14
2025-12-01 19,79,72,87,13
2025-12-01 20,69,58,83,14
2025-12-01 21,67,60,73,13
2025-12-01 22,63,59,71,14
2025-12-01 23,71,63,84,14
2025-12-02 00,66,63,68,15
2025-12-02 01,71,64,77,6
2025-12-02 08,95,75,122,23
2025-12-02 09,120,78,151,342
2025-12-02 10,119,91,141,74
2025-12-02 11,85,80,96,14
2025-12-02 12,79,72,87,17
2025-12-02 13,80,72,86,11
2025-12-02 14,93,81,110,7
2025-12-02 15,90,83,99,14
2025-12-02 16,88,81,99,11
2025-12-02 17,83,72,89,13
2025-12-02 18,84,75,98,10
2025-12-02 19,77,69,93,13
2025-12-02 20,70,63,79,15
2025-12-02 21,67,64,80,14
2025-12-02 22,67,59,71,15
2025-12-02 23,64,57,69,14
2025-12-03 00,62,59,64,15
2025-12-03 01,62,58,72,14
2025-12-03 02,63,58,71,13
2025-12-03 03,59,55,64,15
2025-12-03 04,59,54,64,14
2025-12-03 05,63,60,67,15
2025-12-03 06,62,58,85,12
2025-12-03 08,75,68,93,11
2025-12-03 09,129,73,141,544
2025-12-03 10,116,84,131,182
2025-12-03 11,81,72,94,12
2025-12-03 12,73,64,80,15
2025-12-03 13,80,64,96,14
2025-12-03 14,75,64,84,12
2025-12-03 15,73,65,79,10
2025-12-03 16,70,64,80,14
2025-12-03 17,72,66,79,15
2025-12-03 18,72,65,85,12
2025-12-03 19,74,59,96,15
2025-12-03 20,72,64,90,14
2025-12-03 21,62,55,83,13
2025-12-03 22,82,82,82,1
2025-12-04 06,82,75,88,4
2025-12-04 07,79,72,93,12
2025-12-04 08,115,70,143,133
2025-12-04 09,128,99,154,416
2025-12-04 10,87,80,96,14
2025-12-04 11,86,77,106,11
2025-12-04 12,83,74,86,13
2025-12-04 13,78,72,89,13
2025-12-04 14,75,62,92,15
2025-12-04 15,71,59,84,10
2025-12-04 16,73,64,84,15
2025-12-04 17,73,67,81,12
2025-12-04 18,85,75,94,13
2025-12-04 19,81,68,98,13
2025-12-04 20,80,74,93,13
2025-12-04 21,77,71,85,15
2025-12-04 22,73,67,80,13
2025-12-04 23,72,70,79,13
2025-12-05 00,62,61,64,3
2025-12-05 07,76,75,76,3
2025-12-05 08,78,64,101,17
2025-12-05 09,133,56,141,335
2025-12-05 10,133,84,143,387
2025-12-05 11,85,71,104,15
2025-12-05 12,80,73,87,13
2025-12-05 13,75,65,84,11
2025-12-05 14,73,65,84,14
2025-12-05 15,74,63,83,13
2025-12-05 16,85,70,106,12
2025-12-05 17,87,75,95,9
2025-12-05 18,85,74,95,10
2025-12-05 19,82,78,86,14
2025-12-05 20,83,79,89,14
2025-12-05 21,78,70,85,13
2025-12-05 22,74,69,80,15
2025-12-05 23,73,67,90,15
2025-12-06 00,66,59,72,14
2025-12-06 01,69,62,79,13
2025-12-06 02,62,58,66,14
2025-12-06 03,67,63,73,14
2025-12-06 04,61,58,66,14
2025-12-06 05,61,58,66,14
2025-12-06 06,62,58,69,14
2025-12-06 07,74,61,92,14
2025-12-06 08,76,72,84,5
2025-12-07 08,81,73,89,7
2025-12-07 09,93,78,115,11
2025-12-07 10,111,81,125,44
2025-12-07 11,92,76,111,13
2025-12-07 12,88,71,116,11
2025-12-07 13,110,81,139,18
2025-12-07 14,88,78,105,14
2025-12-07 15,92,78,104,18
2025-12-07 16,93,75,111,17
2025-12-07 17,80,72,93,12
2025-12-07 18,82,76,88,7
2025-12-07 19,97,84,104,13
2025-12-07 20,81,73,91,14
2025-12-07 21,82,79,84,15
2025-12-07 22,79,72,91,14
2025-12-07 23,73,73,73,2
2025-12-08 07,76,66,93,8
2025-12-08 08,131,64,141,275
2025-12-08 09,133,91,143,475
2025-12-08 10,92,84,98,15
2025-12-08 11,89,84,100,13
2025-12-08 12,80,67,91,14
2025-12-08 13,76,71,83,12
2025-12-08 14,80,71,87,13
2025-12-08 15,74,64,84,9
2025-12-08 16,73,66,88,16
2025-12-08 17,67,55,86,13
2025-12-08 18,68,58,77,13
2025-12-08 19,62,52,83,13
2025-12-08 20,53,49,63,15
2025-12-09 06,73,62,80,3
2025-12-09 07,91,61,104,39
2025-12-09 08,91,74,138,34
2025-12-09 09,120,72,152,279
2025-12-09 10,125,88,153,220
2025-12-09 11,87,82,94,32
2025-12-09 12,85,80,92,14
2025-12-09 13,83,74,90,13
2025-12-09 14,90,78,106,38
2025-12-09 15,94,81,119,62
2025-12-09 16,90,84,100,9
2025-12-09 17,84,77,92,11
2025-12-09 18,83,78,90,11
2025-12-09 19,90,80,101,13
2025-12-09 20,81,74,90,14
2025-12-09 21,70,63,80,13
2025-12-09 22,63,58,67,14
2025-12-09 23,61,58,70,14
2025-12-10 00,64,57,72,14
2025-12-10 01,62,59,64,14
2025-12-10 02,64,58,71,15
2025-12-10 03,60,52,63,14
2025-12-10 04,61,56,64,14
2025-12-10 05,65,61,67,3
2025-12-10 17,89,58,123,29
2025-12-10 18,76,65,101,15
2025-12-10 19,72,66,79,13
2025-12-10 20,70,60,99,12
2025-12-10 21,71,66,74,4
2025-12-11 09,81,78,85,8
2025-12-11 10,76,65,85,13
2025-12-11 11,119,73,155,420
2025-12-11 12,96,86,110,17
2025-12-11 13,105,84,128,55
2025-12-11 14,99,79,125,227
2025-12-11 15,88,76,99,13
2025-12-11 16,84,75,90,12
2025-12-11 17,84,73,96,12
2025-12-11 18,88,73,109,13
2025-12-11 19,86,79,94,12
2025-12-11 20,75,65,91,14
2025-12-11 21,69,64,75,15
2025-12-11 22,69,63,84,14
2025-12-11 23,60,58,64,14
2025-12-12 00,60,58,67,14
2025-12-12 01,58,55,63,13
2025-12-12 02,62,58,67,15
2025-12-12 03,57,53,60,14
2025-12-12 04,65,57,99,8
2025-12-12 07,84,79,92,5
2025-12-12 08,84,65,110,28
2025-12-12 09,130,74,143,138
2025-12-12 10,133,99,146,507
2025-12-12 11,99,80,130,22
2025-12-12 12,82,66,92,13
2025-12-12 13,81,73,97,9
2025-12-12 14,94,73,108,20
2025-12-12 15,80,70,99,11
2025-12-12 16,79,73,86,12
2025-12-12 17,85,67,99,29
2025-12-12 18,92,84,102,13
2025-12-12 19,97,83,109,17
2025-12-12 20,92,79,102,41
2025-12-12 21,81,74,92,11
2025-12-12 22,77,70,84,15
2025-12-12 23,67,63,72,14
2025-12-13 00,67,64,73,15
2025-12-13 01,63,58,71,13
2025-12-13 02,58,55,67,15
2025-12-13 03,56,48,63,14
2025-12-13 04,59,52,89,15
2025-12-13 05,62,53,75,12
2025-12-13 06,77,69,85,3
2025-12-15 07,77,76,78,3
2025-12-15 08,70,59,78,12
2025-12-15 09,61,53,96,14
2025-12-15 10,69,59,101,12
2025-12-15 11,132,64,142,425
2025-12-15 12,123,77,141,169
2025-12-15 13,80,73,85,16
2025-12-15 14,76,67,97,11
2025-12-15 15,67,57,77,13
2025-12-15 16,65,53,78,12
2025-12-15 17,70,59,101,16
2025-12-15 18,73,63,111,12
2025-12-15 19,61,56,72,17
2025-12-15 20,62,58,74,5
2025-12-16 07,83,74,90,11
2025-12-16 08,90,68,116,35
2025-12-16 09,127,80,150,464
2025-12-16 10,108,85,128,56
2025-12-16 11,88,83,96,15
2025-12-16 12,88,83,93,13
2025-12-16 13,79,71,86,14
2025-12-16 14,92,64,124,33
2025-12-16 15,75,64,90,12
2025-12-16 16,86,74,99,13
2025-12-16 17,89,84,95,12
2025-12-16 18,79,70,84,13
2025-12-16 19,81,76,89,12
2025-12-16 20,75,70,91,15
2025-12-16 21,72,70,74,14
2025-12-16 22,72,66,81,12
2025-12-16 23,74,72,75,6
2025-12-17 08,79,65,103,38
2025-12-17 09,99,61,124,551
2025-12-17 10,84,64,111,475
2025-12-17 11,72,70,76,13
2025-12-17 12,86,66,106,24
2025-12-17 13,101,65,129,399
2025-12-17 14,101,80,126,526
2025-12-17 15,83,59,110,68
2025-12-17 16,66,59,84,10
2025-12-17 17,75,64,87,13
2025-12-17 18,69,63,78,13
2025-12-17 19,60,54,70,14
2025-12-18 06,88,83,92,2
2025-12-18 07,87,82,105,13
2025-12-18 08,80,73,84,14
2025-12-18 09,121,75,154,200
2025-12-18 10,128,94,155,257
2025-12-18 11,90,79,102,13
2025-12-18 12,85,80,93,14
2025-12-18 13,84,73,97,13
2025-12-18 14,81,62,116,16
2025-12-18 15,72,64,78,14
2025-12-18 16,89,77,96,13
2025-12-18 17,94,85,104,13
2025-12-18 18,83,73,99,9
2025-12-18 19,80,74,91,14
2025-12-18 20,73,64,85,13
2025-12-18 21,69,60,75,16
2025-12-18 22,71,65,73,13
2025-12-18 23,67,63,72,16
2025-12-19 00,71,65,75,12
2025-12-19 01,70,66,80,16
2025-12-19 02,69,65,72,14
2025-12-19 03,66,63,74,15
2025-12-19 04,65,59,80,13
2025-12-19 05,65,59,73,14
2025-12-19 06,76,68,85,12
2025-12-19 07,72,72,73,2
2025-12-19 08,74,66,92,12
2025-12-19 09,133,66,141,435
2025-12-19 10,123,80,142,235
2025-12-19 11,82,71,100,14
2025-12-19 12,90,81,113,14
2025-12-19 13,84,77,98,14
2025-12-19 14,78,68,92,15
2025-12-19 15,84,74,105,8
2025-12-19 16,84,72,91,18
2025-12-19 17,83,75,90,12
2025-12-19 18,80,75,88,11
2025-12-19 19,78,70,90,15
2025-12-19 20,102,99,105,2
2025-12-22 08,80,74,90,8
2025-12-22 09,80,75,84,12
2025-12-22 10,82,72,108,14
2025-12-22 11,79,68,95,17
2025-12-22 12,128,68,145,101
2025-12-22 13,137,87,145,366
2025-12-22 14,93,84,103,22
2025-12-22 15,89,84,95,14
2025-12-22 16,87,84,103,13
2025-12-22 17,86,80,98,14
2025-12-22 18,82,79,86,14
2025-12-22 19,85,84,89,12
2025-12-22 20,79,72,91,16
2025-12-22 21,74,72,84,14
2025-12-22 22,69,63,99,15
2025-12-22 23,65,59,73,12
2025-12-23 00,60,56,63,16
2025-12-23 01,60,55,65,13
2025-12-23 02,61,54,68,15
2025-12-23 03,56,53,66,12
2025-12-23 04,59,54,63,13
2025-12-23 05,60,52,66,10
2025-12-23 09,101,99,104,8
2025-12-23 10,92,81,99,14
2025-12-23 11,84,74,112,15
2025-12-23 12,126,78,152,240
2025-12-23 13,135,93,153,362
2025-12-23 14,94,86,101,13
2025-12-23 15,92,83,110,15
2025-12-23 16,86,79,93,13
2025-12-23 17,88,81,95,13
2025-12-23 18,86,78,94,13
2025-12-23 19,87,79,104,16
2025-12-23 20,80,75,85,16
2025-12-23 21,87,79,98,10
2025-12-23 22,76,70,88,14
2025-12-23 23,69,63,72,14
2025-12-24 00,65,61,67,14
2025-12-24 01,72,63,105,13
2025-12-24 02,65,61,69,16
2025-12-24 03,68,62,71,14
2025-12-24 04,62,59,70,15
2025-12-24 05,60,57,64,14
2025-12-24 06,63,63,63,1
2025-12-31 06,97,97,97,1
2026-01-05 07,91,84,99,3
2026-01-05 08,131,80,140,255
2026-01-05 09,125,92,139,370
2026-01-05 10,90,83,103,20
2026-01-05 11,86,80,94,13
2026-01-05 12,82,75,88,11
2026-01-05 13,78,69,88,13
2026-01-05 14,73,69,83,12
2026-01-05 15,75,66,85,12
2026-01-05 16,96,74,117,102
2026-01-05 17,88,70,114,11
2026-01-05 18,80,70,93,13
2026-01-05 19,77,64,86,12
2026-01-05 20,68,58,73,15
2026-01-05 21,77,60,84,13
2026-01-05 22,81,80,82,3
2026-01-06 07,97,80,118,11
2026-01-06 08,92,66,129,13
2026-01-06 09,125,82,151,525
2026-01-06 10,131,87,159,102
2026-01-06 11,91,85,101,12
2026-01-06 12,86,81,91,14
2026-01-06 13,88,85,99,12
2026-01-06 14,85,80,92,14
2026-01-06 15,89,80,103,13
2026-01-06 16,88,84,94,9
2026-01-06 17,88,83,93,13
2026-01-06 18,83,74,98,13
2026-01-06 19,109,74,171,81
2026-01-06 20,150,93,178,189
2026-01-06 21,98,93,105,14
2026-01-06 22,93,85,105,13
2026-01-07 06,90,81,106,11
2026-01-07 07,88,84,92,10
2026-01-07 08,84,71,111,12
2026-01-07 09,137,86,146,475
2026-01-07 10,119,84,142,134
2026-01-07 11,84,81,90,12
2026-01-07 12,83,70,91,15
2026-01-07 13,81,76,85,11
2026-01-07 14,77,70,84,15
2026-01-07 15,77,72,90,12
2026-01-07 16,83,69,96,14
2026-01-07 17,81,66,95,11
2026-01-07 18,88,81,96,11
2026-01-07 19,80,71,85,13
2026-01-07 20,81,72,87,13
2026-01-07 21,82,79,85,13
2026-01-07 22,80,77,84,4
2026-01-08 06,104,102,106,3
2026-01-08 07,98,84,111,13
2026-01-08 08,95,69,102,14
2026-01-08 09,88,80,95,15
2026-01-08 10,108,80,139,10
2026-01-08 11,112,97,131,11
2026-01-08 12,94,80,100,14
2026-01-08 13,104,88,134,12
2026-01-08 14,92,90,99,14
2026-01-08 15,90,83,95,15
2026-01-08 16,91,80,104,12
2026-01-08 17,90,79,107,15
2026-01-08 18,91,85,101,11
2026-01-08 19,81,73,88,13
2026-01-08 20,80,74,84,14
2026-01-08 21,77,73,80,14
2026-01-08 22,86,79,92,2
2026-01-09 06,93,90,100,8
2026-01-09 07,90,72,111,11
2026-01-09 08,78,63,86,13
2026-01-09 09,137,103,147,533
2026-01-09 10,125,83,142,108
2026-01-09 11,87,78,99,13
2026-01-09 12,84,72,91,15
2026-01-09 13,79,69,85,12
2026-01-09 14,78,71,88,12
2026-01-09 15,83,80,88,12
2026-01-09 16,83,65,101,11
2026-01-09 17,90,75,106,7
2026-01-09 18,82,76,85,15
2026-01-09 19,80,72,98,13
2026-01-09 20,77,72,84,14
2026-01-09 21,74,66,80,14
2026-01-09 22,80,75,84,15
2026-01-09 23,74,67,96,11
2026-01-10 07,81,75,85,6
2026-01-10 08,78,63,89,12
2026-01-10 09,71,60,79,13
2026-01-10 10,74,64,94,13
2026-01-10 11,76,63,84,11
2026-01-10 12,76,65,89,13
2026-01-10 13,73,64,84,13
2026-01-10 14,80,73,97,14
2026-01-10 15,74,61,90,13
2026-01-10 16,83,71,101,12
2026-01-10 17,87,79,91,12
2026-01-10 18,78,72,92,14
2026-01-10 19,77,68,86,13
2026-01-10 20,74,65,93,13
2026-01-10 21,66,55,87,14
2026-01-10 22,70,62,76,13
2026-01-10 23,72,69,76,15
2026-01-11 00,67,55,74,15
2026-01-11 01,61,53,76,13
2026-01-11 02,56,52,64,15
2026-01-11 03,58,53,63,14
2026-01-11 04,57,53,63,14
2026-01-11 05,58,55,66,15
2026-01-11 06,71,55,89,5
2026-01-12 07,86,74,92,10
2026-01-12 08,80,71,102,14
2026-01-12 09,73,67,79,14
2026-01-12 10,74,62,84,12
2026-01-12 11,76,64,89,14
2026-01-12 12,72,63,79,12
2026-01-12 13,75,56,85,14
2026-01-12 14,76,69,88,12
2026-01-12 15,138,79,145,349
2026-01-12 16,135,71,143,214
2026-01-12 17,84,75,93,12
2026-01-12 18,74,66,90,10
2026-01-12 19,77,59,96,10
2026-01-12 20,65,56,71,15
2026-01-12 21,63,56,71,12
2026-01-12 22,71,58,75,14
2026-01-12 23,86,66,105,2
2026-01-13 07,93,80,102,12
2026-01-13 08,95,76,123,24
2026-01-13 09,140,76,162,430
2026-01-13 10,144,100,164,158
2026-01-13 11,96,77,124,14
2026-01-13 12,93,86,102,15
2026-01-13 13,91,84,105,13
2026-01-13 14,86,83,90,15
2026-01-13 15,90,81,103,12
2026-01-13 16,92,82,105,12
2026-01-13 17,99,80,114,17
2026-01-13 18,77,70,84,14
2026-01-13 19,84,71,112,11
2026-01-13 20,73,66,80,15
2026-01-13 21,76,72,80,13
2026-01-13 22,66,58,74,15
2026-01-13 23,57,51,66,14
2026-01-14 00,59,54,62,13
2026-01-14 01,60,57,65,13
2026-01-14 02,61,53,69,15
2026-01-14 03,59,53,68,14
2026-01-14 04,59,53,64,14
2026-01-14 05,60,58,67,9
2026-01-15 06,86,79,94,5
2026-01-15 07,86,73,94,13
2026-01-15 08,76,72,85,14
2026-01-15 09,74,71,81,11
2026-01-15 10,89,67,121,423
2026-01-15 11,96,68,133,673
2026-01-15 12,105,74,141,686
2026-01-15 13,99,73,128,661
2026-01-15 14,81,69,99,172
2026-01-15 15,73,68,87,11
2026-01-15 16,79,63,88,12
2026-01-15 17,85,79,101,14
2026-01-15 18,81,74,87,16
2026-01-15 19,82,75,90,12
2026-01-15 20,80,71,96,9
2026-01-15 21,74,72,79,10
2026-01-16 06,87,82,94,12
2026-01-16 07,76,70,87,13
2026-01-16 08,114,73,140,394
2026-01-16 09,119,84,139,258
2026-01-16 10,92,84,100,13
2026-01-16 11,85,80,100,16
2026-01-16 12,84,78,92,11
2026-01-16 13,74,66,80,15
2026-01-16 14,103,65,137,197
2026-01-16 15,83,75,93,14
2026-01-16 16,85,72,98,13
2026-01-16 17,84,74,93,12
2026-01-16 18,75,64,85,13
2026-01-16 19,74,68,96,11
2026-01-16 20,68,59,83,15
2026-01-16 21,63,60,66,14
2026-01-16 22,61,59,64,15
2026-01-16 23,66,61,72,14
2026-01-17 00,63,59,71,14
2026-01-17 01,61,58,68,15
2026-01-17 02,68,63,79,10
2026-01-17 05,75,62,108,13
2026-01-17 06,137,101,144,646
2026-01-17 07,101,85,117,37
2026-01-17 08,81,72,93,12
2026-01-17 09,79,73,90,15
2026-01-17 10,70,62,76,11
2026-01-17 11,66,57,74,10
2026-01-17 12,84,65,106,22
2026-01-17 13,104,75,135,26
2026-01-17 14,95,57,121,40
2026-01-17 15,78,70,87,12
2026-01-17 16,74,67,85,13
2026-01-17 17,64,57,77,13
2026-01-17 18,68,58,75,15
2026-01-17 19,70,66,74,11
2026-01-18 07,77,67,90,11
2026-01-18 08,70,63,78,12
2026-01-18 09,85,64,105,10
2026-01-18 10,92,74,125,22
2026-01-18 11,77,67,92,12
2026-01-18 12,77,58,86,25
2026-01-18 13,72,63,77,9
2026-01-18 14,75,64,93,10
2026-01-18 15,82,72,91,13
2026-01-18 16,86,79,98,12
2026-01-18 17,74,70,84,14
2026-01-18 18,72,63,80,15
2026-01-18 19,70,54,99,12
2026-01-18 20,58,54,63,15
2026-01-18 21,56,53,64,13
2026-01-18 22,57,52,63,15
2026-01-18 23,59,54,64,14
2026-01-19 00,56,50,63,14
2026-01-19 01,58,53,64,5
2026-01-19 06,92,90,97,5
2026-01-19 08,112,77,131,148
2026-01-19 09,129,97,154,530
2026-01-19 10,108,84,130,127
2026-01-19 11,91,84,99,12
2026-01-19 12,85,76,93,14
2026-01-19 13,83,72,90,13
2026-01-19 14,110,84,129,56
2026-01-19 15,86,84,90,14
2026-01-19 16,85,77,99,13
2026-01-19 17,82,71,109,13
2026-01-19 18,73,63,90,14
2026-01-19 19,70,61,99,7
2026-01-20 06,88,81,96,7
2026-01-20 07,85,79,93,10
2026-01-20 08,76,65,94,13
2026-01-20 09,139,75,146,504
2026-01-20 10,126,87,146,143
2026-01-20 11,83,75,91,12
2026-01-20 12,80,68,101,15
2026-01-20 13,81,78,86,12
2026-01-20 14,86,79,92,10
2026-01-20 15,92,71,116,17
2026-01-20 16,73,63,83,15
2026-01-20 17,74,63,84,12
2026-01-20 18,81,63,92,13
2026-01-20 19,63,54,73,12
2026-01-20 20,60,54,68,10
2026-01-21 07,95,88,113,12
2026-01-21 08,89,81,108,11
2026-01-21 09,134,92,156,457
2026-01-21 10,135,93,153,143
2026-01-21 11,92,84,120,14
2026-01-21 12,93,85,104,13
2026-01-21 13,90,83,93,13
2026-01-21 14,96,81,124,47
2026-01-21 15,82,79,85,12
2026-01-21 16,81,71,89,12
2026-01-21 17,86,80,94,12
2026-01-21 18,84,73,106,13
2026-01-21 19,73,68,84,13
2026-01-21 20,71,67,73,15
2026-01-21 21,76,68,98,6
2026-01-23 06,92,86,97,8
2026-01-23 07,88,79,100,14
2026-01-23 08,78,64,89,13
2026-01-23 09,133,79,154,495
2026-01-23 10,125,92,150,172
2026-01-23 11,87,79,90,14
2026-01-23 12,88,80,108,15
2026-01-23 13,79,72,88,13
2026-01-23 14,80,65,90,13
2026-01-23 15,97,75,105,201
2026-01-23 16,91,62,105,123
2026-01-23 17,80,63,92,11
2026-01-23 18,84,74,92,10
2026-01-23 19,73,64,76,16
2026-01-23 20,67,58,75,14
2026-01-25 06,79,73,86,11
2026-01-25 07,76,62,93,14
2026-01-25 08,75,64,87,13
2026-01-25 09,74,64,94,9
2026-01-25 10,101,56,116,22
2026-01-25 11,82,59,95,12
2026-01-25 12,80,69,94,13
2026-01-25 13,120,80,149,151
2026-01-25 14,113,94,126,622
2026-01-25 15,95,65,106,34
2026-01-25 16,82,73,90,12
2026-01-25 17,82,73,91,11
2026-01-25 18,71,63,91,14
2026-01-25 19,66,58,85,12
2026-01-25 20,57,52,67,14
2026-01-25 21,60,54,67,12
2026-01-25 22,57,52,63,15
2026-01-25 23,57,54,59,8
2026-01-26 06,86,76,98,14
2026-01-26 07,95,78,111,25
2026-01-26 08,120,93,144,505
2026-01-26 09,93,77,104,21
2026-01-26 10,88,80,94,13
2026-01-26 11,83,74,89,13
2026-01-26 12,79,71,91,13
2026-01-26 13,79,70,94,12
2026-01-26 14,72,66,96,15
2026-01-26 15,72,64,88,11
2026-01-26 16,73,63,82,11
2026-01-26 17,79,72,89,12
2026-01-26 18,70,63,79,14
2026-01-26 19,61,57,68,14
2026-01-26 20,60,56,80,14
2026-01-27 06,87,80,97,5
2026-01-27 07,78,70,97,16
2026-01-27 08,80,68,111,14
2026-01-27 09,108,68,127,53
2026-01-27 10,135,99,144,655
2026-01-27 11,91,80,104,22
2026-01-27 12,82,72,92,15
2026-01-27 13,76,63,84,14
2026-01-27 14,76,72,83,12
2026-01-27 15,73,62,88,12
2026-01-27 16,70,63,87,10
2026-01-27 17,74,67,85,13
2026-01-27 18,60,56,71,13
2026-01-27 19,68,53,99,13
2026-01-27 20,58,53,66,14
2026-01-27 21,90,90,90,1
2026-01-28 05,90,90,90,1
2026-01-28 06,90,74,98,14
2026-01-28 07,97,85,122,12
2026-01-28 08,84,70,110,17
2026-01-28 09,130,91,153,435
2026-01-28 10,126,94,145,124
2026-01-28 11,94,90,105,15
2026-01-28 12,89,81,98,15
2026-01-28 13,85,80,92,13
2026-01-28 14,80,72,86,15
2026-01-28 15,103,74,112,255
2026-01-28 16,104,75,127,177
2026-01-28 17,84,73,90,11
2026-01-28 18,71,62,76,12
2026-01-28 19,77,67,92,12
2026-01-28 20,71,64,78,14
2026-01-28 21,68,63,73,13
2026-01-28 22,68,62,92,8
2026-01-29 06,78,74,81,3
2026-01-29 07,79,70,90,14
2026-01-29 08,99,71,139,25
2026-01-29 09,77,66,104,13
2026-01-29 10,71,59,104,260
2026-01-29 11,91,61,136,613
2026-01-29 12,99,71,135,670
2026-01-29 13,97,74,122,706
2026-01-29 14,87,65,96,63
2026-01-29 15,67,63,71,13
2026-01-29 16,67,59,77,13
2026-01-29 17,76,70,86,12
2026-01-29 18,83,73,101,12
2026-01-29 19,75,70,86,10
