date,hrv_ms
2023-06-19 18:24,35.6
2023-06-19 20:34,39.0
2023-06-19 21:23,36.6
2023-06-19 23:20,43.6
2023-06-20 01:20,82.4
2023-06-20 03:20,71.3
2023-06-20 05:28,45.2
2023-06-20 07:22,31.6
2023-06-20 09:21,84.8
2023-06-20 11:22,115.6
2023-06-20 13:20,99.8
2023-06-20 15:43,17.9
2023-06-20 17:20,21.3
2023-06-20 19:22,25.4
2023-06-20 21:20,30.3
2023-06-20 23:20,58.1
2023-06-21 01:20,56.7
2023-06-21 03:20,24.4
2023-06-21 05:32,58.4
2023-06-21 07:20,42.9
2023-06-21 09:20,120.3
2023-06-21 11:38,68.3
2023-06-21 15:00,11.1
2023-06-21 16:57,45.3
2023-06-21 17:29,98.7
2023-06-21 19:20,22.2
2023-06-21 21:20,43.0
2023-06-21 23:20,43.6
2023-06-22 01:20,90.0
2023-06-22 03:20,41.0
2023-06-22 05:29,70.2
2023-06-22 08:19,27.5
2023-06-22 09:21,71.1
2023-06-22 11:22,66.2
2023-06-22 13:29,56.8
2023-06-22 17:14,52.5
2023-06-22 17:32,79.6
2023-06-22 18:24,19.6
2023-06-22 21:04,24.9
2023-06-22 22:21,37.1
2023-06-23 00:21,36.6
2023-06-23 02:21,25.5
2023-06-23 04:21,33.0
2023-06-23 06:22,32.5
2023-06-23 08:21,98.4
2023-06-23 13:07,36.5
2023-06-23 14:44,19.8
2023-06-23 16:42,18.7
2023-06-23 18:36,24.4
2023-06-23 20:24,20.6
2023-06-24 00:14,18.9
2023-06-24 00:21,55.6
2023-06-24 02:21,22.6
2023-06-24 04:21,63.7
2023-06-24 06:46,129.0
2023-06-24 08:31,28.1
2023-06-24 13:33,49.3
2023-06-24 14:22,51.1
2023-06-24 17:00,26.6
2023-06-24 18:28,23.8
2023-06-24 20:21,24.4
2023-06-24 22:21,33.3
2023-06-25 00:21,53.4
2023-06-25 02:21,43.4
2023-06-25 04:21,79.3
2023-06-25 07:47,69.8
2023-06-25 08:35,79.3
2023-06-25 13:11,24.0
2023-06-25 15:34,35.5
2023-06-25 16:25,45.7
2023-06-25 18:22,24.8
2023-06-25 20:38,78.7
2023-06-25 22:21,58.4
2023-06-26 00:21,54.9
2023-06-26 02:21,75.3
2023-06-26 04:21,38.9
2023-06-26 06:30,30.6
2023-06-26 08:29,36.0
2023-06-26 10:22,96.2
2023-06-26 12:22,158.3
2023-06-26 15:13,46.2
2023-06-26 16:51,63.5
2023-06-26 18:33,45.9
2023-06-26 21:09,35.3
2023-06-26 22:21,49.5
2023-06-27 00:21,90.2
2023-06-27 02:21,172.0
2023-06-27 04:21,43.1
2023-06-27 06:26,72.2
2023-06-27 08:56,73.9
2023-06-27 12:38,97.6
2023-06-27 14:32,151.9
2023-06-27 17:01,70.7
2023-06-27 18:23,53.5
2023-06-27 20:21,43.2
2023-06-27 22:21,74.5
2023-06-28 00:21,50.9
2023-06-28 02:21,55.1
2023-06-28 04:22,38.9
2023-06-28 08:22,67.9
2023-06-28 10:21,63.7
2023-06-28 12:21,18.4
2023-06-28 14:23,15.7
2023-06-28 17:20,34.1
2023-06-28 19:59,20.0
2023-06-28 20:42,12.6
2023-06-29 07:03,30.1
2023-06-29 07:54,37.7
2023-06-29 10:40,27.8
2023-06-29 12:42,42.0
2023-06-29 18:59,74.0
2023-06-30 07:16,26.5
2023-06-30 07:48,27.9
2023-06-30 12:02,37.0
2023-06-30 12:55,38.7
2023-07-01 16:38,57.5
2023-07-01 18:30,42.1
2023-07-01 20:27,16.1
2023-07-01 22:27,9.5
2023-07-02 00:27,15.1
2023-07-02 02:27,36.1
2023-07-02 04:27,74.9
2023-07-02 09:20,56.3
2023-07-02 11:29,22.9
2023-07-02 12:42,21.3
2023-07-02 14:27,36.5
2023-07-02 16:43,61.3
2023-07-02 19:03,28.7
2023-07-02 20:27,57.1
2023-07-02 22:27,103.8
2023-07-03 00:27,51.3
2023-07-03 02:27,31.1
2023-07-03 04:27,78.8
2023-07-03 06:47,84.4
2023-07-03 08:27,86.2
2023-07-03 10:29,81.9
2023-07-03 12:29,121.4
2023-07-03 14:46,29.4
2023-07-03 16:38,62.0
2023-07-03 21:55,22.5
2023-07-03 22:27,119.3
2023-07-04 00:27,42.1
2023-07-04 02:27,41.4
2023-07-04 04:27,60.0
2023-07-04 06:31,21.7
2023-07-04 08:30,75.1
2023-07-04 10:28,148.7
2023-07-04 12:27,122.9
2023-07-04 14:38,51.7
2023-07-04 16:30,48.5
2023-07-04 19:28,23.0
2023-07-04 21:02,25.6
2023-07-04 22:27,117.3
2023-07-05 00:27,162.0
2023-07-05 02:27,74.5
2023-07-05 04:27,26.7
2023-07-05 06:32,29.0
2023-07-05 08:51,73.5
2023-07-05 10:27,158.7
2023-07-05 12:27,43.6
2023-07-05 14:38,40.1
2023-07-05 16:31,32.6
2023-07-05 18:31,14.8
2023-07-05 21:47,19.1
2023-07-05 22:27,83.8
2023-07-06 00:27,62.1
2023-07-06 02:27,42.5
2023-07-06 04:27,37.8
2023-07-06 06:42,29.9
2023-07-06 08:43,36.8
2023-07-06 10:27,81.8
2023-07-06 12:47,32.1
2023-07-06 14:06,24.8
2023-07-06 16:20,48.3
2023-07-06 18:55,16.6
2023-07-06 20:06,11.4
2023-07-06 22:20,21.1
2023-07-07 00:06,26.4
2023-07-07 02:06,44.8
2023-07-07 04:07,45.4
2023-07-07 06:20,46.0
2023-07-07 08:19,30.8
2023-07-07 10:40,25.4
2023-07-07 12:24,28.7
2023-07-07 14:16,56.8
2023-07-07 16:19,45.3
2023-07-07 18:07,52.1
2023-07-07 20:12,76.4
2023-07-07 23:26,35.5
2023-07-08 00:20,86.2
2023-07-08 06:33,29.7
2023-07-08 08:08,38.6
2023-07-08 10:37,44.6
2023-07-08 14:25,69.4
2023-07-08 17:01,10.6
2023-07-08 19:11,9.9
2023-07-08 20:06,28.4
2023-07-08 22:06,15.1
2023-07-09 00:06,19.5
2023-07-09 02:06,57.5
2023-07-09 04:06,12.3
2023-07-09 06:06,42.9
2023-07-09 08:27,25.0
2023-07-09 10:07,46.6
2023-07-09 19:23,43.5
2023-07-09 20:41,22.4
2023-07-09 22:41,26.3
2023-07-10 00:58,55.6
2023-07-10 02:41,91.8
2023-07-10 04:41,24.2
2023-07-10 07:36,33.9
2023-07-10 08:41,54.7
2023-07-10 10:43,60.4
2023-07-10 12:44,117.5
2023-07-10 15:26,47.4
2023-07-10 16:41,85.1
2023-07-10 18:42,22.8
2023-07-10 21:17,28.1
2023-07-10 22:41,74.6
2023-07-11 00:41,44.3
2023-07-11 02:41,142.8
2023-07-11 04:41,66.0
2023-07-11 07:01,51.6
2023-07-11 08:43,76.2
2023-07-11 10:42,85.0
2023-07-11 12:57,17.3
2023-07-11 14:44,39.5
2023-07-11 16:47,34.3
2023-07-11 18:44,34.5
2023-07-11 21:15,43.1
2023-07-11 22:41,154.4
2023-07-12 00:41,71.6
2023-07-12 02:41,57.8
2023-07-12 04:41,19.9
2023-07-12 08:35,75.4
2023-07-12 08:48,86.4
2023-07-12 10:47,86.9
2023-07-12 12:45,128.3
2023-07-12 14:47,113.2
2023-07-12 16:54,70.5
2023-07-12 18:44,31.5
2023-07-13 06:19,37.5
2023-07-13 06:49,30.1
2023-07-13 08:44,100.7
2023-07-13 11:05,63.3
2023-07-13 12:41,69.8
2023-07-13 16:00,59.6
2023-07-13 17:00,43.4
2023-07-13 18:41,11.7
2023-07-13 21:41,31.3
2023-07-13 22:41,31.5
2023-07-14 00:41,51.6
2023-07-14 02:41,73.6
2023-07-14 04:41,31.2
2023-07-14 06:57,32.2
2023-07-14 08:41,70.2
2023-07-14 10:44,47.2
2023-07-14 12:41,33.7
2023-07-14 15:14,43.5
2023-07-14 17:17,54.6
2023-07-14 18:54,19.7
2023-07-14 20:54,35.8
2023-07-14 22:41,17.7
2023-07-15 00:41,82.2
2023-07-15 02:41,57.0
2023-07-15 07:38,32.2
2023-07-15 10:08,61.5
2023-07-15 10:21,68.9
2023-07-15 12:25,57.5
2023-07-15 14:27,51.3
2023-07-15 16:36,57.4
2023-07-15 18:17,64.0
2023-07-15 20:20,26.9
2023-07-15 22:16,14.9
2023-07-16 00:17,46.7
2023-07-16 02:16,39.1
2023-07-16 04:16,32.1
2023-07-16 07:10,31.3
2023-07-16 09:29,34.6
2023-07-16 10:45,31.3
2023-07-16 12:17,35.8
2023-07-16 15:04,89.6
2023-07-16 16:17,47.1
2023-07-16 18:16,27.2
2023-07-16 20:16,81.8
2023-07-16 22:16,25.4
2023-07-17 00:16,41.1
2023-07-17 02:16,34.4
2023-07-17 04:16,45.5
2023-07-17 06:48,21.3
2023-07-17 09:09,74.4
2023-07-17 10:30,123.0
2023-07-17 12:17,79.2
2023-07-17 16:25,35.3
2023-07-17 18:25,56.4
2023-07-17 20:16,25.5
2023-07-18 00:16,79.6
2023-07-18 02:32,48.2
2023-07-18 04:16,71.7
2023-07-18 08:15,22.3
2023-07-18 08:23,62.8
2023-07-18 10:35,96.1
2023-07-18 12:38,86.5
2023-07-18 14:16,72.8
2023-07-18 18:03,23.4
2023-07-18 18:17,19.2
2023-07-18 20:17,27.6
2023-07-18 22:16,32.3
2023-07-19 00:16,37.7
2023-07-19 02:16,63.4
2023-07-19 04:16,51.6
2023-07-19 07:48,27.5
2023-07-19 08:16,29.8
2023-07-19 10:20,112.2
2023-07-19 12:18,93.7
2023-07-19 14:16,22.5
2023-07-19 16:31,30.9
2023-07-19 18:18,42.1
2023-07-19 21:21,45.1
2023-07-19 22:16,95.6
2023-07-20 00:16,89.5
2023-07-20 02:16,30.4
2023-07-20 04:16,63.7
2023-07-20 06:28,69.0
2023-07-20 08:16,81.6
2023-07-20 10:16,62.5
2023-07-20 12:24,27.1
2023-07-20 14:19,24.9
2023-07-20 16:16,33.9
2023-07-20 21:50,15.3
2023-07-20 21:51,19.8
2023-07-20 22:17,55.8
2023-07-21 00:16,44.4
2023-07-21 02:16,53.4
2023-07-21 04:16,52.7
2023-07-21 06:19,24.8
2023-07-21 08:16,73.7
2023-07-21 12:04,49.0
2023-07-21 12:21,35.9
2023-07-21 14:16,27.7
2023-07-21 16:47,32.4
2023-07-21 18:16,37.9
2023-07-21 20:27,41.3
2023-07-22 08:28,51.5
2023-07-22 11:26,29.4
2023-07-22 13:56,35.7
2023-07-22 14:42,55.5
2023-07-22 16:27,37.4
2023-07-22 19:32,15.4
2023-07-22 20:26,22.3
2023-07-22 22:25,10.2
2023-07-23 00:25,22.5
2023-07-23 02:25,16.8
2023-07-23 04:25,27.0
2023-07-23 06:25,53.1
2023-07-23 08:40,22.6
2023-07-23 12:41,126.6
2023-07-24 06:11,60.1
2023-07-24 08:12,37.4
2023-07-24 10:12,93.3
2023-07-24 12:11,88.5
2023-07-24 16:37,61.3
2023-07-24 18:12,33.5
2023-07-24 21:03,23.4
2023-07-24 22:46,36.8
2023-07-25 00:47,74.2
2023-07-25 02:46,60.5
2023-07-25 04:47,65.3
2023-07-25 08:53,18.1
2023-07-25 10:46,148.1
2023-07-25 12:49,86.7
2023-07-25 14:47,58.3
2023-07-25 16:59,34.2
2023-07-25 18:47,27.4
2023-07-25 22:17,22.9
2023-07-25 22:46,30.4
2023-07-26 00:46,69.3
2023-07-26 02:46,30.9
2023-07-26 04:47,38.0
2023-07-26 09:22,89.5
2023-07-26 09:23,59.5
2023-07-26 10:47,118.8
2023-07-26 12:47,32.5
2023-07-26 14:48,60.6
2023-07-26 18:40,37.8
2023-07-26 18:57,23.1
2023-07-26 21:19,20.1
2023-07-26 22:47,40.0
2023-07-27 00:47,61.4
2023-07-27 02:46,37.8
2023-07-27 04:47,61.4
2023-07-27 06:47,68.9
2023-07-27 08:49,43.9
2023-07-27 10:50,100.4
2023-07-27 12:47,73.6
2023-07-27 15:04,26.8
2023-07-27 16:59,32.5
2023-07-27 18:46,20.9
2023-07-27 21:01,22.8
2023-07-27 22:47,80.9
2023-07-28 00:47,126.5
2023-07-28 02:47,65.6
2023-07-28 04:49,48.0
2023-07-28 10:37,57.8
2023-07-28 12:40,63.0
2023-07-28 15:39,52.1
2023-07-28 17:10,43.7
2023-07-28 18:38,36.4
2023-07-28 20:45,31.8
2023-07-28 22:32,59.1
2023-07-29 00:32,36.3
2023-07-29 02:32,34.3
2023-07-29 04:32,76.0
2023-07-29 07:14,61.6
2023-07-29 10:32,32.1
2023-07-29 12:33,80.1
2023-07-29 15:49,36.4
2023-07-29 17:59,74.0
2023-07-29 18:32,49.4
2023-07-29 20:40,42.0
2023-07-29 22:33,15.3
2023-07-30 00:32,25.1
2023-07-30 02:32,33.5
2023-07-30 04:32,116.2
2023-07-30 07:46,29.5
2023-07-30 09:44,36.7
2023-07-30 10:00,24.1
2023-07-30 12:01,53.9
2023-07-30 14:21,72.0
2023-07-30 16:37,119.5
2023-07-30 18:00,35.0
2023-07-30 20:00,51.1
2023-07-30 22:00,139.6
2023-07-31 00:00,42.1
2023-07-31 02:00,100.4
2023-07-31 04:00,101.4
2023-07-31 07:00,88.0
2023-07-31 08:00,92.5
2023-07-31 10:28,52.7
2023-07-31 14:29,36.2
2023-07-31 15:12,92.3
2023-07-31 17:12,74.9
2023-07-31 19:12,40.7
2023-07-31 21:12,76.1
2023-07-31 23:12,74.0
2023-08-01 01:12,32.5
2023-08-01 03:12,27.2
2023-08-01 05:13,158.9
2023-08-01 08:43,28.0
2023-08-01 09:13,109.1
2023-08-01 11:12,64.0
2023-08-01 13:12,74.8
2023-08-01 16:19,75.1
2023-08-01 18:48,24.8
2023-08-01 19:14,39.9
2023-08-01 21:12,28.1
2023-08-01 23:12,21.5
2023-08-02 01:12,42.3
2023-08-02 03:12,107.3
2023-08-02 05:12,51.2
2023-08-02 08:34,53.8
2023-08-02 09:15,94.2
2023-08-02 11:14,49.6
2023-08-02 13:12,91.3
2023-08-02 16:11,54.0
2023-08-02 17:15,55.8
2023-08-02 19:52,35.4
2023-08-02 21:12,58.5
2023-08-02 23:12,70.7
2023-08-03 01:12,50.0
2023-08-03 03:12,76.0
2023-08-03 05:44,55.9
2023-08-03 07:59,80.3
2023-08-03 09:30,95.1
2023-08-03 11:12,43.9
2023-08-03 13:18,70.3
2023-08-03 16:11,44.3
2023-08-03 17:36,43.8
2023-08-03 19:12,25.0
2023-08-03 21:14,56.7
2023-08-03 23:13,51.6
2023-08-04 01:12,39.9
2023-08-04 03:12,59.8
2023-08-04 05:12,40.9
2023-08-04 07:43,78.9
2023-08-04 09:14,53.2
2023-08-04 11:16,16.1
2023-08-04 13:18,38.9
2023-08-04 15:58,50.3
2023-08-04 17:36,27.2
2023-08-04 19:12,105.6
2023-08-04 21:12,13.9
2023-08-04 23:12,13.7
2023-08-05 01:12,26.2
2023-08-05 03:12,46.5
2023-08-05 05:13,45.8
2023-08-05 07:38,30.8
2023-08-05 09:13,58.1
2023-08-05 13:26,34.9
2023-08-05 14:58,46.5
2023-08-05 16:42,80.1
2023-08-05 18:36,19.5
2023-08-05 20:55,120.7
2023-08-05 22:34,46.2
2023-08-06 00:34,79.1
2023-08-06 02:34,46.5
2023-08-06 04:34,56.6
2023-08-06 06:42,46.7
2023-08-06 08:45,44.7
2023-08-06 10:37,42.6
2023-08-06 14:49,65.3
2023-08-06 17:41,64.7
2023-08-06 18:34,43.2
2023-08-06 20:41,21.9
2023-08-06 22:34,25.1
2023-08-07 00:34,20.2
2023-08-07 02:36,15.2
2023-08-07 04:34,55.4
2023-08-07 06:37,165.1
2023-08-07 09:00,91.9
2023-08-07 10:45,77.5
2023-08-07 12:51,40.1
2023-08-07 14:35,33.3
2023-08-07 16:44,24.8
2023-08-07 18:34,45.0
2023-08-07 20:34,140.8
2023-08-07 22:34,59.8
2023-08-08 00:34,37.8
2023-08-08 02:34,70.6
2023-08-08 07:08,70.8
2023-08-08 08:47,52.1
2023-08-08 10:22,66.5
2023-08-08 12:47,31.2
2023-08-08 14:18,38.4
2023-08-08 16:19,54.9
2023-08-08 18:25,21.6
2023-08-08 20:44,25.9
2023-08-08 22:18,23.7
2023-08-09 00:18,41.8
2023-08-09 02:19,34.1
2023-08-09 04:18,52.8
2023-08-09 07:27,41.1
2023-08-09 08:34,37.1
2023-08-09 17:20,54.7
2023-08-09 18:15,26.8
2023-08-09 20:15,30.0
2023-08-09 22:14,32.6
2023-08-10 00:14,61.4
2023-08-10 02:14,43.2
2023-08-10 04:14,50.4
2023-08-10 07:09,42.3
2023-08-10 08:16,94.7
2023-08-10 10:15,85.5
2023-08-10 12:15,74.4
2023-08-10 15:25,31.6
2023-08-10 16:15,21.3
2023-08-10 18:45,45.1
2023-08-10 21:56,27.2
2023-08-10 22:17,19.4
2023-08-11 00:14,68.5
2023-08-11 02:14,55.6
2023-08-11 04:14,26.7
2023-08-11 08:29,22.4
2023-08-11 08:31,31.2
2023-08-11 10:18,89.6
2023-08-11 12:16,57.7
2023-08-11 15:04,30.3
2023-08-11 16:18,48.0
2023-08-11 18:21,20.6
2023-08-11 20:15,15.1
2023-08-11 22:14,26.9
2023-08-12 00:15,24.2
2023-08-12 02:14,45.3
2023-08-12 04:14,47.3
2023-08-12 06:45,95.1
2023-08-12 09:19,87.8
2023-08-12 10:48,23.8
2023-08-12 13:10,75.9
2023-08-12 14:19,85.0
2023-08-12 18:23,24.9
2023-08-12 20:17,55.5
2023-08-12 22:14,47.4
2023-08-13 00:14,27.5
2023-08-13 02:14,48.3
2023-08-13 04:14,56.9
2023-08-13 06:14,93.7
2023-08-13 09:16,21.5
2023-08-13 12:32,52.5
2023-08-13 15:17,40.2
2023-08-13 16:17,36.8
2023-08-13 19:13,15.9
2023-08-13 20:27,34.9
2023-08-13 22:14,27.1
2023-08-14 00:15,35.5
2023-08-14 02:14,78.0
2023-08-14 04:14,38.6
2023-08-14 12:51,63.8
2023-08-14 14:08,56.3
2023-08-14 16:18,35.8
2023-08-14 18:06,64.0
2023-08-14 20:06,36.0
2023-08-14 22:06,73.0
2023-08-15 00:07,69.5
2023-08-15 02:06,52.4
2023-08-15 04:06,43.4
2023-08-15 06:10,58.4
2023-08-15 10:59,29.5
2023-08-15 11:00,76.7
2023-08-15 12:06,24.7
2023-08-15 14:23,77.0
2023-08-15 16:12,16.7
2023-08-15 18:38,23.7
2023-08-15 20:07,58.4
2023-08-15 22:06,95.9
2023-08-16 00:06,111.4
2023-08-16 02:06,54.9
2023-08-16 04:06,50.6
2023-08-16 08:42,39.8
2023-08-16 10:09,62.5
2023-08-16 12:07,65.5
2023-08-16 14:20,31.5
2023-08-16 16:07,35.8
2023-08-16 19:38,35.0
2023-08-16 20:07,28.6
2023-08-16 22:06,42.0
2023-08-17 00:06,14.0
2023-08-17 02:06,23.3
2023-08-17 04:06,30.7
2023-08-17 06:31,44.2
2023-08-17 08:44,53.8
2023-08-17 10:07,27.1
2023-08-17 12:07,22.0
2023-08-17 14:06,77.6
2023-08-17 16:47,80.9
2023-08-17 18:34,9.4
2023-08-17 20:27,56.3
2023-08-17 22:06,22.0
2023-08-18 00:06,52.7
2023-08-18 02:06,137.8
2023-08-18 04:06,36.9
2023-08-18 06:08,55.2
2023-08-18 08:37,22.8
2023-08-18 10:07,54.1
2023-08-18 12:06,86.2
2023-08-18 14:06,73.5
2023-08-18 16:17,36.4
2023-08-18 18:16,18.1
2023-08-18 20:06,13.1
2023-08-18 22:11,8.9
2023-08-19 00:06,25.8
2023-08-19 02:06,25.3
2023-08-19 04:06,38.8
2023-08-19 06:34,35.6
2023-08-19 09:55,95.2
2023-08-19 10:06,101.4
2023-08-19 13:54,41.8
2023-08-19 15:58,34.1
2023-08-19 17:57,48.4
2023-08-19 19:53,58.1
2023-08-19 21:52,80.5
2023-08-19 23:54,146.7
2023-08-20 01:52,51.0
2023-08-20 03:52,41.8
2023-08-20 05:52,99.4
2023-08-20 08:02,74.4
2023-08-20 10:11,37.9
2023-08-20 12:43,49.2
2023-08-20 14:36,20.8
2023-08-20 15:53,33.4
2023-08-20 17:55,20.4
2023-08-20 21:17,31.1
2023-08-20 22:23,144.9
2023-08-21 00:22,42.4
2023-08-21 02:22,71.3
2023-08-21 04:22,35.5
2023-08-21 06:57,30.8
2023-08-21 08:27,51.7
2023-08-21 10:23,86.8
2023-08-21 12:22,63.2
2023-08-21 15:40,39.6
2023-08-21 18:17,60.9
2023-08-21 18:32,31.5
2023-08-21 20:22,28.9
2023-08-21 22:22,83.4
2023-08-22 00:22,98.2
2023-08-22 02:22,16.9
2023-08-22 04:22,53.9
2023-08-22 08:22,76.7
2023-08-22 11:53,35.6
2023-08-22 12:22,108.8
2023-08-22 14:03,78.9
2023-08-22 16:48,56.6
2023-08-22 18:17,21.9
2023-08-22 20:07,22.6
2023-08-22 22:03,39.1
2023-08-23 00:03,45.5
2023-08-23 02:03,46.1
2023-08-23 04:03,34.2
2023-08-23 06:42,29.6
2023-08-23 09:45,64.3
2023-08-23 10:07,52.8
2023-08-23 13:11,48.9
2023-08-23 14:03,49.6
2023-08-23 16:32,34.6
2023-08-23 20:03,40.5
2023-08-23 22:03,89.8
2023-08-24 00:03,53.3
2023-08-24 02:03,38.5
2023-08-24 04:03,55.2
2023-08-24 13:23,86.6
2023-08-24 15:51,22.7
2023-08-24 16:26,45.8
2023-08-24 18:27,21.8
2023-08-24 20:27,60.9
2023-08-24 22:26,43.4
2023-08-25 00:26,52.5
2023-08-25 02:26,100.2
2023-08-25 04:26,66.7
2023-08-25 07:13,33.1
2023-08-25 10:09,22.7
2023-08-25 10:27,128.7
2023-08-25 13:46,125.7
2023-08-25 14:27,81.9
2023-08-25 17:24,50.2
2023-08-25 18:33,46.1
2023-08-25 20:29,12.3
2023-08-25 22:26,10.2
2023-08-26 00:26,28.1
2023-08-26 02:42,31.1
2023-08-26 04:26,25.7
2023-08-26 06:26,47.2
2023-08-26 08:27,74.4
2023-08-26 10:54,60.4
2023-08-26 12:28,45.0
2023-08-26 14:41,52.3
2023-08-26 17:19,59.0
2023-08-27 06:35,37.7
2023-08-27 09:28,79.3
2023-08-27 11:14,28.2
2023-08-27 13:41,42.5
2023-08-27 15:05,39.7
2023-08-27 17:14,40.1
2023-08-27 19:55,22.8
2023-08-27 21:05,41.2
2023-08-27 23:05,61.2
2023-08-28 01:05,59.1
2023-08-28 03:05,49.4
2023-08-28 05:05,117.5
2023-08-28 08:38,33.8
2023-08-28 09:05,30.8
2023-08-28 11:37,38.2
2023-08-28 13:08,29.8
2023-08-28 15:06,19.7
2023-08-28 17:17,28.6
2023-08-28 19:05,10.3
2023-08-28 21:05,35.1
2023-08-28 23:06,35.2
2023-08-29 01:05,69.8
2023-08-29 03:05,35.3
2023-08-29 08:46,19.8
2023-08-29 10:17,90.6
2023-08-29 13:50,84.5
2023-08-29 14:12,63.3
2023-08-29 16:45,37.8
2023-08-29 18:29,21.3
2023-08-29 20:10,41.9
2023-08-29 22:10,101.3
2023-08-30 00:10,39.1
2023-08-30 02:10,131.0
2023-08-30 04:10,50.8
2023-08-30 06:32,90.5
2023-08-30 08:21,37.6
2023-08-30 10:15,86.2
2023-08-30 16:41,16.3
2023-08-30 16:42,16.1
2023-08-30 18:10,20.6
2023-08-30 20:26,84.5
2023-08-30 22:10,64.1
2023-08-31 00:10,58.9
2023-08-31 02:10,60.2
2023-08-31 04:10,64.2
2023-08-31 06:32,64.9
2023-08-31 08:23,17.8
2023-08-31 10:17,32.2
2023-08-31 12:18,86.8
2023-08-31 14:12,71.0
2023-08-31 16:40,41.9
2023-08-31 18:29,24.2
2023-08-31 21:42,23.8
2023-08-31 22:10,78.3
2023-09-01 00:10,46.1
2023-09-01 02:10,36.6
2023-09-01 04:10,77.5
2023-09-01 06:45,61.0
2023-09-01 09:16,17.5
2023-09-01 10:12,88.2
2023-09-01 12:10,64.6
2023-09-01 14:17,52.2
2023-09-01 16:10,41.9
2023-09-01 18:12,67.1
2023-09-02 01:44,35.2
2023-09-02 02:10,61.4
2023-09-02 04:10,76.7
2023-09-02 06:10,81.4
2023-09-02 08:25,54.1
2023-09-02 10:10,62.2
2023-09-02 13:14,54.5
2023-09-02 14:10,83.8
2023-09-02 16:39,69.8
2023-09-02 18:11,12.5
2023-09-02 20:18,18.6
2023-09-02 22:10,26.6
2023-09-03 00:10,75.0
2023-09-03 02:10,99.5
2023-09-03 04:10,46.6
2023-09-03 06:11,61.5
2023-09-03 08:43,26.8
2023-09-03 10:31,52.2
2023-09-03 12:10,39.0
2023-09-03 14:19,58.9
2023-09-03 16:15,81.7
2023-09-03 18:10,28.1
2023-09-03 20:10,90.1
2023-09-03 22:10,64.3
2023-09-04 00:10,47.3
2023-09-04 02:10,112.5
2023-09-04 04:10,47.7
2023-09-04 09:26,16.1
2023-09-04 11:15,70.1
2023-09-04 12:31,29.9
2023-09-04 14:41,37.7
2023-09-04 16:10,33.8
2023-09-04 18:10,74.2
2023-09-04 20:11,49.5
2023-09-04 22:10,54.6
2023-09-05 00:10,61.7
2023-09-05 02:10,98.1
2023-09-05 04:10,142.4
2023-09-05 06:34,70.3
2023-09-05 08:43,72.1
2023-09-05 10:42,128.7
2023-09-05 12:10,93.8
2023-09-05 15:18,49.3
2023-09-05 16:30,24.8
2023-09-05 18:10,89.7
2023-09-05 20:19,80.6
2023-09-05 22:10,39.9
2023-09-06 00:11,72.9
2023-09-06 02:10,46.2
2023-09-06 04:10,51.9
2023-09-06 06:26,54.1
2023-09-06 16:09,78.9
2023-09-06 17:06,36.1
2023-09-06 18:13,27.2
2023-09-06 20:10,25.2
2023-09-06 22:10,27.7
2023-09-07 00:10,48.5
2023-09-07 02:10,103.0
2023-09-07 04:10,82.5
2023-09-07 06:13,115.1
2023-09-07 08:16,59.7
2023-09-07 10:12,153.4
2023-09-07 12:10,171.7
2023-09-07 14:18,41.8
2023-09-07 16:30,76.6
2023-09-07 18:35,26.2
2023-09-07 20:14,23.3
2023-09-08 06:13,79.3
2023-09-08 08:55,40.6
2023-09-08 08:58,101.1
2023-09-08 10:58,19.6
2023-09-08 12:59,75.3
2023-09-08 15:09,24.5
2023-09-08 17:09,65.4
2023-09-08 18:58,40.1
2023-09-08 20:57,16.2
2023-09-08 22:57,23.2
2023-09-09 00:57,28.4
2023-09-09 02:57,14.8
2023-09-09 04:57,38.6
2023-09-09 08:11,87.3
2023-09-09 09:20,76.7
2023-09-09 10:59,103.7
2023-09-09 12:53,52.9
2023-09-09 14:57,42.0
2023-09-09 16:58,35.0
2023-09-09 19:39,29.5
2023-09-10 13:36,23.8
2023-09-10 16:54,108.6
2023-09-10 17:27,24.3
2023-09-10 19:28,58.5
2023-09-10 21:26,116.3
2023-09-10 23:26,66.7
2023-09-11 01:26,23.3
2023-09-11 03:26,50.0
2023-09-11 05:26,45.1
2023-09-11 07:36,97.1
2023-09-11 09:27,60.6
2023-09-11 11:26,92.4
2023-09-11 13:27,67.6
2023-09-11 17:05,41.5
2023-09-11 17:27,34.8
2023-09-11 21:58,35.9
2023-09-11 23:26,55.1
2023-09-12 01:26,65.0
2023-09-12 03:26,58.9
2023-09-12 05:26,53.6
2023-09-12 07:27,38.7
2023-09-12 09:26,101.0
2023-09-12 11:26,104.5
2023-09-12 13:26,76.9
2023-09-12 15:35,57.0
2023-09-12 17:26,24.5
2023-09-12 19:26,26.2
2023-09-12 21:26,87.0
2023-09-12 23:26,22.9
2023-09-13 01:26,89.6
2023-09-13 03:26,69.6
2023-09-13 05:26,107.6
2023-09-13 07:33,51.0
2023-09-13 09:26,99.6
2023-09-13 14:27,122.1
2023-09-13 15:45,35.1
2023-09-13 17:26,20.5
2023-09-13 19:37,21.9
2023-09-13 21:26,25.1
2023-09-13 23:26,64.4
2023-09-14 01:26,65.7
2023-09-14 03:26,25.5
2023-09-14 05:26,48.0
2023-09-14 07:26,41.4
2023-09-14 09:27,131.8
2023-09-14 11:26,93.4
2023-09-14 13:34,92.5
2023-09-14 15:40,48.9
2023-09-14 17:51,9.7
2023-09-15 08:10,92.7
2023-09-15 10:12,49.3
2023-09-15 13:14,69.0
2023-09-15 13:55,59.1
2023-09-15 15:52,43.5
2023-09-15 17:55,69.1
2023-09-15 19:52,64.5
2023-09-15 21:52,44.1
2023-09-15 23:52,49.5
2023-09-16 01:52,94.1
2023-09-16 03:52,93.2
2023-09-16 06:04,135.6
2023-09-16 07:52,69.5
2023-09-16 09:54,69.5
2023-09-16 11:53,44.4
2023-09-16 14:37,48.3
2023-09-16 16:18,47.7
2023-09-16 18:22,60.9
2023-09-17 00:45,61.5
2023-09-17 02:44,31.8
2023-09-17 04:41,121.5
2023-09-17 06:41,84.5
2023-09-17 08:41,38.0
2023-09-17 10:41,40.2
2023-09-17 14:07,14.1
2023-09-17 14:45,61.3
2023-09-17 17:08,18.2
2023-09-17 18:50,53.5
2023-09-17 20:53,34.4
2023-09-17 23:08,62.9
2023-09-18 00:45,30.2
2023-09-18 02:42,26.7
2023-09-18 04:41,93.9
2023-09-18 06:41,26.0
2023-09-18 08:41,66.4
2023-09-18 13:07,72.0
2023-09-18 15:05,83.3
2023-09-18 16:47,29.6
2023-09-18 19:05,106.8
2023-09-18 21:08,71.1
2023-09-18 22:51,77.4
2023-09-19 01:00,41.0
2023-09-19 02:41,40.8
2023-09-19 04:41,55.2
2023-09-19 06:41,39.0
2023-09-19 08:41,55.9
2023-09-19 10:41,49.5
2023-09-19 12:41,50.4
2023-09-19 17:17,15.3
2023-09-19 20:15,49.7
2023-09-19 20:56,22.9
2023-09-19 23:26,35.9
2023-09-20 00:41,16.8
2023-09-20 02:41,61.7
2023-09-20 04:41,17.3
2023-09-20 06:41,54.8
2023-09-20 08:41,53.7
2023-09-20 10:41,44.7
2023-09-20 12:41,47.3
2023-09-20 14:57,45.6
2023-09-20 16:41,26.4
2023-09-20 18:41,49.6
2023-09-20 23:54,36.6
2023-09-21 00:28,26.1
2023-09-21 02:28,43.2
2023-09-21 04:28,50.8
2023-09-21 06:28,45.0
2023-09-21 08:28,62.3
2023-09-21 10:29,29.3
2023-09-21 15:15,24.9
2023-09-21 17:06,66.6
2023-09-21 18:36,52.2
2023-09-21 20:42,36.1
2023-09-21 22:30,14.7
2023-09-22 00:35,55.3
2023-09-22 06:37,38.6
2023-09-22 08:37,38.3
2023-09-22 10:37,42.7
2023-09-22 12:44,41.8
2023-09-22 14:41,75.6
2023-09-22 17:08,48.4
2023-09-22 18:40,73.0
2023-09-22 20:57,91.1
2023-09-22 22:40,36.2
2023-09-23 00:39,64.8
2023-09-23 02:43,27.4
2023-09-23 04:37,42.1
2023-09-23 06:37,112.1
2023-09-23 08:37,95.5
2023-09-23 10:37,42.1
2023-09-23 12:37,84.5
2023-09-23 15:51,28.1
2023-09-23 17:12,63.6
2023-09-23 18:38,53.6
2023-09-23 20:51,85.0
2023-09-23 22:37,29.7
2023-09-24 03:47,75.8
2023-09-24 05:47,74.6
2023-09-24 07:47,59.3
2023-09-24 09:47,81.9
2023-09-24 11:47,36.2
2023-09-24 14:36,41.8
2023-09-24 16:30,52.2
2023-09-24 17:57,50.8
2023-09-24 19:47,32.8
2023-09-24 21:47,27.9
2023-09-24 23:53,47.1
2023-09-25 01:48,66.6
2023-09-25 03:47,68.7
2023-09-25 05:47,19.3
2023-09-25 21:56,20.1
2023-09-26 00:00,60.5
2023-09-26 01:54,18.3
2023-09-26 03:54,76.6
2023-09-26 05:54,57.6
2023-09-26 07:54,33.8
2023-09-26 09:54,32.9
2023-09-26 11:54,49.7
2023-09-26 13:54,65.9
2023-09-26 15:55,63.0
2023-09-26 18:21,30.6
2023-09-26 21:26,11.2
2023-09-26 21:36,28.4
2023-09-26 23:38,82.2
2023-09-27 01:36,23.9
2023-09-27 03:38,19.9
2023-09-27 05:36,36.3
2023-09-27 07:36,44.8
2023-09-27 09:36,36.7
2023-09-27 14:00,82.4
2023-09-27 16:10,62.4
2023-09-27 17:36,51.9
2023-09-27 19:41,30.6
2023-09-27 21:51,45.2
2023-09-27 23:45,74.5
2023-09-28 02:01,28.1
2023-09-28 03:45,67.9
2023-09-28 05:36,55.7
2023-09-28 07:37,77.3
2023-09-28 09:36,60.5
2023-09-28 11:52,25.1
2023-09-28 15:36,49.7
2023-09-28 15:37,40.0
2023-09-28 17:37,35.5
2023-09-28 21:33,70.0
2023-09-28 21:36,67.9
2023-09-28 23:55,57.4
2023-09-29 01:36,31.9
2023-09-29 03:37,124.8
2023-09-29 05:37,51.9
2023-09-29 07:36,75.0
2023-09-29 09:36,123.3
2023-09-29 11:36,29.5
2023-09-29 14:20,52.6
2023-09-29 16:38,62.9
2023-09-29 17:58,68.1
2023-09-29 19:50,79.8
2023-09-29 21:44,52.2
2023-09-29 23:41,49.5
2023-09-30 01:45,46.6
2023-09-30 03:37,52.3
2023-09-30 05:52,23.0
2023-09-30 08:12,11.8
2023-09-30 09:36,16.1
2023-09-30 11:36,36.5
2023-10-01 03:30,22.3
2023-10-01 05:30,15.5
2023-10-01 07:30,89.0
2023-10-01 09:30,55.1
2023-10-01 11:30,37.6
2023-10-01 13:30,50.9
2023-10-01 15:54,39.4
2023-10-01 18:39,30.0
2023-10-01 20:01,125.3
2023-10-01 21:33,67.2
2023-10-01 23:32,66.6
2023-10-02 01:30,25.4
2023-10-02 03:30,32.8
2023-10-02 05:30,87.6
2023-10-02 07:32,54.4
2023-10-02 09:30,59.2
2023-10-02 17:07,38.3
2023-10-02 20:00,29.0
2023-10-02 21:18,104.4
2023-10-02 23:05,67.1
2023-10-03 01:04,50.4
2023-10-03 03:04,47.4
2023-10-03 05:03,50.2
2023-10-03 07:03,28.5
2023-10-03 09:03,109.9
2023-10-03 11:03,100.8
2023-10-03 14:23,48.7
2023-10-03 15:41,41.0
2023-10-03 17:23,41.2
2023-10-03 21:04,34.6
2023-10-03 23:11,62.2
2023-10-04 01:03,83.2
2023-10-04 03:27,76.4
2023-10-04 05:03,23.6
2023-10-04 07:03,50.4
2023-10-04 09:03,87.8
2023-10-04 11:03,31.9
2023-10-04 13:04,74.6
2023-10-04 15:03,62.5
2023-10-04 17:14,87.1
2023-10-04 19:09,42.0
2023-10-04 21:07,84.1
2023-10-04 23:18,68.7
2023-10-05 01:09,55.8
2023-10-05 17:27,71.3
2023-10-05 19:03,35.6
2023-10-05 21:04,66.2
2023-10-05 23:04,27.3
2023-10-06 01:09,92.9
2023-10-06 03:15,61.9
2023-10-06 05:03,11.9
2023-10-06 07:03,31.2
2023-10-06 09:03,40.2
2023-10-06 11:17,60.5
2023-10-06 14:20,63.7
2023-10-06 15:03,40.3
2023-10-06 17:04,23.3
2023-10-07 22:22,9.7
2023-10-08 00:24,17.1
2023-10-08 02:16,33.6
2023-10-08 04:16,12.7
2023-10-08 06:16,14.8
2023-10-08 08:18,22.0
2023-10-08 10:16,41.6
2023-10-08 16:28,60.7
2023-10-08 16:30,42.5
2023-10-08 18:17,19.1
2023-10-08 20:22,13.6
2023-10-08 22:16,12.5
2023-10-09 00:16,151.7
2023-10-09 02:16,57.5
2023-10-09 04:16,28.5
2023-10-09 06:16,52.7
2023-10-09 08:19,55.4
2023-10-09 14:58,37.8
2023-10-09 16:13,68.4
2023-10-09 18:17,68.1
2023-10-09 20:14,36.7
2023-10-09 22:13,14.3
2023-10-10 00:12,26.2
2023-10-10 02:12,13.7
2023-10-10 04:12,31.6
2023-10-10 06:12,60.6
2023-10-10 08:47,22.6
2023-10-10 10:12,32.6
2023-10-10 12:12,58.8
2023-10-10 14:12,27.0
2023-10-10 16:42,25.3
2023-10-10 18:14,21.9
2023-10-10 21:19,29.2
2023-10-10 22:12,83.9
2023-10-11 00:12,100.3
2023-10-11 02:12,70.1
2023-10-11 04:12,80.3
2023-10-11 06:12,91.3
2023-10-11 08:17,44.7
2023-10-11 10:35,95.4
2023-10-11 12:40,58.5
2023-10-11 15:38,17.3
2023-10-11 16:18,43.5
2023-10-11 18:13,13.9
2023-10-11 20:12,14.0
2023-10-11 22:28,21.8
2023-10-12 00:12,24.3
2023-10-12 02:12,41.6
2023-10-12 04:12,34.8
2023-10-12 06:13,61.0
2023-10-12 08:34,32.8
2023-10-12 10:17,28.8
2023-10-12 14:34,13.6
2023-10-12 16:19,44.7
2023-10-12 18:16,33.9
2023-10-12 20:16,28.8
2023-10-12 22:12,14.4
2023-10-13 00:12,39.2
2023-10-13 02:12,39.4
2023-10-13 04:13,73.3
2023-10-13 06:13,41.8
2023-10-13 09:05,25.1
2023-10-13 10:17,67.4
2023-10-13 12:24,46.0
2023-10-13 17:16,44.8
2023-10-13 18:34,24.1
2023-10-13 20:18,29.9
2023-10-13 22:12,8.8
2023-10-14 00:12,28.3
2023-10-14 02:12,40.6
2023-10-14 04:12,42.3
2023-10-14 06:12,30.8
2023-10-14 08:44,78.7
2023-10-14 10:15,79.0
2023-10-14 12:16,64.4
2023-10-14 15:09,77.8
2023-10-15 08:33,57.8
2023-10-15 11:48,100.5
2023-10-15 14:05,49.8
2023-10-15 15:13,73.1
2023-10-15 17:10,39.0
2023-10-15 19:05,36.2
2023-10-15 21:03,21.4
2023-10-15 23:02,70.4
2023-10-16 01:02,62.6
2023-10-16 03:02,53.7
2023-10-16 05:03,24.0
2023-10-16 07:06,68.4
2023-10-16 09:04,67.4
2023-10-16 11:02,60.0
2023-10-16 13:02,83.7
2023-10-16 15:41,64.7
2023-10-16 19:02,10.8
2023-10-16 21:02,27.6
2023-10-16 23:02,61.9
2023-10-17 01:02,51.5
2023-10-17 03:02,113.1
2023-10-17 05:02,29.8
2023-10-17 08:46,26.7
2023-10-17 09:02,106.4
2023-10-17 11:10,45.1
2023-10-17 13:20,96.6
2023-10-17 19:55,60.0
2023-10-17 21:02,41.8
2023-10-17 23:02,54.0
2023-10-18 01:02,38.6
2023-10-18 03:02,44.6
2023-10-18 05:02,60.7
2023-10-18 08:18,22.5
2023-10-18 09:04,103.6
2023-10-18 11:09,72.2
2023-10-18 13:02,91.8
2023-10-18 17:46,34.4
2023-10-18 19:03,66.6
2023-10-18 21:03,40.5
2023-10-19 08:27,26.1
2023-10-19 09:02,24.5
2023-10-19 12:16,35.4
2023-10-19 13:08,13.0
2023-10-19 15:33,26.7
2023-10-19 17:03,41.3
2023-10-19 19:03,35.7
2023-10-19 21:02,38.2
2023-10-19 23:02,121.5
2023-10-20 01:02,44.8
2023-10-20 03:02,40.2
2023-10-20 05:02,62.1
2023-10-20 07:37,99.5
2023-10-20 09:02,78.8
2023-10-20 13:20,65.6
2023-10-20 17:03,73.0
2023-10-20 19:23,21.2
2023-10-20 21:03,48.9
2023-10-20 23:03,33.8
2023-10-21 01:02,13.5
2023-10-21 03:02,25.2
2023-10-21 05:02,63.1
2023-10-21 08:24,99.5
2023-10-22 08:05,9.6
2023-10-22 09:56,64.4
2023-10-22 11:40,92.1
2023-10-22 14:25,49.2
2023-10-22 16:17,30.8
2023-10-22 18:01,35.0
2023-10-22 19:32,33.0
2023-10-22 21:30,29.1
2023-10-22 23:30,53.2
2023-10-23 01:30,82.4
2023-10-23 03:30,37.4
2023-10-23 05:30,68.0
2023-10-23 07:41,49.3
2023-10-23 15:35,18.1
2023-10-23 17:11,75.2
2023-10-23 18:10,34.5
2023-10-23 20:10,21.1
2023-10-23 21:53,95.3
2023-10-23 23:53,48.1
2023-10-24 01:53,38.9
2023-10-24 03:52,65.6
2023-10-24 10:29,76.5
2023-10-24 12:11,100.9
2023-10-24 15:15,65.9
2023-10-24 17:05,35.3
2023-10-24 17:55,84.1
2023-10-24 20:20,58.2
2023-10-24 21:52,68.8
2023-10-24 23:53,59.2
2023-10-25 01:53,42.8
2023-10-25 03:53,48.7
2023-10-25 08:52,54.5
2023-10-25 10:00,63.6
2023-10-25 12:07,109.9
2023-10-25 13:53,86.1
2023-10-25 17:53,82.6
2023-10-25 19:52,35.4
2023-10-25 21:54,50.6
2023-10-25 23:52,48.0
2023-10-26 01:53,39.9
2023-10-26 03:52,41.4
2023-10-26 06:42,52.9
2023-10-26 08:59,80.9
2023-10-26 09:53,86.6
2023-10-26 12:09,44.3
2023-10-26 13:54,74.6
2023-10-26 15:53,88.3
2023-10-26 17:55,74.6
2023-10-26 19:53,53.1
2023-10-26 21:53,49.0
2023-10-26 23:53,24.3
2023-10-27 01:52,94.7
2023-10-27 03:53,87.7
2023-10-27 08:01,103.8
2023-10-27 12:16,56.7
2023-10-27 13:53,59.5
2023-10-27 16:07,44.6
2023-10-28 10:59,32.5
2023-10-28 11:34,25.7
2023-10-28 14:44,39.6
2023-10-28 15:26,41.9
2023-10-28 17:32,50.2
2023-10-28 19:30,29.7
2023-10-28 21:26,20.5
2023-10-28 23:26,102.4
2023-10-29 01:26,10.0
2023-10-29 03:26,24.2
2023-10-29 05:26,33.8
2023-10-29 07:30,72.6
2023-10-29 09:26,43.7
2023-10-29 11:27,36.4
2023-10-29 13:26,50.4
2023-10-29 15:38,40.8
2023-10-29 17:39,30.2
2023-10-29 19:32,49.1
2023-10-29 21:26,49.2
2023-10-29 23:26,44.3
2023-10-30 01:26,25.1
2023-10-30 03:26,109.6
2023-10-30 05:26,60.5
2023-10-30 07:26,64.1
2023-10-30 09:33,29.3
2023-10-30 11:28,74.8
2023-10-30 13:28,110.0
2023-10-30 17:28,73.5
2023-10-30 19:26,72.5
2023-10-30 21:26,52.1
2023-10-30 23:26,50.4
2023-11-03 09:18,20.5
2023-11-03 10:35,97.3
2023-11-03 12:30,89.9
2023-11-03 14:30,41.9
2023-11-03 16:30,19.5
2023-11-03 19:15,50.7
2023-11-03 20:33,31.1
2023-11-03 22:30,23.3
2023-11-04 00:30,67.2
2023-11-04 02:30,102.9
2023-11-04 04:30,40.8
2023-11-04 06:32,24.4
2023-11-04 09:24,55.3
2023-11-04 10:45,32.2
2023-11-04 12:54,54.0
2023-11-04 14:44,58.7
2023-11-05 10:06,64.0
2023-11-05 11:04,84.3
2023-11-05 13:38,44.8
2023-11-05 14:58,84.8
2023-11-05 17:01,59.0
2023-11-05 19:32,32.4
2023-11-05 20:38,21.5
2023-11-05 22:38,31.3
2023-11-06 00:38,39.1
2023-11-06 02:38,55.9
2023-11-06 04:38,118.3
2023-11-06 08:39,127.0
2023-11-06 10:45,82.2
2023-11-06 15:26,115.4
2023-11-06 16:54,74.0
2023-11-06 18:38,52.4
2023-11-06 20:38,68.0
2023-11-06 22:38,98.0
2023-11-07 00:38,37.1
2023-11-07 02:38,27.0
2023-11-07 04:39,51.7
2023-11-07 07:03,61.0
2023-11-07 08:50,37.3
2023-11-07 10:40,27.7
2023-11-07 12:46,37.0
2023-11-07 16:38,63.2
2023-11-07 18:57,22.6
2023-11-07 20:57,45.5
2023-11-07 22:38,17.6
2023-11-08 00:38,41.4
2023-11-08 20:52,24.4
2023-11-08 22:05,40.3
2023-11-09 00:16,50.7
2023-11-09 02:07,57.6
2023-11-09 04:49,13.2
2023-11-09 06:07,26.3
2023-11-09 08:05,30.0
2023-11-09 10:07,65.3
2023-11-09 12:12,36.3
2023-11-09 14:04,39.2
2023-11-09 16:04,27.8
2023-11-09 18:04,65.9
2023-11-09 22:12,28.5
2023-11-10 00:09,28.6
2023-11-10 02:40,88.6
2023-11-10 04:05,26.6
2023-11-10 06:04,74.5
2023-11-10 08:08,75.6
2023-11-10 10:05,101.4
2023-11-10 12:04,36.0
2023-11-10 14:04,25.2
2023-11-10 16:04,28.6
2023-11-10 18:04,25.7
2023-11-10 22:04,38.0
2023-11-11 00:22,42.0
2023-11-11 02:04,99.4
2023-11-11 04:04,70.5
2023-11-11 06:06,36.9
2023-11-11 08:04,51.2
2023-11-11 10:04,65.5
2023-11-11 12:04,57.5
2023-11-11 14:04,63.3
2023-11-11 16:04,71.5
2023-11-11 18:05,22.1
2023-11-11 20:41,50.6
2023-11-11 22:06,57.4
2023-11-12 00:05,47.0
2023-11-12 07:29,85.4
2023-11-12 08:04,23.5
2023-11-12 10:04,69.2
2023-11-12 12:04,64.5
2023-11-12 14:20,33.1
2023-11-12 16:04,24.4
2023-11-12 18:04,63.4
2023-11-12 20:24,29.7
2023-11-12 22:13,55.5
2023-11-13 04:25,69.9
2023-11-13 06:29,66.8
2023-11-13 08:06,38.7
2023-11-13 10:12,41.3
2023-11-13 12:04,21.3
2023-11-13 14:04,12.0
2023-11-13 16:04,39.8
2023-11-13 18:05,30.5
2023-11-13 21:15,25.6
2023-11-13 22:23,16.1
2023-11-14 02:16,22.7
2023-11-14 02:59,45.2
2023-11-14 05:08,26.7
2023-11-14 06:10,90.0
2023-11-14 08:14,37.0
2023-11-14 10:25,29.9
2023-11-14 21:01,76.4
2023-11-14 22:11,25.0
2023-11-15 00:20,14.3
2023-11-15 02:06,66.2
2023-11-15 04:04,75.3
2023-11-15 06:06,60.7
2023-11-15 08:09,35.0
2023-11-15 10:06,14.1
2023-11-15 12:04,16.6
2023-11-15 14:04,16.4
2023-11-15 16:04,33.0
2023-11-15 20:54,15.8
2023-11-15 22:04,18.9
2023-11-16 02:16,17.3
2023-11-16 04:13,28.4
2023-11-16 06:11,27.9
2023-11-16 08:06,15.2
2023-11-16 10:04,39.5
2023-11-16 12:05,62.0
2023-11-16 14:04,92.6
2023-11-16 16:04,23.3
2023-11-16 18:05,26.1
2023-11-16 20:47,44.7
2023-11-16 22:22,42.6
2023-11-17 00:04,15.7
2023-11-17 02:04,18.3
2023-11-17 04:04,28.3
2023-11-17 06:05,45.3
2023-11-17 08:28,41.9
2023-11-17 10:07,13.7
2023-11-17 12:04,31.2
2023-11-18 08:46,28.6
2023-11-18 09:28,26.3
2023-11-18 13:15,12.5
2023-11-18 14:02,61.6
2023-11-18 16:24,29.1
2023-11-18 17:29,27.3
2023-11-18 19:32,23.5
2023-11-18 21:29,29.2
2023-11-18 23:28,25.4
2023-11-19 01:28,24.9
2023-11-19 03:28,25.6
2023-11-19 05:28,27.5
2023-11-19 07:37,34.0
2023-11-19 11:17,39.8
2023-11-19 11:47,15.3
2023-11-19 13:28,51.6
2023-11-19 15:51,42.7
2023-11-19 17:36,51.2
2023-11-19 20:05,26.4
2023-11-19 21:32,34.0
2023-11-19 23:28,39.4
2023-11-20 01:28,113.0
2023-11-20 21:09,67.2
2023-11-20 21:29,26.3
2023-11-20 23:29,54.7
2023-11-21 01:29,39.5
2023-11-21 03:29,39.6
2023-11-21 07:34,10.8
2023-11-21 07:35,16.0
2023-11-21 09:54,37.1
2023-11-21 11:32,25.3
2023-11-21 13:33,21.5
2023-11-21 15:32,42.2
2023-11-21 17:42,35.6
2023-11-21 19:29,63.3
2023-11-21 21:29,66.3
2023-11-21 23:29,24.7
2023-11-22 01:29,48.7
2023-11-22 03:29,21.8
2023-11-22 05:32,33.1
2023-11-22 09:38,61.8
2023-11-22 09:43,50.7
2023-11-22 11:29,45.6
2023-11-22 13:29,66.6
2023-11-22 16:16,78.9
2023-11-22 18:02,29.0
2023-11-22 19:46,8.3
2023-11-22 21:35,42.5
2023-11-22 23:29,32.8
2023-11-23 01:29,72.9
2023-11-23 03:29,25.6
2023-11-23 05:48,17.1
2023-11-23 07:29,84.8
2023-11-23 10:28,53.2
2023-11-23 11:48,47.7
2023-11-23 13:55,45.3
2023-11-23 16:13,34.6
2023-11-23 17:30,14.1
2023-11-23 19:29,34.3
2023-11-23 21:29,44.6
2023-11-23 23:29,14.8
2023-11-24 01:29,39.5
2023-11-24 03:29,75.9
2023-11-24 05:29,18.0
2023-11-24 07:51,13.6
2023-11-24 09:58,32.5
2023-11-25 09:37,36.0
2023-11-25 10:06,32.4
2023-11-25 11:55,56.4
2023-11-25 13:53,35.0
2023-11-25 15:53,18.8
2023-11-25 18:28,57.0
2023-11-25 19:50,36.7
2023-11-25 21:50,32.7
2023-11-25 23:50,58.1
2023-11-26 01:50,71.7
2023-11-26 03:50,21.4
2023-11-26 05:54,55.4
2023-11-26 12:45,88.2
2023-11-26 13:01,36.5
2023-11-26 15:06,19.3
2023-11-26 17:06,40.9
2023-11-26 19:02,22.4
2023-11-26 21:01,96.7
2023-11-26 23:01,45.8
2023-11-27 01:02,66.1
2023-11-27 03:01,63.3
2023-11-27 05:01,60.3
2023-11-27 07:34,63.3
2023-11-27 09:26,97.4
2023-11-27 11:01,136.0
2023-11-27 13:06,81.4
2023-11-27 17:40,35.9
2023-11-27 19:22,41.9
2023-11-27 21:03,43.5
2023-11-27 23:01,28.9
2023-11-28 01:01,42.3
2023-11-28 03:01,63.2
2023-11-28 05:01,35.4
2023-11-28 07:04,37.4
2023-11-28 09:07,63.8
2023-11-28 11:02,76.7
2023-11-28 13:08,67.1
2023-11-28 15:02,89.5
2023-11-28 17:02,15.2
2023-11-28 19:06,51.9
2023-11-28 21:02,27.6
2023-11-28 23:18,50.2
2023-11-29 01:01,41.8
2023-11-29 03:01,94.1
2023-11-29 05:01,51.1
2023-11-29 10:01,114.9
2023-11-29 11:09,100.1
2023-11-29 13:02,90.3
2023-11-29 15:02,130.3
2023-11-29 17:57,98.3
2023-11-29 19:04,19.1
2023-11-29 21:04,29.3
2023-11-29 23:01,47.5
2023-11-30 01:01,25.4
2023-11-30 03:01,40.7
2023-11-30 05:01,32.4
2023-11-30 07:24,72.3
2023-11-30 09:22,103.7
2023-11-30 11:03,27.0
2023-11-30 13:23,60.0
2023-11-30 15:01,74.2
2023-11-30 17:05,68.7
2023-12-02 12:18,22.1
2023-12-02 13:53,51.7
2023-12-02 16:18,68.8
2023-12-02 17:57,70.3
2023-12-02 20:13,26.1
2023-12-02 21:53,36.3
2023-12-02 23:53,39.2
2023-12-03 01:53,14.5
2023-12-03 03:53,29.1
2023-12-03 05:53,55.3
2023-12-03 08:07,36.8
2023-12-03 10:14,46.9
2023-12-03 12:01,68.2
2023-12-03 13:54,53.2
2023-12-03 16:35,77.3
2023-12-03 18:45,18.8
2023-12-03 19:54,75.5
2023-12-05 09:59,65.1
2023-12-05 10:03,60.8
2023-12-05 11:18,119.3
2023-12-05 13:19,74.6
2023-12-05 15:20,172.4
2023-12-05 17:21,68.9
2023-12-05 19:18,26.0
2023-12-05 21:19,26.3
2023-12-05 23:18,42.0
2023-12-06 01:19,57.0
2023-12-06 03:18,70.0
2023-12-06 05:18,69.2
2023-12-06 07:18,37.8
2023-12-06 09:39,67.0
2023-12-06 11:19,81.6
2023-12-06 13:19,77.6
2023-12-06 15:21,81.5
2023-12-06 17:18,115.6
2023-12-06 19:21,57.9
2023-12-06 21:19,35.5
2023-12-09 12:05,64.2
2023-12-09 15:15,95.6
2023-12-09 17:14,43.6
2023-12-09 18:11,30.9
2023-12-09 20:10,22.8
2023-12-09 22:07,19.5
2023-12-10 00:05,13.8
2023-12-10 02:05,21.3
2023-12-10 04:05,27.8
2023-12-10 06:05,49.7
2023-12-12 13:27,35.0
2023-12-12 15:52,54.6
2023-12-12 17:59,42.7
2023-12-12 19:32,52.5
2023-12-12 21:26,47.3
2023-12-12 23:26,28.4
2023-12-13 01:27,104.4
2023-12-13 03:26,59.1
2023-12-13 05:26,30.9
2023-12-13 07:26,63.9
2023-12-13 11:27,43.3
2023-12-13 13:26,39.1
2023-12-13 15:43,94.4
2023-12-13 17:42,69.7
2023-12-13 19:31,31.4
2023-12-13 21:26,53.5
2023-12-13 23:26,32.7
2023-12-14 01:26,73.8
2023-12-14 03:26,44.3
2023-12-15 14:02,22.8
2023-12-15 16:37,66.9
2023-12-15 18:04,95.4
2023-12-15 20:02,21.4
2023-12-15 22:02,36.9
2023-12-16 00:02,51.2
2023-12-16 02:02,28.6
2023-12-16 04:02,74.4
2023-12-16 06:02,62.2
2023-12-16 08:16,147.1
2023-12-16 10:06,54.6
2023-12-16 14:41,58.5
2023-12-16 16:17,24.1
2023-12-16 18:06,54.2
2023-12-16 22:13,45.2
2023-12-17 00:07,24.0
2023-12-17 02:02,41.5
2023-12-17 04:02,19.5
2023-12-17 06:02,35.7
2023-12-17 16:08,17.7
2023-12-17 17:10,18.8
2023-12-17 19:11,20.3
2023-12-17 21:11,27.8
2023-12-17 23:10,28.7
2023-12-18 01:10,75.9
2023-12-18 03:10,32.5
2023-12-18 05:10,63.3
2023-12-18 07:16,39.5
2023-12-18 09:11,70.5
2023-12-18 13:11,102.4
2023-12-18 15:29,67.9
2023-12-18 17:10,19.4
2023-12-18 20:06,27.0
2023-12-18 21:10,42.7
2023-12-18 23:10,24.6
2023-12-19 01:10,44.6
2023-12-19 03:10,52.1
2023-12-19 05:10,83.4
2023-12-19 07:50,25.6
2023-12-19 09:55,18.9
2023-12-19 11:16,71.2
2023-12-19 13:10,79.7
2023-12-19 15:36,29.8
2023-12-19 18:09,55.8
2023-12-19 19:10,34.5
2023-12-19 21:10,24.2
2023-12-19 23:10,36.2
2023-12-20 01:11,97.1
2023-12-20 03:10,122.4
2023-12-20 05:10,127.3
2023-12-20 07:22,51.9
2023-12-20 09:51,36.6
2023-12-20 11:11,113.3
2023-12-20 13:15,61.9
2023-12-20 15:17,121.7
2023-12-21 10:59,54.6
2023-12-21 11:31,29.4
2023-12-21 13:10,33.5
2023-12-21 15:16,27.3
2023-12-21 17:11,47.9
2023-12-21 19:13,48.5
2023-12-21 21:12,64.2
2023-12-21 23:10,69.7
2023-12-22 01:10,76.6
2023-12-22 03:10,24.4
2023-12-22 05:10,63.8
2023-12-22 07:10,49.0
2023-12-22 09:12,65.8
2023-12-22 11:12,120.1
2023-12-22 13:12,78.0
2023-12-22 15:19,40.6
2023-12-22 17:22,52.5
2023-12-23 12:17,9.5
2023-12-23 13:06,17.3
2023-12-25 18:22,56.9
2023-12-25 20:54,55.3
2023-12-25 22:21,35.1
2023-12-26 00:20,63.1
2023-12-26 02:20,46.5
2023-12-26 04:20,41.0
2023-12-26 06:21,86.1
2023-12-26 08:59,54.6
2023-12-26 10:22,98.3
2023-12-26 12:23,86.6
2023-12-26 15:32,97.0
2023-12-26 16:37,73.7
2023-12-26 18:23,38.4
2023-12-26 20:57,37.3
2023-12-26 22:22,75.0
2023-12-28 11:34,52.4
2023-12-28 11:52,51.1
2023-12-28 12:35,69.2
2023-12-28 14:27,45.7
2023-12-28 17:03,41.9
2023-12-28 18:22,43.5
2023-12-28 21:03,21.9
2023-12-28 22:34,87.6
2023-12-29 00:19,38.9
2023-12-29 02:23,19.3
2023-12-29 04:19,11.2
2023-12-29 06:19,14.0
2023-12-29 08:19,15.4
2023-12-29 12:14,41.0
2023-12-29 12:29,13.7
2023-12-29 14:25,79.3
2023-12-29 16:36,38.7
2023-12-29 18:19,33.1
2023-12-29 20:19,12.9
2023-12-29 22:20,15.0
2023-12-30 00:18,34.0
2023-12-30 02:18,37.9
2023-12-30 04:19,52.0
2023-12-30 06:19,36.8
2023-12-30 08:26,69.4
2023-12-30 10:19,28.2
2023-12-30 12:28,29.8
2023-12-30 14:27,51.9
2023-12-30 16:18,27.1
2023-12-30 19:06,31.5
2024-01-01 15:14,56.2
2024-01-01 16:45,38.7
2024-01-01 20:26,62.3
2024-01-01 22:12,60.5
2024-01-02 00:10,70.9
2024-01-02 02:10,59.3
2024-01-02 04:10,138.2
2024-01-02 06:10,44.1
2024-01-02 08:18,23.2
2024-01-02 11:35,17.7
2024-01-02 12:10,27.6
2024-01-02 18:19,87.8
2024-01-02 20:10,27.9
2024-01-02 22:10,63.8
2024-01-03 00:10,28.0
2024-01-03 02:10,121.7
2024-01-03 04:10,44.4
2024-01-03 06:10,75.5
2024-01-03 11:55,57.0
2024-01-03 12:08,101.5
2024-01-03 12:10,131.1
2024-01-03 16:52,76.5
2024-01-03 18:49,36.6
2024-01-03 20:10,43.3
2024-01-03 22:11,17.1
2024-01-04 00:10,82.5
2024-01-04 02:10,42.3
2024-01-04 04:10,39.5
2024-01-04 06:10,28.7
2024-01-04 09:20,19.5
2024-01-04 10:18,88.8
2024-01-04 14:15,91.0
2024-01-04 16:16,78.3
2024-01-04 18:12,89.0
2024-01-05 10:29,24.7
2024-01-05 11:20,46.6
2024-01-06 18:14,47.6
2024-01-06 19:40,68.0
2024-01-06 21:22,61.2
2024-01-06 23:20,42.4
2024-01-07 01:21,31.1
2024-01-07 03:20,85.7
2024-01-07 05:21,41.9
2024-01-07 07:20,40.6
2024-01-07 09:23,46.8
2024-01-07 11:51,35.9
2024-01-07 13:36,22.5
2024-01-07 15:54,41.2
2024-01-07 17:24,36.6
2024-01-08 17:11,12.2
2024-01-08 19:50,14.9
2024-01-08 21:07,37.3
2024-01-08 23:07,42.0
2024-01-09 01:07,38.5
2024-01-09 03:07,68.8
2024-01-09 05:07,22.2
2024-01-09 07:29,18.8
2024-01-09 11:16,44.9
2024-01-09 13:07,64.0
2024-01-09 15:11,84.2
2024-01-09 17:35,67.9
2024-01-09 19:10,19.3
2024-01-09 22:27,51.3
2024-01-09 22:38,29.4
2024-01-10 00:38,30.1
2024-01-10 02:38,39.7
2024-01-10 04:38,38.0
2024-01-10 06:40,65.0
2024-01-10 10:45,55.4
2024-01-10 12:41,81.4
2024-01-10 14:57,66.7
2024-01-10 16:38,63.5
2024-01-10 18:38,27.2
2024-01-10 20:38,24.6
2024-01-10 22:38,60.6
2024-01-11 00:38,85.6
2024-01-11 02:38,59.5
2024-01-11 04:38,59.9
2024-01-11 06:43,46.8
2024-01-11 22:21,33.1
2024-01-11 22:38,43.2
2024-01-12 00:38,40.6
2024-01-12 02:38,57.6
2024-01-12 04:38,67.9
2024-01-12 07:02,60.4
2024-01-12 08:53,30.8
2024-01-12 10:40,123.5
2024-01-12 12:45,118.8
2024-01-12 14:39,107.6
2024-01-12 16:48,52.4
2024-01-12 18:55,64.2
2024-01-12 20:45,84.8
2024-01-12 22:38,51.6
2024-01-13 00:38,57.9
2024-01-13 02:38,64.0
2024-01-13 04:38,18.0
2024-01-13 06:38,42.8
2024-01-13 08:38,91.4
2024-01-14 08:29,72.3
2024-01-14 11:58,25.8
2024-01-14 13:50,71.8
2024-01-15 11:30,92.5
2024-01-15 13:29,82.0
2024-01-15 15:32,97.1
2024-01-15 17:42,88.3
2024-01-15 19:42,63.7
2024-01-15 21:42,112.8
2024-01-15 23:29,45.9
2024-01-16 01:29,78.2
2024-01-16 03:29,49.4
2024-01-16 05:29,35.3
2024-01-16 09:08,11.3
2024-01-16 10:06,83.1
2024-01-16 12:05,98.9
2024-01-16 14:29,124.7
2024-01-16 16:11,124.6
2024-01-18 08:45,139.6
2024-01-18 10:06,148.7
2024-01-18 12:22,117.4
2024-01-18 14:06,115.3
2024-01-18 17:13,20.0
2024-01-18 18:06,70.5
2024-01-18 20:05,44.0
2024-01-18 22:06,99.3
2024-01-19 00:05,71.5
2024-01-19 02:05,75.6
2024-01-19 04:06,78.2
2024-01-19 06:05,39.7
2024-01-19 08:29,46.2
2024-01-19 12:12,42.3
2024-01-20 15:51,95.0
2024-01-20 17:07,55.6
2024-01-20 19:05,57.8
2024-01-20 21:05,41.2
2024-01-20 23:06,59.0
2024-01-21 01:06,167.4
2024-01-21 10:10,20.7
2024-01-21 11:30,29.4
2024-01-21 14:33,20.5
2024-01-21 15:42,93.3
2024-01-21 17:32,104.0
2024-01-21 19:28,87.5
2024-01-21 21:26,36.1
2024-01-21 23:24,28.7
2024-01-22 01:24,35.0
2024-01-22 03:24,40.0
2024-01-22 05:24,44.4
2024-01-22 07:49,31.7
2024-01-22 09:26,109.3
2024-01-22 11:42,111.0
2024-01-22 13:40,145.2
2024-01-24 09:32,63.6
2024-01-24 11:33,139.3
2024-01-24 13:33,138.1
2024-01-24 15:39,52.3
2024-01-24 18:01,35.8
2024-01-24 19:32,39.7
2024-01-24 21:32,54.0
2024-01-24 23:33,44.8
2024-01-25 01:32,70.4
2024-01-25 03:32,49.7
2024-01-25 05:32,95.0
2024-01-25 07:41,38.2
2024-01-26 07:35,42.3
2024-01-26 07:56,85.0
2024-01-26 09:51,130.0
2024-01-26 11:53,85.4
2024-01-26 14:01,86.8
2024-01-26 15:53,110.7
2024-01-26 18:18,123.0
2024-01-26 19:59,74.7
2024-01-26 22:11,24.1
2024-01-26 23:51,71.2
2024-01-27 01:51,79.1
2024-01-27 03:51,50.0
2024-01-27 05:53,54.5
2024-01-27 08:49,97.4
2024-01-27 12:49,60.1
2024-01-27 14:00,39.3
2024-01-28 12:20,18.3
2024-01-28 12:21,17.7
2024-01-28 12:43,84.6
2024-01-28 15:09,28.2
2024-01-28 16:33,47.5
2024-01-28 18:43,43.5
2024-01-28 20:26,39.2
2024-01-28 22:26,19.0
2024-01-29 00:27,81.6
2024-01-29 02:26,32.9
2024-01-29 04:26,42.7
2024-01-29 06:26,70.2
2024-01-29 08:49,30.6
2024-01-29 10:27,68.6
2024-01-29 14:32,68.0
2024-01-29 18:03,21.8
2024-01-29 19:12,32.0
2024-01-29 21:04,37.9
2024-01-29 22:26,20.5
2024-01-30 00:26,29.6
2024-01-30 02:26,84.8
2024-01-30 04:26,84.5
2024-01-30 06:28,47.5
2024-01-31 07:39,82.0
2024-01-31 09:12,13.1
2024-01-31 10:51,25.7
2024-01-31 12:46,69.1
2024-01-31 14:46,124.5
2024-01-31 17:41,126.7
2024-01-31 19:07,58.2
2024-01-31 20:56,96.4
2024-01-31 22:46,40.6
2024-02-01 00:46,134.0
2024-02-01 02:46,54.0
2024-02-01 04:46,42.0
2024-02-01 06:47,30.2
2024-02-01 09:04,90.2
2024-02-01 11:37,133.0
2024-02-01 12:47,80.3
2024-02-01 14:46,114.3
2024-02-01 16:57,64.1
2024-02-01 18:47,37.7
2024-02-01 20:46,68.2
2024-02-01 22:46,68.1
2024-02-02 00:46,64.2
2024-02-02 02:46,65.3
2024-02-02 04:46,29.4
2024-02-02 07:11,32.6
2024-02-02 09:58,13.4
2024-02-02 10:56,42.4
2024-02-02 12:47,81.0
2024-02-02 14:46,117.9
2024-02-02 16:49,69.4
2024-02-04 14:31,21.4
2024-02-04 18:50,51.5
2024-02-04 20:31,25.3
2024-02-04 22:33,19.6
2024-02-05 00:31,72.6
2024-02-05 02:31,42.4
2024-02-05 04:31,53.8
2024-02-05 06:31,53.7
2024-02-05 08:35,34.4
2024-02-05 10:39,72.3
2024-02-05 12:32,91.7
2024-02-05 23:37,23.0
2024-02-06 00:31,27.0
2024-02-06 02:32,54.6
2024-02-06 04:31,57.0
2024-02-06 06:41,25.4
2024-02-06 08:34,48.6
2024-02-06 10:31,123.2
2024-02-06 12:31,119.8
2024-02-06 14:31,140.6
2024-02-06 16:53,156.7
2024-02-06 18:57,103.6
2024-02-06 20:32,63.3
2024-02-06 22:31,35.7
2024-02-07 00:31,74.6
2024-02-07 02:31,45.0
2024-02-07 04:31,38.9
2024-02-07 06:49,41.0
2024-02-11 21:16,30.9
2024-02-11 21:32,25.0
2024-02-11 23:32,44.0
2024-02-12 01:32,33.8
2024-02-12 03:33,62.2
2024-02-12 05:33,47.6
2024-02-12 07:32,97.6
2024-02-12 09:32,89.1
2024-02-12 11:33,153.6
2024-02-12 13:33,58.2
2024-02-12 15:33,93.4
2024-02-12 17:32,48.5
2024-02-12 19:33,44.3
2024-02-12 21:34,61.6
2024-02-12 23:32,57.1
2024-02-13 01:34,51.2
2024-02-13 03:32,50.5
2024-02-13 05:32,31.6
2024-02-15 08:56,57.2
2024-02-15 11:18,118.9
2024-02-15 12:55,134.7
2024-02-15 14:59,105.2
2024-02-15 17:30,38.4
2024-02-15 18:55,61.0
2024-02-15 20:56,117.3
2024-02-15 22:55,51.1
2024-02-16 00:55,74.8
2024-02-16 02:55,44.0
2024-02-16 04:55,14.2
2024-02-16 15:01,113.0
2024-02-16 16:56,90.2
2024-02-16 18:56,19.9
2024-02-16 21:01,21.8
2024-02-16 22:55,35.0
2024-02-17 00:55,51.0
2024-02-17 02:55,27.6
2024-02-17 04:55,40.1
2024-02-17 06:55,28.3
2024-02-17 08:58,74.4
2024-02-17 13:46,18.0
2024-02-17 16:19,50.0
2024-02-17 16:55,104.1
2024-02-17 18:56,33.9
2024-02-17 20:55,41.7
2024-02-18 10:30,62.3
2024-02-18 11:52,16.8
2024-02-18 14:40,93.4
2024-02-18 15:52,67.0
2024-02-18 17:46,56.9
2024-02-18 19:59,41.2
2024-02-18 21:46,33.8
2024-02-18 23:46,27.9
2024-02-19 01:46,48.7
2024-02-19 03:46,48.7
2024-02-19 05:46,21.7
2024-02-19 07:50,14.9
2024-02-19 10:14,99.5
2024-02-19 11:52,68.5
2024-02-19 13:51,34.3
2024-02-21 07:23,36.3
2024-02-21 08:45,130.1
2024-02-21 11:27,45.1
2024-02-21 12:43,92.3
2024-02-21 14:42,63.4
2024-02-21 17:10,44.3
2024-02-21 18:43,28.6
2024-02-21 20:42,18.4
2024-02-21 22:43,12.7
2024-02-22 00:42,28.3
2024-02-22 02:42,26.1
2024-02-22 04:42,23.6
2024-02-22 06:42,35.2
2024-02-22 08:47,109.9
2024-02-22 10:59,102.4
2024-02-25 12:48,59.7
2024-02-25 14:29,31.4
2024-02-25 18:34,78.6
2024-02-25 20:27,19.7
2024-02-25 22:26,17.7
2024-02-26 00:26,25.0
2024-02-26 02:26,52.5
2024-02-26 04:26,32.3
2024-02-26 06:26,68.8
2024-02-26 08:26,41.8
2024-02-26 10:28,65.9
2024-02-26 12:26,96.1
2024-02-28 08:36,23.1
2024-02-28 09:52,111.2
2024-02-28 12:09,159.4
2024-02-28 14:00,20.8
2024-02-28 16:10,98.7
2024-02-28 17:53,62.8
2024-02-28 19:51,46.7
2024-02-28 21:51,20.7
2024-02-28 23:51,65.4
2024-02-29 01:51,21.1
2024-02-29 03:51,66.6
2024-02-29 06:38,78.4
2024-02-29 08:15,39.8
2024-02-29 12:47,26.4
2024-02-29 14:14,46.5
2024-02-29 16:13,33.2
2024-02-29 18:28,21.2
2024-02-29 20:10,27.1
2024-03-01 22:42,30.9
2024-03-01 23:43,34.9
2024-03-02 01:43,73.1
2024-03-02 03:44,47.0
2024-03-02 07:35,28.6
2024-03-02 07:47,26.7
2024-03-02 10:02,67.3
2024-03-02 12:01,10.4
2024-03-02 13:46,17.1
2024-03-02 15:54,32.9
2024-03-02 17:50,24.0
2024-03-02 19:46,20.2
2024-03-02 21:44,22.7
2024-03-02 23:43,93.6
2024-03-03 01:43,37.5
2024-03-03 03:43,71.4
2024-03-03 05:44,47.2
2024-03-05 16:39,32.1
2024-03-05 18:54,31.6
2024-03-05 19:44,30.8
2024-03-05 21:38,25.7
2024-03-05 23:38,114.7
2024-03-06 01:38,78.9
2024-03-06 03:38,99.0
2024-03-06 05:38,92.7
2024-03-06 08:07,100.5
2024-03-06 09:39,87.9
2024-03-06 11:39,100.7
2024-03-06 14:29,23.6
2024-03-06 17:57,22.0
2024-04-06 07:21,35.7
2024-04-06 08:58,20.8
2024-04-06 11:08,44.9
2024-04-06 12:58,32.6
2024-04-06 14:58,15.5
2024-04-06 17:00,33.4
2024-04-06 18:59,39.8
2024-04-06 20:57,21.0
2024-04-06 22:57,32.1
2024-04-07 02:02,56.1
2024-04-07 02:57,31.2
2024-04-07 04:58,14.4
2024-04-07 21:59,23.6
2024-04-07 22:59,34.2
2024-04-08 00:15,36.1
2024-04-08 03:11,26.8
2024-04-08 04:16,24.9
2024-04-08 06:30,17.6
2024-04-08 08:15,24.4
2024-04-08 10:38,20.1
2024-04-08 12:17,24.1
2024-04-08 14:18,12.4
2024-04-08 16:13,8.6
2024-04-08 18:13,12.0
2024-04-08 20:13,14.9
2024-04-08 22:14,9.2
2024-04-09 00:13,20.1
2024-04-09 22:27,30.6
2024-04-09 23:57,19.1
2024-04-10 02:08,30.6
2024-04-10 04:03,20.1
2024-04-10 05:53,12.5
2024-04-10 07:52,59.9
2024-04-10 09:57,21.8
2024-04-10 11:53,8.5
2024-04-10 13:52,10.4
2024-04-10 15:55,15.0
2024-04-10 17:55,45.1
2024-04-10 19:52,48.1
2024-04-10 21:52,55.2
2024-04-10 23:53,44.7
2024-04-11 01:55,67.9
2024-04-11 03:53,16.7
2024-04-11 05:52,48.9
2024-04-15 14:20,16.0
2024-04-15 14:57,14.4
2024-04-15 17:00,28.8
2024-04-15 18:56,31.1
2024-04-15 22:56,9.4
2024-04-16 00:56,28.6
2024-04-16 02:57,65.0
2024-04-16 04:56,24.3
2024-04-16 07:51,18.1
2024-04-16 08:56,15.7
2024-04-16 11:00,33.0
2024-04-16 12:58,62.4
2024-04-17 14:12,8.8
2024-04-17 14:18,20.2
2024-04-17 16:18,17.8
2024-04-17 18:14,16.4
2024-04-17 20:12,21.1
2024-04-17 22:11,94.1
2024-04-18 00:11,48.7
2024-04-18 02:11,44.4
2024-04-18 04:11,52.2
2024-04-18 06:17,34.1
2024-04-18 08:20,17.1
2024-04-18 10:12,31.9
2024-04-18 12:14,46.7
2024-04-18 15:38,10.5
2024-04-18 16:12,37.2
2024-04-21 09:19,20.1
2024-04-21 11:05,50.8
2024-04-21 13:09,60.4
2024-04-21 16:42,23.8
2024-04-21 17:27,42.1
2024-04-21 19:05,78.4
2024-04-21 21:05,33.8
2024-04-21 23:05,65.6
2024-04-22 01:05,18.5
2024-04-22 03:05,68.0
2024-04-22 05:05,57.3
2024-04-22 07:14,54.2
2024-04-22 09:28,44.9
2024-04-22 11:07,57.3
2024-04-22 13:06,51.9
2024-04-22 16:30,16.8
2024-04-22 17:25,38.7
2024-05-01 13:17,69.1
2024-05-01 14:47,119.0
2024-05-01 16:50,101.5
2024-05-01 18:24,43.9
2024-05-01 20:26,21.5
2024-05-01 22:28,33.2
2024-05-02 00:24,47.7
2024-05-02 02:24,51.1
2024-05-02 04:24,38.7
2024-05-02 06:24,80.3
2024-05-02 08:32,35.1
2024-05-02 11:34,34.0
2024-05-02 12:26,48.6
2024-05-02 14:25,81.3
2024-05-02 17:09,37.9
2024-05-02 18:28,7.4
2024-05-02 20:26,14.4
2024-05-02 22:24,19.6
2024-05-03 00:24,11.1
2024-05-03 02:24,34.8
2024-05-03 04:24,18.4
2024-05-03 06:28,35.4
2024-05-03 08:31,35.9
2024-05-03 10:24,78.8
2024-05-03 12:30,39.8
2024-05-03 14:44,37.5
2024-05-04 08:41,34.5
2024-05-04 10:49,31.0
2024-05-04 12:36,10.6
2024-05-04 14:43,22.3
2024-05-04 16:27,38.1
2024-05-04 18:16,28.7
2024-05-04 20:18,26.2
2024-05-04 22:16,19.5
2024-05-05 00:17,19.6
2024-05-05 02:16,65.6
2024-05-05 04:16,61.9
2024-05-05 06:19,41.6
2024-05-05 11:00,80.4
2024-05-05 14:18,22.1
2024-05-05 16:49,54.8
2024-05-06 07:41,53.9
2024-05-06 08:29,75.1
2024-05-06 10:27,65.1
2024-05-06 12:16,153.5
2024-05-06 14:16,131.3
2024-05-06 16:16,114.1
2024-05-06 18:18,28.8
2024-05-06 20:32,10.2
2024-05-07 06:55,19.4
2024-05-07 08:18,123.8
2024-05-07 10:21,41.7
2024-05-07 12:18,33.3
2024-05-07 14:19,68.2
2024-05-07 17:14,18.1
2024-05-07 18:16,16.5
2024-05-07 20:16,14.3
2024-05-08 08:35,79.4
2024-05-08 10:16,57.8
2024-05-08 12:18,68.3
2024-05-08 14:16,22.5
2024-05-08 16:19,46.7
2024-05-08 18:19,67.1
2024-05-08 20:16,18.2
2024-05-08 22:16,23.2
2024-05-09 00:16,16.1
2024-05-09 02:16,32.5
2024-05-09 04:16,90.0
2024-05-09 06:18,28.0
2024-05-09 08:19,78.5
2024-05-09 10:17,87.9
2024-05-11 05:49,96.4
2024-05-11 07:49,22.8
2024-05-11 10:01,47.6
2024-05-11 12:06,36.2
2024-05-11 13:54,72.7
2024-05-11 16:09,47.6
2024-05-11 18:16,23.6
2024-05-12 10:49,47.1
2024-05-12 12:44,35.3
2024-05-12 14:18,24.3
2024-05-12 16:46,31.1
2024-05-12 18:13,42.9
2024-05-12 20:13,25.1
2024-05-12 22:13,28.1
2024-05-13 00:13,83.9
2024-05-13 02:13,70.7
2024-05-13 04:13,46.5
2024-05-13 06:14,23.8
2024-05-13 08:14,22.3
2024-05-13 10:56,52.3
2024-05-13 12:14,28.9
2024-05-14 09:48,55.1
2024-05-14 11:20,87.9
2024-05-14 13:36,64.8
2024-05-14 15:12,31.4
2024-05-14 17:20,55.8
2024-05-14 19:11,32.9
2024-05-14 21:12,15.4
2024-05-14 23:11,55.0
2024-05-15 01:11,54.3
2024-05-15 03:12,58.1
2024-05-15 05:11,28.5
2024-05-15 07:27,56.0
2024-05-15 09:12,49.2
2024-05-17 07:25,65.7
2024-05-17 09:50,39.1
2024-05-17 12:45,42.9
2024-05-17 15:07,43.4
2024-05-17 15:52,55.2
2024-05-17 21:38,64.6
2024-05-17 23:38,59.1
2024-05-18 01:38,41.9
2024-05-18 03:38,112.4
2024-05-18 05:39,65.1
2024-05-18 07:53,10.4
2024-05-21 06:46,30.0
2024-05-21 07:50,43.1
2024-05-21 09:14,51.9
2024-05-21 13:14,113.7
2024-05-21 17:28,52.8
2024-05-21 19:33,10.3
2024-05-21 22:02,26.8
2024-05-21 23:13,38.3
2024-05-22 01:13,48.9
2024-05-22 03:13,49.7
2024-05-22 05:12,54.8
2024-05-22 07:58,23.6
2024-05-22 09:13,52.7
2024-05-22 11:58,48.2
2024-05-22 13:13,26.2
2024-05-22 15:14,24.4
2024-05-22 17:19,19.0
2024-05-22 19:13,43.7
2024-05-23 05:02,35.2
2024-05-23 05:48,44.4
2024-05-23 09:33,100.7
2024-05-23 11:32,92.2
2024-05-23 13:33,134.4
2024-05-23 15:41,31.6
2024-05-23 17:22,43.1
2024-05-23 18:37,23.4
2024-05-23 20:37,28.2
2024-05-23 22:37,43.9
2024-05-24 00:37,102.4
2024-05-24 02:37,53.2
2024-05-24 04:37,23.8
2024-05-24 07:49,68.3
2024-05-24 08:37,125.9
2024-05-24 10:48,54.3
2024-05-24 12:39,152.6
2024-05-24 14:37,76.7
2024-05-24 16:38,22.9
2024-05-24 19:08,15.4
2024-05-24 20:37,31.0
2024-05-24 22:37,18.9
2024-05-26 09:39,54.6
2024-05-26 10:30,56.5
2024-05-26 12:27,51.5
2024-05-26 15:16,25.4
2024-05-26 16:27,37.9
2024-05-26 18:37,20.5
2024-05-26 20:25,54.2
2024-05-26 22:25,50.7
2024-05-27 00:25,73.7
2024-05-27 04:25,49.9
2024-05-27 06:31,28.2
2024-05-27 08:29,108.3
2024-05-27 10:30,80.2
2024-05-28 08:57,28.3
2024-05-28 21:10,38.3
2024-05-28 22:25,54.8
2024-05-29 00:26,52.3
2024-05-29 02:25,57.8
2024-05-29 04:25,46.4
2024-05-29 06:47,35.7
2024-05-29 08:58,22.0
2024-05-29 10:26,113.1
2024-05-29 12:51,88.6
2024-05-29 14:47,25.1
2024-05-29 17:36,99.0
2024-05-29 19:07,30.6
2024-05-29 20:25,23.2
2024-05-30 22:58,30.4
2024-05-31 00:44,21.4
2024-05-31 02:44,14.9
2024-05-31 04:44,88.7
2024-05-31 06:45,33.0
2024-05-31 08:46,24.7
2024-05-31 11:04,107.3
2024-05-31 12:45,25.5
2024-05-31 15:15,38.1
2024-05-31 17:00,48.0
2024-05-31 18:45,27.9
2024-05-31 20:45,12.1
2024-05-31 22:48,15.5
2024-06-01 00:44,27.1
2024-06-01 02:44,64.7
2024-06-01 11:04,63.3
2024-06-01 15:30,99.8
2024-06-01 15:33,34.3
2024-06-01 16:49,26.4
2024-06-01 18:54,55.0
2024-06-01 20:25,53.1
2024-06-01 22:25,31.5
2024-06-02 00:25,54.0
2024-06-02 02:25,74.1
2024-06-02 04:25,100.5
2024-06-02 06:25,52.9
2024-06-02 08:25,35.8
2024-06-02 10:54,30.5
2024-06-03 07:29,21.2
2024-06-03 09:22,79.3
2024-06-03 10:47,110.3
2024-06-04 07:45,16.7
2024-06-04 07:46,11.9
2024-06-04 08:58,88.4
2024-06-04 11:28,62.6
2024-06-04 13:02,98.4
2024-06-04 17:08,32.8
2024-06-04 18:58,78.3
2024-06-05 07:17,100.6
2024-06-05 08:59,63.8
2024-06-05 11:26,29.3
2024-06-05 12:57,30.8
2024-06-05 15:03,77.3
2024-06-05 20:52,78.7
2024-06-05 20:57,31.0
2024-06-05 22:57,115.4
2024-06-06 00:57,40.7
2024-06-06 02:57,22.1
2024-06-06 04:57,87.9
2024-06-06 07:05,56.9
2024-06-06 09:00,48.9
2024-06-06 11:32,10.9
2024-06-06 13:14,35.9
2024-06-06 15:23,64.6
2024-06-06 16:57,34.3
2024-06-06 18:57,13.9
2024-06-07 19:14,36.0
2024-06-07 19:48,30.0
2024-06-07 21:48,45.8
2024-06-07 23:47,91.3
2024-06-08 01:49,38.1
2024-06-08 03:47,86.0
2024-06-08 05:47,38.5
2024-06-08 07:57,70.9
2024-06-08 09:59,13.3
2024-06-08 12:27,36.8
2024-06-08 14:02,83.5
2024-06-08 16:49,35.0
2024-06-08 17:58,30.0
2024-06-10 08:27,32.3
2024-06-10 08:53,84.1
2024-06-10 10:54,84.7
2024-06-10 13:11,15.3
2024-06-10 15:13,29.9
2024-06-10 17:11,41.0
2024-06-10 18:59,37.4
2024-06-10 20:54,18.4
2024-06-10 22:54,58.4
2024-06-11 00:53,72.0
2024-06-11 02:53,23.9
2024-06-11 04:53,31.8
2024-06-11 07:57,54.0
2024-06-11 08:55,64.3
2024-06-11 11:33,29.4
2024-06-11 13:27,37.0
2024-06-11 14:53,23.9
2024-06-11 17:06,54.8
2024-06-11 18:54,69.6
2024-06-11 20:53,108.1
2024-06-11 22:53,39.8
2024-06-12 00:54,55.4
2024-06-12 02:54,29.1
2024-06-12 04:58,91.6
2024-06-12 08:53,85.1
2024-06-12 20:35,44.0
2024-06-12 22:29,32.3
2024-06-13 00:29,54.5
2024-06-13 02:29,31.7
2024-06-13 04:30,65.3
2024-06-13 06:32,53.2
2024-06-13 09:26,13.7
2024-06-13 10:31,35.9
2024-06-13 12:29,77.4
2024-06-13 14:29,15.7
2024-06-13 16:42,74.8
2024-06-13 18:30,24.6
2024-06-13 20:29,30.7
2024-06-13 22:29,32.5
2024-06-14 00:29,114.8
2024-06-14 02:29,81.2
2024-06-14 04:29,60.0
2024-06-14 11:36,47.5
2024-06-14 13:04,44.7
2024-06-14 15:10,79.6
2024-06-14 17:08,65.8
2024-06-14 19:01,39.1
2024-06-14 21:12,24.1
2024-06-14 23:01,68.1
2024-06-15 01:01,48.5
2024-06-15 03:01,70.3
2024-06-15 05:01,27.9
2024-06-15 07:03,99.8
2024-06-15 10:45,61.0
2024-06-15 11:27,45.5
2024-06-15 21:59,45.4
2024-06-15 23:27,38.3
2024-06-16 01:27,48.6
2024-06-16 03:27,46.6
2024-06-16 05:28,23.2
2024-06-16 07:27,43.5
2024-06-16 10:00,21.5
2024-06-16 12:43,47.8
2024-06-16 13:32,35.9
2024-06-16 15:27,25.3
2024-06-16 17:28,78.9
2024-06-16 19:31,64.5
2024-06-16 21:29,19.0
2024-06-16 23:27,66.2
2024-06-17 01:27,54.3
2024-06-17 03:27,57.6
2024-06-17 05:27,115.0
2024-06-17 18:06,15.9
2024-06-17 19:39,29.1
2024-06-17 21:39,18.1
2024-06-17 23:39,28.3
2024-06-18 01:39,49.4
2024-06-18 03:39,67.9
2024-06-18 05:39,27.4
2024-06-18 09:17,34.0
2024-06-18 09:39,27.2
2024-06-18 12:03,18.2
2024-06-18 13:41,15.5
2024-06-18 16:35,18.0
2024-06-18 17:42,15.7
2024-06-18 19:45,25.4
2024-06-18 21:39,36.9
2024-06-18 23:39,30.2
2024-06-19 01:39,101.0
2024-06-19 03:39,25.5
2024-06-19 05:52,37.5
2024-06-19 08:29,30.9
2024-06-19 09:39,112.1
2024-06-19 12:01,125.7
2024-06-19 14:00,37.0
2024-06-19 16:10,23.1
2024-06-19 21:56,21.5
2024-06-19 23:25,82.8
2024-06-20 01:25,47.6
2024-06-20 03:25,25.2
2024-06-20 05:26,22.0
2024-06-20 08:49,47.6
2024-06-20 09:54,32.0
2024-06-20 11:34,102.0
2024-06-20 13:25,33.8
2024-06-20 15:56,20.1
2024-06-20 17:27,48.5
2024-06-20 19:25,32.1
2024-06-20 21:25,47.2
2024-06-21 04:54,46.2
2024-06-21 05:25,55.9
2024-06-21 07:28,64.9
2024-06-21 09:28,55.3
2024-06-21 11:27,55.4
2024-06-21 13:47,45.3
2024-06-21 15:27,63.4
2024-06-21 17:25,56.9
2024-06-22 13:29,12.2
2024-06-22 15:25,20.4
2024-06-22 17:25,32.1
2024-06-22 19:26,36.8
2024-06-22 21:25,38.5
2024-06-23 10:05,90.5
2024-06-23 11:26,20.5
2024-06-23 13:33,37.4
2024-06-23 15:32,56.2
2024-06-23 17:32,86.4
2024-06-23 19:25,39.5
2024-06-23 21:25,77.0
2024-06-23 23:25,40.8
2024-06-24 01:25,47.1
2024-06-24 03:26,106.3
2024-06-24 05:25,29.1
2024-06-24 07:26,65.3
2024-06-24 09:25,75.3
2024-06-24 11:27,85.6
2024-06-24 14:09,11.5
2024-06-25 06:19,64.0
2024-06-25 08:44,169.3
2024-06-25 10:20,51.2
2024-06-25 12:16,40.1
2024-06-25 14:44,18.1
2024-06-25 18:42,40.1
2024-06-25 20:16,25.5
2024-06-25 22:16,52.9
2024-06-26 00:16,60.0
2024-06-26 02:16,43.3
2024-06-26 04:16,96.3
2024-06-26 07:24,54.9
2024-06-26 09:02,46.4
2024-06-26 10:38,40.4
2024-06-26 12:34,20.5
2024-06-26 14:16,39.5
2024-06-26 16:46,35.1
2024-06-26 18:18,38.7
2024-06-26 20:16,37.6
2024-06-26 22:16,40.4
2024-06-27 00:16,50.5
2024-06-27 02:18,22.5
2024-06-27 04:36,50.1
2024-06-27 06:17,46.2
2024-06-27 08:25,57.3
2024-06-28 06:20,21.9
2024-06-28 08:06,55.6
2024-06-28 09:53,17.3
2024-06-28 12:08,35.2
2024-06-28 13:53,33.0
2024-06-30 08:27,52.1
2024-06-30 09:40,80.4
2024-06-30 11:50,91.9
2024-06-30 13:35,30.5
2024-06-30 15:36,57.4
2024-06-30 17:32,27.8
2024-06-30 19:33,35.5
2024-07-01 05:17,30.2
2024-07-01 05:32,42.8
2024-07-01 07:32,43.2
2024-07-01 09:40,74.8
2024-07-01 11:32,70.2
2024-07-01 13:43,45.5
2024-07-01 15:34,63.6
2024-07-01 17:35,30.4
2024-07-01 19:34,21.3
2024-07-02 07:10,45.1
2024-07-02 07:34,85.3
2024-07-02 09:43,57.1
2024-07-02 11:32,82.3
2024-07-02 13:32,32.1
2024-07-02 15:32,15.1
2024-07-02 18:50,25.6
2024-07-02 19:32,21.4
2024-07-02 21:38,35.2
2024-07-03 05:04,57.0
2024-07-03 05:05,24.4
2024-07-03 07:29,36.5
2024-07-03 08:58,42.0
2024-07-03 11:11,36.6
2024-07-03 13:00,27.7
2024-07-03 21:24,18.9
2024-07-03 22:58,90.1
2024-07-04 00:58,90.2
2024-07-04 02:58,66.3
2024-07-04 04:58,53.9
2024-07-04 07:37,108.7
2024-07-04 08:58,25.7
2024-07-04 10:58,37.3
2024-07-04 14:09,29.0
2024-07-04 16:22,41.1
2024-07-04 17:10,30.6
2024-07-04 18:58,69.2
2024-07-04 20:58,24.0
2024-07-04 22:58,24.3
2024-07-05 09:37,23.4
2024-07-05 11:15,73.2
2024-07-05 13:01,26.5
2024-07-05 16:05,65.4
2024-07-05 17:05,51.6
2024-07-05 19:00,38.6
2024-07-06 21:29,33.6
2024-07-06 21:37,28.4
2024-07-06 23:36,152.8
2024-07-07 06:22,26.4
2024-07-07 07:40,23.5
2024-07-07 09:36,35.4
2024-07-07 11:45,44.6
2024-07-07 13:44,53.7
2024-07-07 15:36,99.8
2024-07-07 17:40,33.4
2024-07-07 19:40,35.5
2024-07-07 21:36,122.0
2024-07-08 06:51,69.0
2024-07-08 08:41,44.9
2024-07-08 10:13,52.0
2024-07-08 14:53,16.0
2024-07-08 16:53,33.2
2024-07-08 18:51,67.6
2024-07-09 04:57,51.5
2024-07-09 06:42,52.3
2024-07-09 08:42,75.5
2024-07-09 10:43,88.7
2024-07-09 14:33,31.4
2024-07-09 15:03,38.7
2024-07-09 16:52,33.3
2024-07-09 18:42,55.7
2024-07-09 21:01,15.9
2024-07-10 06:03,27.5
2024-07-10 06:47,40.9
2024-07-10 09:04,50.5
2024-07-10 11:00,33.4
2024-07-10 12:50,30.1
2024-07-10 14:43,56.0
2024-07-10 16:52,49.6
2024-07-10 18:42,26.6
2024-07-10 20:42,28.8
2024-07-11 07:06,32.4
2024-07-11 09:28,36.4
2024-07-11 10:44,71.3
2024-07-11 12:58,36.9
2024-07-11 15:07,62.1
2024-07-11 17:16,59.1
2024-07-11 18:56,55.5
2024-07-11 20:43,41.1
2024-07-11 22:42,32.8
2024-07-12 07:59,30.3
2024-07-12 08:43,87.4
2024-07-12 11:06,96.0
2024-07-12 12:42,86.3
2024-07-12 14:57,37.2
2024-07-12 17:32,77.0
2024-07-12 18:48,36.1
2024-07-12 20:45,43.4
2024-07-12 22:42,138.9
2024-07-13 00:42,59.6
2024-07-13 02:42,66.4
2024-07-13 04:46,41.2
2024-07-13 07:55,30.9
2024-07-13 08:53,53.9
2024-07-13 10:42,110.6
2024-07-13 12:53,38.9
2024-07-13 15:54,64.2
2024-07-13 16:52,74.9
2024-07-13 18:47,26.1
2024-07-13 20:44,57.4
2024-07-13 22:42,37.4
2024-07-14 00:42,38.9
2024-07-14 02:42,125.0
2024-07-14 04:42,74.1
2024-07-14 07:43,55.1
2024-07-14 08:55,51.5
2024-07-14 10:47,31.5
2024-07-14 12:42,42.9
2024-07-14 14:42,40.5
2024-07-14 16:43,68.4
2024-07-14 18:44,67.2
2024-07-14 20:43,60.1
2024-07-15 10:05,26.7
2024-07-15 11:31,78.9
2024-07-15 13:55,25.4
2024-07-15 14:44,89.6
2024-07-15 16:42,62.4
2024-07-15 18:43,26.1
2024-07-15 20:42,41.7
2024-07-16 06:20,47.9
2024-07-16 07:15,44.3
2024-07-16 08:50,44.3
2024-07-16 10:47,46.0
2024-07-16 12:42,29.4
2024-07-16 14:44,27.6
2024-07-16 16:59,20.8
2024-07-16 19:05,15.6
2024-07-16 20:43,32.0
2024-07-16 22:42,84.4
2024-07-17 00:42,35.8
2024-07-17 02:42,66.2
2024-07-17 21:17,29.5
2024-07-17 22:47,26.5
2024-07-18 00:47,83.3
2024-07-18 02:47,151.3
2024-07-18 04:47,33.4
2024-07-18 07:09,62.8
2024-07-18 09:02,27.9
2024-07-18 11:05,41.8
2024-07-18 12:53,25.9
2024-07-18 15:09,20.9
2024-07-18 16:47,100.4
2024-07-18 18:50,48.8
2024-07-18 20:51,19.4
2024-07-18 22:47,102.9
2024-07-20 06:40,77.1
2024-07-20 07:56,42.9
2024-07-20 10:06,52.3
2024-07-20 12:16,27.1
2024-07-20 13:56,41.5
2024-07-20 16:00,86.9
2024-07-20 18:10,35.0
2024-07-20 19:56,45.0
2024-07-20 21:56,81.6
2024-07-20 23:56,53.2
2024-07-21 01:56,95.0
2024-07-21 03:56,68.7
2024-07-21 08:25,12.2
2024-07-21 10:16,34.6
2024-07-21 12:10,35.4
2024-07-23 06:15,59.8
2024-07-23 07:34,67.8
2024-07-23 08:47,64.5
2024-07-23 10:43,25.3
2024-07-23 12:50,35.5
2024-07-23 15:03,58.4
2024-07-23 17:11,53.6
2024-07-23 19:00,53.4
2024-07-23 20:43,65.6
2024-07-23 22:43,46.6
2024-07-24 00:43,37.4
2024-07-24 02:43,40.6
2024-07-24 04:43,81.5
2024-07-24 10:37,28.1
2024-07-24 10:45,21.1
2024-07-24 12:47,38.1
2024-07-24 14:43,78.2
2024-07-24 16:43,32.6
2024-07-24 18:44,30.5
2024-07-24 20:45,17.9
2024-07-24 22:43,38.8
2024-07-25 00:43,129.0
2024-07-25 02:43,68.7
2024-07-25 04:43,74.4
2024-07-25 07:29,24.3
2024-07-25 09:17,78.9
2024-07-25 11:47,20.5
2024-07-25 12:43,45.7
2024-07-25 14:43,57.5
2024-07-25 16:56,82.5
2024-07-26 06:01,29.0
2024-07-26 06:19,88.4
2024-07-26 08:30,32.0
2024-07-26 10:26,67.7
2024-07-26 12:52,39.1
2024-07-26 14:35,48.9
2024-07-26 16:37,24.5
2024-07-26 18:39,42.8
2024-07-26 20:20,39.2
2024-07-26 22:37,56.3
2024-07-27 00:19,46.7
2024-07-27 02:19,19.3
2024-07-27 04:32,19.7
2024-07-27 08:55,79.3
2024-07-27 11:44,42.1
2024-07-27 12:36,33.5
2024-07-27 14:21,68.6
2024-07-27 16:28,62.0
2024-07-27 18:23,47.4
2024-07-27 20:20,43.6
2024-07-27 22:19,67.2
2024-07-28 00:19,132.0
2024-07-28 02:19,74.4
2024-07-28 04:19,51.5
2024-07-28 06:54,53.2
2024-07-28 08:24,35.2
2024-07-30 09:30,31.2
2024-07-30 10:58,33.9
2024-07-30 12:56,15.4
2024-07-30 15:46,28.9
2024-07-30 17:09,43.5
2024-07-30 18:57,43.1
2024-07-30 20:56,50.3
2024-08-01 05:36,87.6
2024-08-01 06:32,62.4
2024-08-01 08:57,49.7
2024-08-01 10:31,81.5
2024-08-01 13:30,74.5
2024-08-01 14:31,74.9
2024-08-01 16:36,31.4
2024-08-01 18:33,65.2
2024-08-01 20:31,50.2
2024-08-02 09:20,95.2
2024-08-02 11:20,79.0
2024-08-02 12:48,46.1
2024-08-02 14:38,49.7
2024-08-02 16:58,44.2
2024-08-02 18:37,55.6
2024-08-02 20:32,58.5
2024-08-03 11:54,19.6
2024-08-03 13:39,42.5
2024-08-03 15:32,28.1
2024-08-03 17:16,82.2
2024-08-03 19:32,20.0
2024-08-03 21:16,98.8
2024-08-03 23:16,75.9
2024-08-04 01:16,68.1
2024-08-04 03:16,90.8
2024-08-04 05:16,98.7
2024-08-04 07:16,63.1
2024-08-04 09:17,49.0
2024-08-04 11:20,68.7
2024-08-05 08:01,38.7
2024-08-05 10:27,56.2
2024-08-05 12:02,61.5
2024-08-05 13:55,85.4
2024-08-05 16:53,64.6
2024-08-05 18:24,67.6
2024-08-05 20:07,60.2
2024-08-05 21:50,69.2
2024-08-05 23:50,36.5
2024-08-06 01:50,129.5
2024-08-06 03:50,135.9
2024-08-06 06:07,27.1
2024-08-09 07:20,34.5
2024-08-09 09:55,60.7
2024-08-09 11:51,31.2
2024-08-09 13:51,29.1
2024-08-09 16:38,41.1
2024-08-09 18:29,12.7
2024-08-09 19:50,24.4
2024-08-09 21:50,113.1
2024-08-09 23:50,98.8
2024-08-10 01:51,44.5
2024-08-10 03:50,81.1
2024-08-10 05:51,45.9
2024-08-10 08:27,63.9
2024-08-10 09:56,28.5
2024-08-10 12:12,42.0
2024-08-10 22:31,42.0
2024-08-10 23:50,46.7
2024-08-11 01:50,62.5
2024-08-11 03:50,94.2
2024-08-11 05:50,21.9
2024-08-11 08:06,34.8
2024-08-11 10:19,58.9
2024-08-11 13:31,73.4
2024-08-11 14:18,40.3
2024-08-11 16:35,76.5
2024-08-11 18:13,32.2
2024-08-11 19:51,31.4
2024-08-11 21:50,74.7
2024-08-11 23:50,54.8
2024-08-12 01:50,36.1
2024-08-12 03:50,87.4
2024-08-12 05:54,62.2
2024-08-12 09:14,13.7
2024-08-12 09:37,29.8
2024-08-13 06:19,55.8
2024-08-13 09:05,37.0
2024-08-13 09:06,21.6
2024-08-13 11:03,123.1
2024-08-13 12:57,75.3
2024-08-13 14:57,33.3
2024-08-13 17:44,50.3
2024-08-13 18:58,36.2
2024-08-13 20:59,24.6
2024-08-13 22:59,23.9
2024-08-14 05:37,60.6
2024-08-14 08:38,38.1
2024-08-14 09:01,40.0
2024-08-14 10:57,29.6
2024-08-14 12:57,41.3
2024-08-14 14:57,34.3
2024-08-14 17:27,61.3
2024-08-14 19:01,14.2
2024-08-14 20:57,15.7
2024-08-16 07:51,53.4
2024-08-16 09:02,111.2
2024-08-16 10:59,138.7
2024-08-16 12:59,44.1
2024-08-16 15:14,152.9
2024-08-16 17:34,16.9
2024-08-16 19:09,48.7
2024-08-16 21:02,28.7
2024-08-16 22:57,26.2
2024-08-17 00:57,172.3
2024-08-17 02:57,67.4
2024-08-17 04:57,56.8
2024-08-17 07:02,48.8
2024-08-17 09:24,68.3
2024-08-17 12:59,32.7
2024-08-19 07:36,36.6
2024-08-19 08:11,50.1
2024-08-19 09:49,11.1
2024-08-19 11:49,78.8
2024-08-19 13:53,70.0
2024-08-19 16:10,34.7
2024-08-19 18:20,17.6
2024-08-19 19:49,55.7
2024-08-21 08:31,9.0
2024-08-21 08:57,8.9
2024-08-21 09:49,59.8
2024-08-21 11:49,39.3
2024-08-21 13:48,72.0
2024-08-21 15:50,54.7
2024-08-21 17:48,23.7
2024-08-21 20:38,36.3
2024-08-21 21:48,21.2
2024-08-21 23:48,58.4
2024-08-22 01:48,77.3
2024-08-22 03:48,158.2
2024-08-22 16:52,70.8
2024-08-22 18:04,64.1
2024-08-22 19:49,39.8
2024-08-22 21:48,38.8
2024-08-22 23:48,56.9
2024-08-23 02:04,73.2
2024-08-23 03:48,72.3
2024-08-23 05:52,43.6
2024-08-24 19:34,51.7
2024-08-24 19:51,50.0
2024-08-24 21:56,24.5
2024-08-24 23:48,48.2
2024-08-25 01:48,65.3
2024-08-25 03:48,88.3
2024-08-25 05:48,32.1
2024-08-25 07:50,54.3
2024-08-25 12:05,29.5
2024-08-25 14:48,42.3
2024-08-25 16:02,57.4
2024-08-25 17:50,81.7
2024-08-25 19:48,22.2
2024-08-26 07:12,65.5
2024-08-26 08:25,78.2
2024-08-26 12:02,51.4
2024-08-26 12:44,33.5
2024-08-26 14:57,70.8
2024-08-26 16:58,29.6
2024-08-26 18:32,34.8
2024-08-26 20:24,55.5
2024-08-26 22:23,96.9
2024-08-27 00:23,57.5
2024-08-27 02:23,32.0
2024-08-27 04:23,77.4
2024-08-27 06:24,33.5
2024-08-27 12:59,23.4
2024-08-27 14:57,80.7
2024-08-27 18:06,52.7
2024-08-27 18:23,53.1
2024-08-27 20:27,27.6
2024-08-27 22:23,108.0
2024-08-28 00:23,22.5
2024-08-28 02:23,48.0
2024-08-28 04:23,30.1
2024-08-28 06:24,50.9
2024-08-28 08:36,48.7
2024-08-28 21:14,30.1
2024-08-28 22:30,41.2
2024-08-29 00:30,26.7
2024-08-29 02:30,45.8
2024-08-29 04:30,23.7
2024-08-29 07:17,52.9
2024-08-29 08:33,65.4
2024-08-29 10:49,35.9
2024-08-29 12:32,41.7
2024-08-29 14:48,50.0
2024-08-29 16:39,60.5
2024-08-29 18:31,75.5
2024-08-29 20:30,93.2
2024-08-31 09:19,58.4
2024-08-31 12:29,40.4
2024-08-31 15:18,35.9
2024-08-31 17:02,60.2
2024-08-31 19:08,63.7
2024-08-31 21:02,47.8
2024-08-31 23:02,113.2
2024-09-01 01:03,116.4
2024-09-01 03:02,36.1
2024-09-01 05:02,40.7
2024-09-01 07:06,47.9
2024-09-04 06:54,37.6
2024-09-04 08:43,63.5
2024-09-04 10:42,39.5
2024-09-05 08:00,77.5
2024-09-05 09:13,65.0
2024-09-05 12:08,55.8
2024-09-05 13:09,67.8
2024-09-05 16:42,23.9
2024-09-05 17:08,87.3
2024-09-05 19:05,26.0
2024-09-05 21:05,20.1
2024-09-06 14:52,95.4
2024-09-06 15:46,105.5
2024-09-06 17:06,46.5
2024-09-06 19:05,74.0
2024-09-06 21:05,34.1
2024-09-16 07:46,37.7
2024-09-16 09:10,43.2
2024-09-16 11:05,112.0
2024-09-16 13:39,87.9
2024-09-16 16:26,33.2
2024-09-16 17:56,19.3
2024-09-16 19:10,41.6
2024-09-16 21:05,78.8
2024-09-16 23:05,41.9
2024-09-17 01:06,45.9
2024-09-17 03:05,35.3
2024-09-17 05:14,101.8
2024-09-19 07:44,97.4
2024-09-19 08:39,54.0
2024-09-19 10:50,69.4
2024-09-19 14:22,11.9
2024-09-19 14:32,11.4
2024-09-19 17:10,33.7
2024-09-19 18:32,31.8
2024-09-19 20:33,32.7
2024-09-19 22:32,91.9
2024-09-20 00:32,37.7
2024-09-20 02:32,47.2
2024-09-20 04:33,48.0
2024-09-20 06:32,37.3
2024-09-22 08:44,81.0
2024-09-22 09:27,67.1
2024-09-22 15:00,51.9
2024-09-22 16:39,56.8
2024-09-22 17:27,60.9
2024-09-22 19:27,58.8
2024-09-22 21:27,95.5
2024-09-22 23:27,152.2
2024-09-23 01:27,55.7
2024-09-23 03:27,50.6
2024-09-23 05:27,72.7
2024-09-23 07:27,82.3
2024-09-23 09:28,70.9
2024-09-24 15:11,21.1
2024-09-24 17:31,29.5
2024-09-24 18:44,46.0
2024-09-24 20:44,36.8
2024-09-24 22:43,50.5
2024-09-25 00:45,85.7
2024-09-25 02:44,40.6
2024-09-25 04:44,75.4
2024-09-25 07:06,33.5
2024-09-25 08:44,57.7
2024-09-25 10:44,151.5
2024-09-25 12:43,90.2
2024-09-26 06:36,21.0
2024-09-26 07:55,98.3
2024-09-26 09:54,69.2
2024-09-26 11:55,76.7
2024-09-26 14:01,27.2
2024-09-26 15:56,49.3
2024-09-26 18:12,28.9
2024-09-26 19:54,97.2
2024-09-26 21:54,39.1
2024-09-26 23:54,68.1
2024-09-27 01:54,81.5
2024-09-27 03:54,92.4
2024-09-27 05:54,99.0
2024-09-28 07:35,67.5
2024-09-28 09:50,71.3
2024-09-28 10:03,54.8
2024-09-28 12:28,46.9
2024-09-28 14:36,25.5
2024-09-28 15:58,60.7
2024-09-28 18:01,29.3
2024-09-28 19:54,47.5
2024-09-28 21:54,125.4
2024-09-28 23:54,43.5
2024-09-29 01:54,71.6
2024-09-29 03:54,50.8
2024-09-29 05:54,40.0
2024-09-29 11:56,91.5
2024-09-29 14:26,37.7
2024-09-29 16:46,23.9
2024-09-29 17:55,17.6
2024-09-29 19:56,97.8
2024-09-29 21:54,49.6
2024-09-29 23:54,53.6
2024-09-30 01:54,69.5
2024-09-30 03:54,117.4
2024-09-30 06:03,46.0
2024-09-30 08:02,69.4
2024-10-04 07:43,21.3
2024-10-04 09:12,111.5
2024-10-04 11:16,49.0
2024-10-04 13:15,22.6
2024-10-04 15:22,24.0
2024-10-04 17:30,13.6
2024-10-04 19:06,23.0
2024-10-04 21:06,65.1
2024-10-04 23:06,54.4
2024-10-05 01:06,78.3
2024-10-05 03:06,142.9
2024-10-05 05:06,59.5
2024-10-05 07:36,26.5
2024-10-05 09:07,22.4
2024-10-05 11:52,33.7
2024-10-08 06:18,96.3
2024-10-08 06:20,62.1
2024-10-08 08:53,25.3
2024-10-08 10:21,68.8
2024-10-08 12:37,13.7
2024-10-08 14:21,16.7
2024-10-08 16:25,50.7
2024-10-08 18:23,18.5
2024-10-08 20:20,39.7
2024-10-08 22:20,47.4
2024-10-09 00:20,119.9
2024-10-09 02:20,30.6
2024-10-09 04:21,67.6
2024-10-11 07:19,39.1
2024-10-11 07:37,28.9
2024-10-11 09:50,55.6
2024-10-11 11:37,150.7
2024-10-11 13:51,23.2
2024-10-11 16:09,68.5
2024-10-11 17:48,88.0
2024-10-11 19:55,38.1
2024-10-11 21:34,38.6
2024-10-11 23:34,34.2
2024-10-12 01:35,75.2
2024-10-12 03:34,49.6
2024-10-12 05:34,67.7
2024-10-13 08:46,24.2
2024-10-13 10:20,17.3
2024-10-13 11:44,69.3
2024-10-13 15:14,91.6
2024-10-13 17:32,33.3
2024-10-13 19:19,29.8
2024-10-13 21:07,60.7
2024-10-13 23:07,35.9
2024-10-14 01:07,49.2
2024-10-14 03:07,120.8
2024-10-14 05:07,31.4
2024-10-17 13:02,29.5
2024-10-17 13:09,62.1
2024-10-17 16:21,12.7
2024-10-17 17:22,11.7
2024-10-17 19:09,8.5
2024-10-17 21:09,47.8
2024-10-17 23:09,69.5
2024-10-18 01:09,40.6
2024-10-18 03:09,67.2
2024-10-18 05:32,41.4
2024-10-18 07:11,32.5
2024-10-18 09:10,92.5
2024-10-19 07:26,67.7
2024-10-19 10:12,30.8
2024-10-19 11:09,108.8
2024-10-19 17:45,43.9
2024-10-19 18:50,46.1
2024-10-19 20:50,28.7
2024-10-19 22:50,85.6
2024-10-20 00:51,45.0
2024-10-20 02:50,162.9
2024-10-20 04:50,32.3
2024-10-22 07:25,109.3
2024-10-22 08:28,119.4
2024-10-22 10:30,134.5
2024-10-22 12:43,60.4
2024-10-22 15:32,23.4
2024-10-22 16:30,76.5
2024-10-22 18:32,43.9
2024-10-22 20:28,53.3
2024-10-22 22:26,55.5
2024-10-23 00:26,52.7
2024-10-23 02:26,86.0
2024-10-23 04:26,79.8
2024-10-23 10:21,153.6
2024-10-23 12:25,133.9
2024-10-23 15:00,25.2
2024-10-23 17:06,124.3
2024-10-23 18:28,28.2
2024-10-23 20:19,27.2
2024-10-23 22:19,33.8
2024-10-24 00:19,44.5
2024-10-24 05:24,33.1
2024-10-24 06:48,50.4
2024-10-24 09:55,30.7
2024-10-24 10:19,37.5
2024-10-24 12:20,65.0
2024-10-24 15:25,13.6
2024-10-24 16:29,23.5
2024-10-24 18:57,33.4
2024-10-24 20:19,28.6
2024-10-24 22:19,20.5
2024-10-25 06:59,53.1
2024-10-25 08:40,57.8
2024-10-25 12:29,57.6
2024-10-25 16:00,52.4
2024-10-25 16:23,33.7
2024-10-25 18:41,26.6
2024-10-25 20:20,74.0
2024-10-25 22:23,89.0
2024-10-26 00:19,26.8
2024-10-28 07:35,24.3
2024-10-28 08:26,45.4
2024-10-28 10:16,31.2
2024-10-28 12:14,43.8
2024-10-28 14:31,61.2
2024-10-28 16:16,44.1
2024-10-28 19:01,73.8
2024-10-28 20:14,80.0
2024-10-29 08:03,24.1
2024-10-29 08:15,108.1
2024-10-29 10:16,106.7
2024-10-29 12:14,50.1
2024-10-29 14:16,9.9
2024-10-29 16:14,61.8
2024-10-29 18:42,23.6
2024-10-29 20:17,39.0
2024-10-30 06:06,56.2
2024-10-30 07:31,46.8
2024-10-30 08:14,116.1
2024-10-30 10:14,93.4
2024-10-30 12:21,144.8
2024-10-30 18:30,66.4
2024-10-30 20:15,90.6
2024-11-01 07:46,51.0
2024-11-01 08:14,61.2
2024-11-01 10:27,29.3
2024-11-01 13:28,101.4
2024-11-01 14:16,50.7
2024-11-01 18:33,30.9
2024-11-01 18:34,38.5
2024-11-01 20:22,78.0
2024-11-01 22:14,65.5
2024-11-02 00:14,32.1
2024-11-02 02:14,26.4
2024-11-02 04:14,40.8
2024-11-05 09:52,107.1
2024-11-05 12:12,25.8
2024-11-05 12:37,11.2
2024-11-05 16:27,39.1
2024-11-05 16:49,33.1
2024-11-05 18:36,37.6
2024-11-05 20:37,117.2
2024-11-06 07:53,45.2
2024-11-06 08:45,91.4
2024-11-06 10:36,30.9
2024-11-06 13:13,15.8
2024-11-06 14:50,29.5
2024-11-06 17:25,53.6
2024-11-06 18:46,123.9
2024-11-06 20:38,52.7
2024-11-07 06:54,35.0
2024-11-07 09:05,26.5
2024-11-07 12:39,29.9
2024-11-07 15:35,109.3
2024-11-07 16:41,39.3
2024-11-08 16:27,29.3
2024-11-08 16:28,43.0
2024-11-08 17:45,48.2
2024-11-08 19:39,52.8
2024-11-09 07:44,28.4
2024-11-09 09:28,64.2
2024-11-09 12:57,105.9
2024-11-09 13:13,61.6
2024-11-09 16:10,38.5
2024-11-09 17:58,67.6
2024-11-09 20:42,22.2
2024-11-09 21:07,33.4
2024-11-09 23:08,63.7
2024-11-10 01:05,70.8
2024-11-10 03:05,59.0
2024-11-10 05:05,48.6
2024-11-10 08:08,51.3
2024-11-10 13:11,56.0
2024-11-10 15:07,68.9
2024-11-11 07:58,37.5
2024-11-11 09:30,123.8
2024-11-11 11:18,71.1
2024-11-11 13:50,27.5
2024-11-11 18:02,64.9
2024-11-11 19:22,25.5
2024-11-11 21:17,25.5
2024-11-11 23:20,71.5
2024-11-12 01:15,15.7
2024-11-12 03:15,43.3
2024-11-12 05:15,37.9
2024-11-12 07:46,26.1
2024-11-12 09:36,17.5
2024-11-13 06:57,33.2
2024-11-13 09:38,27.5
2024-11-13 09:45,33.1
2024-11-13 11:20,62.9
2024-11-13 13:20,71.8
2024-11-13 15:22,40.1
2024-11-13 17:20,51.5
2024-11-13 19:20,21.4
2024-11-13 21:20,73.8
2024-11-14 09:13,12.3
2024-11-14 10:27,36.4
2024-11-14 11:22,18.1
2024-11-14 14:52,18.5
2024-11-14 15:33,80.3
2024-11-14 18:12,15.6
2024-11-14 19:20,83.0
2024-11-14 21:20,37.8
2024-11-15 07:54,47.0
2024-11-15 09:22,64.9
2024-11-15 11:20,48.1
2024-11-15 13:36,45.6
2024-11-15 18:03,56.8
2024-11-15 19:39,68.7
2024-11-15 21:20,25.7
2024-11-15 23:36,22.8
2024-11-16 01:20,50.4
2024-11-16 03:20,54.7
2024-11-16 05:21,41.6
2024-11-18 08:13,22.8
2024-11-18 08:22,72.4
2024-11-18 10:21,80.9
2024-11-18 12:21,46.0
2024-11-18 14:47,19.9
2024-11-18 16:21,82.5
2024-11-18 18:22,23.8
2024-11-18 20:26,39.8
2024-11-18 22:21,47.8
2024-11-19 00:21,23.7
2024-11-19 02:21,39.9
2024-11-19 04:21,67.2
2024-11-19 06:24,34.3
2024-11-20 12:39,92.6
2024-11-20 15:01,84.1
2024-11-20 17:57,55.1
2024-11-20 19:34,73.0
2024-11-20 20:39,59.4
2024-11-20 22:38,19.7
2024-11-21 00:54,93.6
2024-11-21 02:38,33.0
2024-11-21 04:38,57.9
2024-11-21 06:38,32.4
2024-11-22 09:05,51.3
2024-11-22 11:22,111.4
2024-11-22 13:07,95.5
2024-11-22 16:23,26.7
2024-11-22 17:38,49.3
2024-11-22 19:09,72.6
2024-11-22 21:05,16.2
2024-11-22 23:05,31.5
2024-11-23 01:05,130.2
2024-11-23 03:05,114.0
2024-11-23 05:05,55.8
2024-11-23 07:31,64.5
2024-11-25 09:20,86.8
2024-11-25 09:50,119.8
2024-11-25 11:33,73.3
2024-11-25 13:34,52.8
2024-11-25 17:40,90.3
2024-11-25 18:17,12.0
2024-11-25 19:40,38.4
2024-11-25 21:33,23.2
2024-11-25 23:33,50.4
2024-11-26 01:33,68.4
2024-11-26 03:33,45.0
2024-11-26 05:33,75.8
2024-11-27 07:07,67.2
2024-11-27 12:44,51.1
2024-11-27 13:57,10.4
2024-11-27 15:53,35.8
2024-11-27 17:51,27.4
2024-11-27 19:33,32.0
2024-11-27 21:33,115.0
2024-11-27 23:33,32.3
2024-11-28 01:33,55.3
2024-11-28 07:55,97.4
2024-11-28 09:51,64.5
2024-11-28 11:56,143.5
2024-11-28 13:33,27.8
2024-11-28 15:44,28.0
2024-11-28 17:44,72.3
2024-11-28 19:41,59.0
2024-11-28 21:33,40.5
2024-11-30 11:56,55.6
2024-11-30 13:41,75.6
2024-11-30 15:52,61.8
2024-11-30 19:33,34.6
2024-11-30 21:54,26.5
2024-11-30 23:33,76.3
2024-12-01 01:33,131.4
2024-12-01 03:33,27.1
2024-12-01 05:36,79.8
2024-12-01 07:33,158.2
2024-12-01 09:35,32.3
2024-12-01 11:37,52.3
2024-12-04 07:43,156.2
2024-12-04 11:55,55.8
2024-12-04 12:16,105.3
2024-12-04 13:06,70.9
2024-12-04 15:16,44.3
2024-12-04 17:57,23.1
2024-12-04 19:01,13.9
2024-12-04 21:02,17.8
2024-12-04 23:03,15.5
2024-12-05 01:00,94.2
2024-12-05 03:00,61.8
2024-12-05 05:00,61.0
2024-12-05 07:31,56.6
2024-12-23 09:15,42.5
2024-12-23 11:27,46.2
2024-12-23 13:30,18.9
2024-12-23 15:53,12.8
2024-12-23 18:18,13.0
2024-12-23 19:14,76.7
2024-12-23 21:00,17.3
2024-12-23 23:03,34.6
2024-12-24 01:00,97.9
2024-12-24 03:00,120.6
2024-12-24 05:04,40.1
2024-12-24 07:01,32.7
2024-12-24 09:02,34.9
2025-02-18 16:25,14.8
2025-02-18 16:56,16.4
2025-02-18 18:44,20.1
2025-06-09 17:08,15.5
2025-06-09 19:00,68.4
2025-06-09 21:00,79.4
2025-06-09 23:00,53.4
2025-06-10 01:00,43.6
2025-06-10 03:00,59.5
2025-06-10 05:00,150.1
2025-06-10 07:55,20.4
2025-06-10 11:21,79.3
2025-06-10 13:48,41.7
2025-06-10 15:33,34.5
2025-06-10 17:04,42.0
2025-06-10 19:26,43.2
2025-06-10 21:00,18.4
2025-06-10 23:00,122.1
2025-06-11 01:00,51.0
2025-06-11 03:00,39.2
2025-06-11 05:00,156.6
2025-06-11 07:00,49.4
2025-06-11 10:25,30.3
2025-06-11 11:00,50.0
2025-06-12 00:36,95.8
2025-06-12 02:36,23.2
2025-06-12 04:36,15.1
2025-06-12 07:02,36.4
2025-06-12 08:39,90.4
2025-06-12 11:14,55.7
2025-06-12 12:58,56.9
2025-06-12 15:53,43.4
2025-06-12 16:53,47.6
2025-06-13 06:22,69.4
2025-06-13 09:05,50.1
2025-06-13 10:38,130.2
2025-06-13 15:22,71.6
2025-06-13 16:42,49.2
2025-06-13 18:36,30.4
2025-06-13 20:36,79.6
2025-06-14 07:15,104.6
2025-06-14 07:16,51.8
2025-06-14 09:28,23.2
2025-06-14 10:38,23.2
2025-06-14 13:12,16.6
2025-06-14 14:37,30.4
2025-06-14 16:39,43.4
2025-06-14 18:39,19.2
2025-06-14 21:30,20.5
2025-06-14 22:36,37.6
2025-06-15 00:36,32.5
2025-06-15 02:36,21.2
2025-06-15 04:36,41.2
2025-06-15 06:54,30.2
2025-06-15 18:16,39.5
2025-06-15 18:43,22.1
2025-06-15 20:27,87.5
2025-06-15 22:27,63.0
2025-06-16 00:27,54.1
2025-06-16 02:27,57.3
2025-06-16 04:27,77.2
2025-06-16 09:28,54.9
2025-06-16 16:37,63.9
2025-06-16 20:56,47.1
2025-06-16 21:39,63.3
2025-06-16 23:39,53.8
2025-06-17 01:39,80.9
2025-06-17 03:44,49.9
2025-06-17 05:53,83.9
2025-06-17 09:04,52.9
2025-06-17 09:56,50.5
2025-06-17 11:40,19.3
2025-06-17 20:05,103.3
2025-06-17 21:40,62.8
2025-06-17 23:39,41.5
2025-06-18 01:39,50.0
2025-06-18 03:40,61.4
2025-06-18 06:00,56.8
2025-06-18 10:38,57.8
2025-06-18 10:40,104.9
2025-06-18 12:14,95.3
2025-06-18 14:52,157.8
2025-06-18 18:12,21.1
2025-06-18 18:40,86.7
2025-06-18 20:48,30.0
2025-06-18 22:32,74.9
2025-06-19 00:32,117.0
2025-06-19 02:32,76.0
2025-06-19 04:32,87.6
2025-06-19 06:35,24.7
2025-06-19 08:57,13.3
2025-06-19 10:35,21.8
2025-06-19 13:13,42.1
2025-06-19 15:13,50.2
2025-06-19 20:41,34.2
2025-06-19 22:32,81.8
2025-06-20 00:32,46.2
2025-06-20 02:32,31.4
2025-06-20 06:16,19.0
2025-06-20 06:34,41.6
2025-06-20 10:32,37.9
2025-06-20 12:34,40.4
2025-06-20 15:30,42.5
2025-06-20 19:28,25.6
2025-06-20 20:41,40.3
2025-06-20 22:41,31.6
2025-06-21 00:41,48.5
2025-06-21 02:41,61.0
2025-06-21 06:23,18.3
2025-06-21 06:47,31.7
2025-06-21 09:07,74.3
2025-06-21 12:00,51.1
2025-06-21 13:15,47.7
2025-06-21 14:41,43.8
2025-06-21 16:50,52.0
2025-06-22 04:32,73.2
2025-06-22 06:19,42.6
2025-06-22 08:21,15.9
2025-06-22 10:43,43.5
2025-06-22 13:24,42.8
2025-06-22 14:20,89.6
2025-06-22 17:50,54.1
2025-06-22 18:21,37.2
2025-06-22 20:20,104.5
2025-06-22 22:19,26.2
2025-06-23 00:20,41.7
2025-06-23 02:19,57.6
2025-06-23 06:33,49.6
2025-06-23 11:31,9.6
2025-06-23 13:47,63.5
2025-06-23 14:40,27.7
2025-06-23 17:05,50.3
2025-06-23 18:23,38.6
2025-06-23 20:20,47.2
2025-06-24 08:40,40.7
2025-06-24 10:27,84.9
2025-06-24 12:22,58.4
2025-06-24 15:01,54.4
2025-06-24 16:23,36.9
2025-06-24 18:23,23.1
2025-06-24 20:20,58.4
2025-06-24 22:20,35.1
2025-06-25 00:20,47.1
2025-06-25 02:20,201.9
2025-06-25 09:43,21.3
2025-06-25 09:44,23.0
2025-06-25 11:32,32.5
2025-06-25 13:26,33.6
2025-06-25 15:26,25.0
2025-06-25 19:00,23.0
2025-06-25 19:23,26.5
2025-06-25 21:24,50.7
2025-06-25 23:24,96.2
2025-06-26 01:24,23.7
2025-06-26 03:24,62.3
2025-06-26 05:39,41.9
2025-06-26 07:49,90.9
2025-06-26 10:01,33.2
2025-06-26 11:30,31.5
2025-06-26 14:07,13.7
2025-06-26 16:10,55.6
2025-06-26 17:42,97.2
2025-06-26 20:29,83.7
2025-06-26 20:59,89.4
2025-06-26 22:59,180.1
2025-06-27 01:00,25.9
2025-06-27 03:01,35.8
2025-06-27 04:59,113.3
2025-06-27 07:00,98.2
2025-06-27 09:21,69.9
2025-06-27 11:33,26.9
2025-06-27 13:48,25.3
2025-06-27 15:20,33.0
2025-06-27 18:26,44.5
2025-06-27 19:58,29.0
2025-06-28 14:08,33.8
2025-06-28 14:24,23.1
2025-06-28 16:34,43.4
2025-06-28 18:23,50.8
2025-06-28 20:18,44.4
2025-06-28 22:18,47.6
2025-06-29 00:18,49.8
2025-06-29 02:18,43.0
2025-06-29 04:18,98.7
2025-06-29 07:08,47.0
2025-06-29 08:30,49.4
2025-06-30 04:27,83.1
2025-06-30 06:18,66.6
2025-06-30 07:45,36.1
2025-06-30 10:19,24.6
2025-06-30 11:36,33.6
2025-06-30 13:34,67.2
2025-06-30 15:37,79.0
2025-06-30 17:36,54.8
2025-06-30 19:39,39.3
2025-06-30 21:33,23.0
2025-06-30 23:33,33.5
2025-07-01 01:33,81.0
2025-07-01 03:33,57.6
2025-07-02 06:36,31.4
2025-07-02 07:11,66.6
2025-07-02 09:41,15.7
2025-07-02 11:11,78.3
2025-07-02 14:42,26.6
2025-07-02 16:22,37.4
2025-07-02 17:18,53.6
2025-07-02 19:11,19.3
2025-07-03 06:24,19.8
2025-07-03 07:31,30.1
2025-07-03 09:11,12.6
2025-07-03 11:12,27.9
2025-07-03 13:18,61.5
2025-07-03 15:53,19.0
2025-07-03 19:11,58.7
2025-07-03 21:11,35.5
2025-07-04 07:22,92.4
2025-07-04 09:22,36.6
2025-07-04 11:11,95.9
2025-07-04 14:19,47.1
2025-07-04 15:23,34.3
2025-07-04 17:33,23.7
2025-07-04 19:11,23.4
2025-07-04 21:13,34.3
2025-07-07 11:10,24.5
2025-07-07 11:18,37.2
2025-07-07 13:12,26.1
2025-07-07 15:21,22.6
2025-07-07 17:42,16.1
2025-07-07 19:25,30.3
2025-07-08 14:39,12.5
2025-07-08 15:58,13.2
2025-07-08 17:22,28.9
2025-07-08 19:17,36.9
2025-07-09 05:44,40.0
2025-07-09 08:31,22.5
2025-07-09 09:25,40.8
2025-07-09 11:11,24.8
2025-07-09 13:18,77.0
2025-07-09 17:21,16.5
2025-07-09 17:49,14.4
2025-07-09 19:11,22.2
2025-07-11 06:06,32.2
2025-07-11 07:13,85.5
2025-07-11 09:11,18.8
2025-07-11 11:23,95.4
2025-07-11 13:47,40.1
2025-07-11 16:14,19.7
2025-07-11 17:49,27.2
2025-07-11 19:21,29.0
2025-07-11 21:11,89.7
2025-07-11 23:11,49.3
2025-07-12 01:11,39.8
2025-07-12 03:11,64.7
2025-07-12 05:11,57.8
2025-07-14 06:23,34.9
2025-07-14 08:47,39.8
2025-07-14 10:07,56.5
2025-07-14 12:02,75.4
2025-07-14 13:56,98.1
2025-07-14 16:10,41.1
2025-07-14 18:08,19.8
2025-07-14 19:56,34.6
2025-07-14 21:56,52.4
2025-07-15 06:01,27.5
2025-07-15 08:56,30.4
2025-07-15 09:58,25.0
2025-07-15 12:04,26.6
2025-07-15 13:57,19.6
2025-07-15 15:58,21.4
2025-07-15 17:57,13.1
2025-07-15 19:56,45.3
2025-07-15 21:56,52.3
2025-07-15 23:56,25.0
2025-07-16 01:56,25.1
2025-07-16 03:56,42.8
2025-07-16 07:24,17.5
2025-07-16 09:16,11.5
2025-07-16 10:59,32.2
2025-07-17 07:09,37.6
2025-07-17 08:34,45.4
2025-07-17 10:30,91.8
2025-07-17 12:30,19.8
2025-07-17 14:30,17.4
2025-07-17 16:42,28.2
2025-07-17 18:29,22.8
2025-07-17 20:29,26.1
2025-07-19 10:06,48.0
2025-07-19 12:01,16.6
2025-07-19 13:54,33.7
2025-07-19 19:19,53.1
2025-07-19 21:40,64.1
2025-07-19 23:38,41.9
2025-07-20 01:10,69.1
2025-07-20 03:11,82.7
2025-07-20 05:10,68.6
2025-07-21 05:10,28.4
2025-07-21 06:00,24.2
2025-07-21 09:21,26.3
2025-07-21 09:44,29.8
2025-07-21 11:44,30.6
2025-07-22 13:04,89.4
2025-07-22 14:59,33.9
2025-07-22 16:05,32.8
2025-07-22 18:10,19.5
2025-07-23 06:58,57.2
2025-07-23 08:48,25.4
2025-07-23 09:46,42.7
2025-07-23 11:44,47.0
2025-07-23 13:48,36.4
2025-07-23 15:46,41.2
2025-07-23 17:47,24.3
2025-07-24 11:06,65.4
2025-07-24 13:33,29.8
2025-07-24 13:44,31.4
2025-07-24 15:53,55.1
2025-07-24 19:31,26.6
2025-07-24 19:51,35.7
2025-07-24 21:44,29.9
2025-07-24 23:44,58.9
2025-07-25 01:44,16.4
2025-07-25 03:44,91.9
2025-07-28 06:58,55.6
2025-07-28 09:38,41.0
2025-07-28 09:43,45.8
2025-07-28 14:20,82.9
2025-07-28 16:20,27.1
2025-07-28 17:46,15.5
2025-07-28 20:00,24.7
2025-07-28 21:43,76.4
2025-07-28 23:42,52.8
2025-07-29 01:42,66.1
2025-07-29 03:42,36.3
2025-07-29 05:42,88.6
2025-07-29 08:21,17.0
2025-07-29 09:48,37.5
2025-07-30 08:02,20.5
2025-07-30 08:58,31.0
2025-07-30 10:52,41.0
2025-07-30 14:46,92.1
2025-07-30 14:51,48.8
2025-07-30 17:13,49.9
2025-07-30 18:51,27.7
2025-07-30 20:51,19.0
2025-07-31 11:35,55.2
2025-07-31 13:22,30.4
2025-07-31 14:53,66.9
2025-07-31 16:51,30.4
2025-07-31 18:59,14.9
2025-07-31 20:51,43.0
2025-08-03 18:08,42.5
2025-08-03 19:07,93.6
2025-08-03 20:51,20.9
2025-08-04 10:27,58.9
2025-08-04 10:54,107.5
2025-08-04 12:51,47.4
2025-08-04 14:51,37.4
2025-08-04 17:33,54.8
2025-08-05 06:33,59.3
2025-08-05 06:56,40.1
2025-08-05 08:55,117.1
2025-08-05 11:55,18.4
2025-08-05 12:42,18.2
2025-08-05 15:23,15.7
2025-08-05 16:44,29.3
2025-08-05 19:13,25.9
2025-08-05 20:43,25.6
2025-08-07 07:05,58.3
2025-08-07 07:12,67.0
2025-08-07 12:09,88.1
2025-08-07 16:24,42.2
2025-08-07 16:58,39.0
2025-08-07 18:44,72.2
2025-08-08 07:40,26.9
2025-08-10 07:12,56.1
2025-08-10 08:48,59.9
2025-08-10 10:59,48.3
2025-08-10 13:54,28.1
2025-08-10 14:44,14.1
2025-08-10 16:54,71.3
2025-08-10 18:42,38.1
2025-08-10 20:42,35.3
2025-08-10 22:42,41.0
2025-08-11 00:42,77.7
2025-08-11 02:42,25.1
2025-08-11 06:09,46.1
2025-08-11 08:44,38.4
2025-08-11 10:46,66.9
2025-08-11 12:59,37.3
2025-08-12 05:01,30.8
2025-08-12 08:20,34.9
2025-08-12 08:56,32.0
2025-08-12 13:25,39.2
2025-08-12 13:27,27.9
2025-08-12 14:59,33.8
2025-08-12 18:01,33.5
2025-08-12 19:22,26.4
2025-08-12 20:56,21.4
2025-08-13 05:09,21.0
2025-08-13 07:02,32.0
2025-08-13 09:00,62.7
2025-08-13 10:57,133.4
2025-08-13 16:30,55.3
2025-08-13 17:10,31.0
2025-08-13 18:57,39.4
2025-08-13 20:57,91.7
2025-08-14 07:03,40.9
2025-08-14 09:15,23.1
2025-08-14 10:56,39.0
2025-08-14 13:17,23.8
2025-08-14 14:57,55.4
2025-08-14 17:02,73.7
2025-08-14 18:57,14.1
2025-08-15 06:58,57.6
2025-08-15 09:23,56.9
2025-08-15 11:28,44.4
2025-08-15 12:56,48.6
2025-08-15 16:57,75.3
2025-08-15 16:59,63.0
2025-08-15 19:13,25.6
2025-08-15 20:56,24.9
2025-08-16 16:31,21.8
2025-08-16 17:05,13.3
2025-08-16 18:57,20.9
2025-08-17 07:29,41.7
2025-08-17 10:24,53.4
2025-08-17 13:00,30.9
2025-08-17 15:00,42.4
2025-08-17 17:19,89.9
2025-08-17 18:58,36.2
2025-08-17 20:56,77.7
2025-08-19 08:39,13.7
2025-08-19 08:56,35.6
2025-08-19 11:03,67.1
2025-08-19 13:08,32.1
2025-08-19 14:56,31.0
2025-08-19 17:24,21.0
2025-08-19 20:56,22.5
2025-08-19 22:57,40.4
2025-08-20 06:40,17.1
2025-08-20 08:43,23.8
2025-08-20 08:58,22.0
2025-08-20 10:57,61.7
2025-08-20 12:59,42.2
2025-08-21 06:03,38.9
2025-08-21 06:39,38.2
2025-08-21 11:01,21.2
2025-08-21 13:07,45.5
2025-08-21 14:57,22.7
2025-08-21 16:17,41.2
2025-08-21 18:16,77.3
2025-08-21 20:16,19.6
2025-08-21 22:16,20.6
2025-08-22 00:16,65.8
2025-08-22 02:16,9.7
2025-08-22 04:19,59.6
2025-08-23 11:43,52.6
2025-08-23 12:48,51.4
2025-08-23 14:59,47.1
2025-08-23 16:47,79.3
2025-08-23 18:40,12.7
2025-08-23 20:17,30.2
2025-08-23 22:16,57.7
2025-08-24 00:16,58.6
2025-08-24 07:24,32.5
2025-08-24 08:50,73.6
2025-08-24 10:24,28.4
2025-08-24 12:35,29.7
2025-08-24 14:57,25.5
2025-08-24 16:38,31.3
2025-08-24 18:53,31.8
2025-08-24 20:44,16.2
2025-08-25 05:30,80.5
2025-08-25 08:49,95.7
2025-08-25 10:26,79.2
2025-08-26 06:58,22.8
2025-08-26 08:26,23.4
2025-08-27 06:29,55.6
2025-08-27 08:13,17.4
2025-08-27 10:00,88.0
2025-08-28 06:46,27.9
2025-08-28 08:30,65.6
2025-08-28 09:59,27.5
2025-08-28 11:59,41.2
2025-08-29 06:16,40.7
2025-08-29 08:15,9.1
2025-08-29 10:29,41.6
2025-08-29 12:39,30.4
2025-08-29 14:18,32.3
2025-08-29 16:58,62.1
2025-08-30 08:44,42.5
2025-08-30 11:05,28.7
2025-08-30 13:12,45.0
2025-08-30 14:49,74.7
2025-08-30 16:36,44.9
2025-08-30 18:10,20.8
2025-08-30 20:10,27.3
2025-08-30 22:10,137.3
2025-08-31 00:10,45.9
2025-08-31 02:10,134.2
2025-08-31 04:10,61.7
2025-08-31 06:10,59.7
2025-09-01 05:58,51.7
2025-09-01 06:12,27.6
2025-09-01 08:22,33.0
2025-09-01 10:39,65.8
2025-09-01 12:10,26.6
2025-09-01 14:10,56.6
2025-09-01 18:16,51.7
2025-09-02 14:24,16.9
2025-09-02 16:26,68.1
2025-09-02 18:10,13.8
2025-09-02 20:11,43.3
2025-09-02 22:10,110.3
2025-09-03 00:10,47.7
2025-09-03 02:10,141.5
2025-09-03 04:10,103.2
2025-09-03 06:16,62.8
2025-09-04 06:27,32.6
2025-09-04 07:18,71.6
2025-09-04 09:40,29.7
2025-09-04 11:03,49.3
2025-09-04 13:24,33.1
2025-09-04 16:08,57.8
2025-09-04 17:18,31.0
2025-09-04 20:01,33.0
2025-09-04 21:01,44.3
2025-09-04 23:01,47.4
2025-09-05 01:01,55.4
2025-09-05 03:01,53.8
2025-09-05 09:50,55.7
2025-09-05 10:44,52.2
2025-09-05 16:39,36.5
2025-09-08 06:23,74.9
2025-09-08 08:05,17.9
2025-09-08 10:16,110.2
2025-09-08 12:05,38.0
2025-09-08 14:24,32.2
2025-09-08 16:06,50.0
2025-09-08 18:09,25.6
2025-09-08 20:04,24.7
2025-09-08 22:04,39.9
2025-09-09 00:04,52.6
2025-09-09 02:04,17.8
2025-09-09 04:05,42.0
2025-09-09 08:41,42.6
2025-09-09 10:04,114.4
2025-09-09 14:04,33.1
2025-09-09 16:07,28.0
2025-09-09 18:04,33.6
2025-09-09 20:05,35.7
2025-09-09 22:09,28.5
2025-09-10 00:04,34.2
2025-09-10 02:04,54.3
2025-09-10 04:05,84.7
2025-09-10 06:10,35.0
2025-09-10 08:06,20.7
2025-09-10 10:06,63.0
2025-09-10 14:12,38.2
2025-09-10 16:47,70.2
2025-09-11 08:44,47.3
2025-09-11 08:52,23.8
2025-09-11 13:02,81.2
2025-09-11 14:55,26.7
2025-09-11 17:09,29.9
2025-09-11 18:58,11.0
2025-09-11 20:53,35.5
2025-09-12 06:49,32.0
2025-09-12 07:24,33.9
2025-09-12 09:12,71.5
2025-09-12 11:18,40.5
2025-09-12 15:04,39.8
2025-09-12 18:53,16.0
2025-09-12 20:53,10.9
2025-09-12 22:52,43.9
2025-09-15 06:31,31.1
2025-09-15 07:08,16.8
2025-09-15 08:53,21.8
2025-09-15 10:52,43.2
2025-09-15 16:18,29.6
2025-09-15 17:22,27.1
2025-09-15 19:17,20.3
2025-09-16 05:55,28.0
2025-09-16 09:11,88.6
2025-09-16 11:01,78.4
2025-09-16 14:06,85.0
2025-09-16 14:54,31.6
2025-09-16 17:18,67.6
2025-09-16 19:00,40.5
2025-09-16 20:53,19.7
2025-09-16 22:52,31.5
2025-09-17 00:52,40.5
2025-09-17 02:52,25.2
2025-09-17 04:52,80.5
2025-09-17 12:09,88.8
2025-09-17 13:54,13.8
2025-09-17 14:53,24.7
2025-09-17 17:26,19.2
2025-09-17 18:52,33.8
2025-09-17 20:54,31.6
2025-09-17 22:52,67.1
2025-09-18 00:52,27.2
2025-09-18 02:52,28.5
2025-09-18 05:50,55.6
2025-09-18 06:52,38.6
2025-09-18 11:16,18.2
2025-09-18 12:58,32.8
2025-09-18 14:52,26.8
2025-09-18 18:05,25.4
2025-09-18 19:07,37.0
2025-09-19 11:10,53.8
2025-09-19 12:52,36.0
2025-09-19 15:13,31.7
2025-09-19 17:52,29.6
2025-09-19 18:52,15.2
2025-09-19 20:52,46.8
2025-09-19 22:52,31.6
2025-09-22 05:38,13.1
2025-09-22 06:53,35.6
2025-09-22 08:54,84.0
2025-09-22 11:09,10.7
2025-09-22 13:20,19.0
2025-09-22 16:52,43.2
2025-09-22 18:54,54.3
2025-09-22 21:01,50.1
2025-09-23 13:20,23.6
2025-09-23 14:54,26.2
2025-09-23 17:14,17.8
2025-09-23 18:54,22.1
2025-09-23 20:52,49.1
2025-09-23 22:52,34.9
2025-09-25 06:26,39.8
2025-09-25 08:02,9.8
2025-09-25 09:15,31.6
2025-09-25 11:41,61.1
2025-09-25 14:52,20.3
2025-09-25 17:09,51.7
2025-09-25 20:52,24.9
2025-09-26 06:36,33.3
2025-09-26 06:54,64.2
2025-09-26 13:43,25.0
2025-09-26 15:46,90.9
2025-09-26 17:03,51.5
2025-09-29 15:16,63.6
2025-09-29 17:21,36.5
2025-09-29 19:08,23.2
2025-09-29 20:53,34.3
2025-09-30 07:03,62.3
2025-09-30 08:52,117.5
2025-09-30 10:59,60.6
2025-09-30 13:45,41.3
2025-09-30 15:13,64.4
2025-09-30 17:42,70.8
2025-09-30 18:52,45.7
2025-09-30 20:52,46.7
2025-09-30 22:52,98.6
2025-10-01 00:52,45.5
2025-10-01 02:52,53.3
2025-10-01 04:53,44.3
2025-10-01 09:41,27.1
2025-10-01 10:54,189.7
2025-10-01 15:02,69.1
2025-10-01 17:33,26.2
2025-10-01 18:52,40.2
2025-10-01 20:53,136.1
2025-10-01 22:52,53.9
2025-10-02 00:52,24.8
2025-10-02 02:52,54.8
2025-10-02 05:53,44.1
2025-10-02 06:56,32.0
2025-10-02 08:55,29.5
2025-10-02 16:53,74.5
2025-10-02 18:56,29.0
2025-10-02 20:57,36.7
2025-10-02 22:52,41.3
2025-10-03 00:52,83.5
2025-10-03 02:52,52.6
2025-10-03 04:52,97.0
2025-10-06 06:45,32.0
2025-10-06 08:04,17.7
2025-10-06 09:41,110.8
2025-10-07 12:47,140.1
2025-10-07 14:16,83.2
2025-10-07 16:22,82.0
2025-10-07 17:32,23.6
2025-10-07 19:25,16.8
2025-10-07 21:24,46.5
2025-10-07 23:24,60.6
2025-10-08 01:24,28.1
2025-10-08 03:24,46.7
2025-10-08 08:44,115.1
2025-10-08 09:25,88.1
2025-10-08 11:31,46.3
2025-10-08 15:15,27.8
2025-10-08 15:38,18.5
2025-10-08 17:28,33.5
2025-10-08 19:32,14.7
2025-10-08 21:24,25.7
2025-10-08 23:24,48.9
2025-10-09 01:24,110.6
2025-10-09 14:07,29.1
2025-10-09 16:19,22.7
2025-10-09 18:55,15.5
2025-10-09 19:26,14.7
2025-10-09 21:24,21.8
2025-10-10 08:54,40.2
2025-10-10 09:25,35.4
2025-10-10 11:31,46.3
2025-10-10 15:31,57.3
2025-10-10 18:09,89.0
2025-10-10 19:30,58.6
2025-10-10 21:30,35.3
2025-10-10 23:24,28.3
2025-10-11 01:24,164.4
2025-10-11 03:25,46.5
2025-10-11 05:26,42.5
2025-10-11 09:24,45.8
2025-10-11 13:13,19.5
2025-10-11 13:14,19.1
2025-10-11 15:26,19.8
2025-10-12 11:25,55.5
2025-10-12 13:06,35.2
2025-10-12 17:59,40.9
2025-10-12 19:07,54.2
2025-10-12 21:06,72.1
2025-10-12 22:59,39.5
2025-10-13 00:59,27.4
2025-10-13 02:59,91.0
2025-10-13 04:59,70.2
2025-10-13 19:18,41.8
2025-10-14 06:53,39.3
2025-10-14 06:54,55.3
2025-10-14 08:51,37.6
2025-10-14 10:46,88.8
2025-10-14 14:55,25.5
2025-10-14 16:08,67.1
2025-10-14 16:56,15.3
2025-10-14 18:46,22.2
2025-10-15 08:23,50.4
2025-10-15 09:14,35.8
2025-10-15 11:04,71.7
2025-10-15 14:45,76.0
2025-10-15 14:46,31.6
2025-10-15 17:10,49.9
2025-10-15 18:46,45.7
2025-10-16 06:21,24.0
2025-10-16 07:20,22.3
2025-10-16 09:24,26.9
2025-10-16 10:46,38.3
2025-10-16 12:47,69.4
2025-10-16 14:46,82.1
2025-10-16 16:54,96.8
2025-10-16 18:48,36.5
2025-10-16 20:46,62.4
2025-10-16 22:46,74.8
2025-10-17 00:46,44.0
2025-10-17 02:47,55.2
2025-10-17 05:09,86.6
2025-10-17 08:03,31.7
2025-10-17 10:01,39.9
2025-10-17 14:30,50.2
2025-10-17 15:02,50.9
2025-10-17 18:57,31.5
2025-10-18 07:06,61.6
2025-10-18 08:58,48.1
2025-10-18 12:08,80.0
2025-10-18 13:10,64.2
2025-10-18 15:38,65.4
2025-10-18 17:17,74.5
2025-10-18 19:08,51.4
2025-10-18 20:56,76.9
2025-10-18 22:57,66.9
2025-10-19 00:56,79.5
2025-10-19 02:56,63.8
2025-10-19 04:56,69.3
2025-10-19 08:06,66.2
2025-10-19 09:04,49.8
2025-10-19 11:07,39.3
2025-10-19 16:43,72.4
2025-10-19 16:58,64.2
2025-10-19 19:18,133.1
2025-10-20 07:57,57.6
2025-10-20 09:23,14.5
2025-10-20 10:57,62.7
2025-10-20 12:57,107.3
2025-10-20 15:08,69.9
2025-10-20 17:24,43.8
2025-10-20 19:03,19.0
2025-10-20 20:56,44.9
2025-10-20 22:56,42.9
2025-10-21 00:56,34.4
2025-10-21 07:41,32.2
2025-10-21 10:59,69.3
2025-10-21 12:56,59.6
2025-10-21 15:55,57.8
2025-10-21 17:50,19.3
2025-10-21 18:56,44.7
2025-10-21 20:56,21.6
2025-10-21 22:56,49.4
2025-10-22 00:56,57.8
2025-10-22 02:56,17.7
2025-10-22 06:49,44.4
2025-10-22 07:56,17.8
2025-10-22 08:37,12.7
2025-10-22 10:32,108.4
2025-10-22 16:29,104.8
2025-10-22 17:06,26.5
2025-10-22 19:18,17.7
2025-10-22 20:33,29.9
2025-10-23 05:46,41.7
2025-10-23 06:54,48.9
2025-10-23 08:56,90.3
2025-10-23 10:41,52.7
2025-10-23 14:32,30.4
2025-10-23 17:11,36.1
2025-10-23 18:33,22.8
2025-10-23 20:34,23.8
2025-10-23 22:32,107.5
2025-10-24 00:32,47.2
2025-10-24 02:32,25.7
2025-10-24 12:43,57.0
2025-10-24 14:37,45.3
2025-10-24 16:47,53.9
2025-10-24 18:40,55.3
2025-10-24 20:43,71.2
2025-10-24 23:04,31.0
2025-10-25 00:37,39.1
2025-10-25 02:37,35.8
2025-10-25 08:00,54.0
2025-10-25 12:37,23.9
2025-10-25 15:57,40.0
2025-10-25 16:38,24.1
2025-10-25 18:38,33.1
2025-10-25 20:52,14.0
2025-10-25 22:37,26.4
2025-10-26 00:37,24.2
2025-10-26 02:37,51.8
2025-10-26 04:37,52.4
2025-10-26 08:08,27.5
2025-10-26 10:53,84.2
2025-10-26 12:49,45.9
2025-10-26 14:37,85.5
2025-10-26 17:01,68.7
2025-10-26 18:38,13.7
2025-10-27 09:32,48.5
2025-10-27 10:37,51.9
2025-10-27 13:01,54.8
2025-10-27 15:33,92.4
2025-10-27 16:37,38.8
2025-10-27 18:39,79.2
2025-10-27 20:37,43.2
2025-10-27 22:37,39.1
2025-10-28 00:37,38.0
2025-10-28 02:37,43.3
2025-10-29 11:38,44.4
2025-10-29 13:00,25.8
2025-10-29 14:56,15.0
2025-10-29 17:21,24.2
2025-10-29 18:41,26.1
2025-10-29 20:37,62.5
2025-10-29 22:37,58.6
2025-10-30 09:23,23.2
2025-10-30 10:39,12.9
2025-10-30 13:41,40.9
2025-10-30 14:39,41.8
2025-10-30 16:37,29.1
2025-10-30 18:37,16.5
2025-10-30 20:37,30.9
2025-10-31 06:07,17.2
2025-10-31 06:54,51.0
2025-10-31 08:40,36.8
2025-10-31 11:41,15.9
2025-10-31 12:37,43.6
2025-10-31 14:55,27.1
2025-10-31 17:10,19.5
2025-10-31 19:04,26.9
2025-10-31 20:37,37.7
2025-11-01 13:23,16.7
2025-11-01 14:53,20.8
2025-11-01 16:57,31.0
2025-11-01 18:39,55.6
2025-11-01 20:37,28.7
2025-11-02 08:55,43.9
2025-11-02 11:17,58.4
2025-11-02 13:07,28.9
2025-11-02 14:37,29.9
2025-11-02 17:04,48.6
2025-11-02 18:37,33.7
2025-11-02 20:37,53.6
2025-11-03 07:45,29.2
2025-11-03 09:30,24.7
2025-11-03 10:37,99.0
2025-11-03 12:39,100.8
2025-11-03 14:38,59.9
2025-11-03 17:05,17.8
2025-11-03 18:41,40.8
2025-11-03 20:37,20.3
2025-11-04 07:14,76.2
2025-11-04 10:25,15.9
2025-11-04 11:06,19.2
2025-11-04 14:50,7.5
2025-11-04 18:41,42.9
2025-11-04 20:37,63.2
2025-11-04 22:37,51.2
2025-11-05 00:37,44.1
2025-11-05 08:14,39.2
2025-11-05 08:39,54.3
2025-11-05 10:42,49.2
2025-11-05 12:38,58.6
2025-11-05 14:56,31.0
2025-11-05 16:46,34.4
2025-11-05 18:50,39.4
2025-11-05 20:38,23.9
2025-11-06 07:53,46.6
2025-11-06 09:52,11.7
2025-11-06 10:54,50.9
2025-11-06 12:39,23.0
2025-11-06 17:12,103.9
2025-11-06 19:21,24.0
2025-11-06 20:43,17.1
2025-11-06 22:38,36.5
2025-11-07 07:25,48.6
2025-11-07 09:50,66.3
2025-11-07 10:37,16.3
2025-11-07 12:37,31.4
2025-11-07 15:28,33.0
2025-11-07 17:54,21.9
2025-11-07 18:41,26.5
2025-11-07 20:40,25.1
2025-11-07 22:37,139.3
2025-11-08 00:37,30.8
2025-11-08 02:37,51.4
2025-11-08 04:37,95.1
2025-11-09 09:18,71.8
2025-11-09 10:37,67.9
2025-11-09 12:44,84.1
2025-11-09 14:48,39.1
2025-11-09 18:39,60.8
2025-11-09 20:46,48.1
2025-11-09 22:37,64.8
2025-11-10 00:37,78.9
2025-11-10 02:37,111.0
2025-11-12 07:21,34.0
2025-11-12 07:22,101.2
2025-11-12 08:54,46.3
2025-11-12 10:38,28.1
2025-11-12 14:46,5.6
2025-11-12 19:06,23.0
2025-11-12 20:38,45.5
2025-11-12 22:37,33.8
2025-11-13 00:37,47.4
2025-11-13 02:37,37.7
2025-11-13 07:54,43.2
2025-11-13 09:10,62.9
2025-11-13 10:37,94.9
2025-11-13 12:37,40.4
2025-11-13 14:37,19.7
2025-11-13 17:00,37.3
2025-11-13 18:44,33.2
2025-11-13 21:05,50.9
2025-11-13 22:37,46.3
2025-11-14 07:10,52.2
2025-11-14 10:38,25.4
2025-11-14 12:41,105.7
2025-11-14 15:18,21.6
2025-11-14 18:39,19.4
2025-11-14 20:39,33.3
2025-11-14 22:37,38.5
2025-11-15 00:37,16.5
2025-11-15 02:37,80.0
2025-11-15 04:37,29.5
2025-11-17 07:53,51.3
2025-11-17 08:12,78.9
2025-11-17 10:08,97.3
2025-11-17 12:08,94.0
2025-11-17 14:28,26.9
2025-11-17 16:53,88.0
2025-11-17 18:27,23.9
2025-11-17 20:11,33.5
2025-11-17 22:08,36.8
2025-11-18 00:08,30.5
2025-11-18 02:08,98.8
2025-11-18 04:08,144.0
2025-11-19 06:48,30.9
2025-11-19 08:46,63.7
2025-11-19 10:26,42.2
2025-11-19 12:13,52.7
2025-11-19 17:00,16.9
2025-11-19 18:18,49.1
2025-11-19 20:08,25.2
2025-11-19 22:09,69.9
2025-11-22 05:34,19.7
2025-11-22 06:08,67.2
2025-11-22 08:13,52.3
2025-11-22 10:08,37.5
2025-11-22 12:08,61.5
2025-11-22 14:09,192.6
2025-11-22 16:40,49.3
2025-11-22 18:08,58.5
2025-11-22 20:16,35.0
2025-11-28 08:24,108.4
2025-11-30 09:19,65.4
2025-11-30 13:52,19.2
2025-11-30 14:12,16.2
2025-11-30 16:53,80.4
2025-11-30 18:12,33.0
2025-11-30 20:07,33.8
2025-11-30 22:07,19.8
2025-12-01 00:08,29.1
2025-12-01 06:54,27.1
2025-12-01 09:22,57.6
2025-12-01 10:51,37.8
2025-12-01 14:48,65.4
2025-12-01 17:13,31.6
2025-12-01 18:49,17.0
2025-12-01 20:46,66.5
2025-12-01 22:46,55.5
2025-12-02 00:46,32.9
2025-12-02 08:44,27.3
2025-12-02 10:39,21.5
2025-12-02 11:59,46.8
2025-12-02 15:23,19.8
2025-12-02 16:20,66.8
2025-12-02 18:34,31.6
2025-12-02 20:01,53.4
2025-12-02 22:00,68.4
2025-12-02 23:59,103.7
2025-12-03 01:59,54.9
2025-12-03 03:59,80.2
2025-12-03 05:59,54.3
2025-12-03 08:28,44.5
2025-12-03 10:49,15.1
2025-12-03 12:19,35.1
2025-12-03 13:59,57.8
2025-12-03 16:01,40.5
2025-12-03 17:59,33.9
2025-12-03 20:00,25.6
2025-12-04 07:28,68.8
2025-12-04 08:03,20.5
2025-12-04 10:05,21.4
2025-12-04 12:01,22.1
2025-12-04 14:02,95.5
2025-12-04 16:15,89.5
2025-12-04 18:06,38.5
2025-12-04 19:59,14.3
2025-12-04 22:00,37.1
2025-12-05 00:03,53.0
2025-12-05 08:48,32.7
2025-12-05 08:56,115.0
2025-12-05 10:43,37.7
2025-12-05 11:59,30.6
2025-12-05 14:03,70.3
2025-12-05 18:48,19.6
2025-12-05 19:59,12.9
2025-12-05 22:17,34.1
2025-12-05 23:59,25.4
2025-12-06 01:59,69.9
2025-12-06 03:59,26.6
2025-12-06 05:59,46.5
2025-12-06 08:08,39.4
2025-12-07 08:40,33.2
2025-12-07 08:46,47.3
2025-12-07 10:48,38.9
2025-12-07 12:55,47.4
2025-12-07 14:48,31.7
2025-12-07 19:38,12.2
2025-12-07 20:41,22.2
2025-12-07 22:42,43.9
2025-12-08 09:58,34.6
2025-12-08 10:46,101.9
2025-12-08 12:47,102.3
2025-12-08 14:53,29.8
2025-12-08 16:51,69.5
2025-12-08 18:47,72.6
2025-12-08 20:41,33.6
2025-12-09 07:34,18.2
2025-12-09 09:25,24.1
2025-12-09 10:58,17.9
2025-12-09 12:41,28.2
2025-12-09 16:58,40.8
2025-12-09 18:46,37.8
2025-12-09 20:43,12.2
2025-12-09 22:41,50.4
2025-12-10 00:41,25.6
2025-12-10 02:41,54.4
2025-12-10 04:41,29.4
2025-12-10 17:20,94.0
2025-12-10 18:38,112.5
2025-12-10 20:16,66.5
2025-12-11 09:49,92.9
2025-12-11 10:06,93.2
2025-12-11 12:07,39.8
2025-12-11 15:38,77.0
2025-12-11 16:08,43.3
2025-12-11 18:24,24.5
2025-12-11 20:06,39.2
2025-12-11 22:06,23.8
2025-12-12 00:07,63.7
2025-12-12 02:06,20.3
2025-12-12 04:06,35.8
2025-12-12 08:01,56.0
2025-12-12 08:08,25.4
2025-12-12 11:46,82.0
2025-12-12 12:06,46.8
2025-12-12 16:06,80.1
2025-12-12 18:07,22.4
2025-12-12 20:42,82.8
2025-12-12 22:08,36.1
2025-12-13 00:06,27.0
2025-12-13 02:06,36.5
2025-12-13 04:08,39.0
2025-12-15 09:17,44.2
2025-12-15 12:44,25.7
2025-12-15 13:17,76.5
2025-12-15 17:40,58.5
2025-12-15 19:19,45.2
2025-12-16 08:01,44.3
2025-12-16 11:00,86.9
2025-12-16 11:17,58.6
2025-12-16 13:40,32.1
2025-12-16 17:21,14.6
2025-12-16 19:26,26.2
2025-12-16 21:17,32.9
2025-12-16 23:17,25.5
2025-12-17 08:11,42.5
2025-12-17 10:48,93.1
2025-12-17 11:18,81.1
2025-12-17 15:09,43.5
2025-12-17 15:34,62.4
2025-12-17 17:21,44.8
2025-12-17 19:17,39.1
2025-12-18 07:22,57.4
2025-12-18 07:31,31.9
2025-12-18 09:17,64.6
2025-12-18 11:24,76.6
2025-12-18 13:33,73.7
2025-12-18 15:17,43.4
2025-12-18 17:39,37.1
2025-12-18 19:17,20.8
2025-12-18 21:17,61.6
2025-12-18 23:17,50.2
2025-12-19 01:17,74.5
2025-12-19 03:17,26.9
2025-12-19 05:17,41.1
2025-12-19 08:26,34.7
2025-12-19 10:22,21.8
2025-12-19 11:19,71.8
2025-12-19 13:17,87.5
2025-12-19 15:41,52.6
2025-12-19 18:56,148.7
2025-12-19 19:37,27.1
2025-12-22 09:09,70.7
2025-12-22 11:03,27.6
2025-12-22 14:09,64.5
2025-12-22 15:20,16.9
2025-12-22 17:39,32.8
2025-12-22 18:46,13.6
2025-12-22 20:46,27.8
2025-12-22 22:47,53.1
2025-12-23 00:46,72.8
2025-12-23 02:46,30.6
2025-12-23 05:03,30.3
2025-12-23 09:32,30.2
2025-12-23 10:48,62.7
2025-12-23 13:57,10.7
2025-12-23 16:04,25.0
2025-12-23 17:20,24.2
2025-12-23 19:20,10.6
2025-12-23 20:58,16.3
2025-12-23 22:47,36.1
2025-12-24 00:46,64.9
2025-12-24 02:50,25.9
2025-12-24 04:46,43.4
2026-01-05 08:05,28.6
2026-01-05 09:42,15.9
2026-01-05 10:48,79.9
2026-01-05 13:06,129.8
2026-01-05 16:57,18.9
2026-01-05 20:53,27.3
2026-01-06 07:31,67.7
2026-01-06 10:17,11.4
2026-01-06 10:52,37.4
2026-01-06 12:49,85.1
2026-01-06 14:48,56.3
2026-01-06 16:49,23.4
2026-01-06 18:49,46.7
2026-01-06 20:49,13.6
2026-01-06 22:49,24.2
2026-01-07 06:54,30.6
2026-01-07 07:39,15.9
2026-01-07 10:16,32.1
2026-01-07 10:56,32.5
2026-01-07 12:49,48.0
2026-01-07 14:48,65.8
2026-01-07 18:22,101.6
2026-01-07 19:33,52.4
2026-01-07 20:51,17.1
2026-01-08 07:17,28.9
2026-01-08 09:07,40.3
2026-01-08 11:25,8.4
2026-01-08 12:54,46.6
2026-01-08 14:48,59.7
2026-01-08 16:49,47.7
2026-01-08 19:00,25.0
2026-01-08 20:48,32.2
2026-01-09 06:51,22.4
2026-01-09 08:57,66.6
2026-01-09 10:57,90.3
2026-01-09 12:49,92.3
2026-01-09 17:09,62.3
2026-01-09 18:51,17.5
2026-01-09 20:49,34.1
2026-01-09 22:51,25.3
2026-01-10 08:17,17.8
2026-01-10 09:33,53.2
2026-01-10 11:24,66.6
2026-01-10 12:48,21.5
2026-01-10 15:49,48.8
2026-01-10 16:51,33.9
2026-01-10 18:48,25.2
2026-01-10 20:48,23.0
2026-01-10 23:09,24.8
2026-01-11 00:52,39.3
2026-01-11 02:48,151.9
2026-01-11 04:48,33.8
2026-01-12 07:22,24.0
2026-01-12 08:48,43.0
2026-01-12 10:48,63.9
2026-01-12 13:09,70.6
2026-01-12 16:54,12.9
2026-01-12 17:06,61.2
2026-01-12 18:53,134.5
2026-01-12 20:48,40.0
2026-01-12 22:49,25.5
2026-01-13 07:41,34.7
2026-01-13 10:15,23.9
2026-01-13 11:16,102.8
2026-01-13 13:05,65.9
2026-01-13 14:48,47.8
2026-01-13 17:05,75.1
2026-01-13 18:53,42.3
2026-01-13 20:48,33.2
2026-01-13 22:48,73.9
2026-01-14 00:48,61.2
2026-01-14 02:48,48.5
2026-01-14 04:48,43.6
2026-01-15 06:44,33.2
2026-01-15 07:19,9.0
2026-01-15 15:38,107.3
2026-01-15 17:22,29.6
2026-01-15 18:54,14.5
2026-01-15 20:49,33.7
2026-01-16 06:16,21.0
2026-01-16 07:08,61.6
2026-01-16 10:00,19.4
2026-01-16 11:30,49.1
2026-01-16 13:05,34.2
2026-01-16 15:17,35.0
2026-01-16 16:56,44.8
2026-01-16 19:34,28.1
2026-01-16 20:48,34.9
2026-01-16 22:49,35.9
2026-01-17 00:48,29.9
2026-01-17 05:28,64.2
2026-01-17 07:04,35.2
2026-01-17 12:57,59.9
2026-01-17 15:50,37.9
2026-01-17 16:56,38.1
2026-01-17 18:48,59.1
2026-01-18 07:17,41.0
2026-01-18 08:17,38.6
2026-01-18 11:24,54.2
2026-01-18 12:51,115.0
2026-01-18 14:16,70.6
2026-01-18 16:29,78.0
2026-01-18 18:16,34.8
2026-01-18 20:15,115.0
2026-01-18 22:15,102.0
2026-01-19 00:15,49.3
2026-01-19 10:17,15.4
2026-01-19 12:25,69.0
2026-01-19 15:10,23.2
2026-01-19 16:15,26.7
2026-01-19 18:21,60.9
2026-01-20 06:52,34.8
2026-01-20 08:20,67.3
2026-01-20 10:18,37.6
2026-01-20 12:15,112.5
2026-01-20 16:32,85.9
2026-01-20 18:16,43.3
2026-01-20 20:15,89.7
2026-01-21 07:18,18.8
2026-01-21 08:21,48.7
2026-01-21 10:17,18.9
2026-01-21 12:15,60.2
2026-01-21 14:16,47.7
2026-01-21 16:51,44.6
2026-01-21 18:48,33.5
2026-01-21 20:15,39.5
2026-01-23 07:07,13.5
2026-01-23 08:20,53.5
2026-01-23 10:15,24.7
2026-01-23 12:15,45.1
2026-01-23 16:17,42.0
2026-01-23 19:01,32.8
2026-01-23 20:16,61.2
2026-01-25 06:37,41.8
2026-01-25 08:55,40.4
2026-01-25 10:43,26.7
2026-01-25 17:33,52.7
2026-01-25 18:15,62.9
2026-01-25 20:32,58.0
2026-01-25 22:15,69.9
2026-01-26 06:57,42.3
2026-01-26 09:00,23.0
2026-01-26 10:17,55.2
2026-01-26 12:18,45.9
2026-01-26 14:32,52.0
2026-01-26 18:16,63.2
2026-01-26 20:15,73.2
2026-01-27 07:06,27.1
2026-01-27 08:20,92.1
2026-01-27 11:01,28.9
2026-01-27 12:15,66.2
2026-01-27 16:50,73.7
2026-01-27 18:17,53.4
2026-01-27 20:15,83.0
2026-01-28 06:40,41.3
2026-01-28 06:42,16.2
2026-01-28 08:19,28.4
2026-01-28 11:22,27.0
2026-01-28 12:22,24.1
2026-01-28 14:20,31.6
2026-01-28 16:47,17.6
2026-01-28 20:16,37.1
2026-01-28 22:15,58.8
2026-01-29 07:24,43.9
2026-01-29 14:45,43.7
2026-01-29 16:22,45.8
2026-01-29 18:36,23.8
