date,spo2_pct
2023-06-19 18:25,96.0
2023-06-19 18:25,96.0
2023-06-19 20:35,100.0
2023-06-19 21:05,97.0
2023-06-19 21:35,98.0
2023-06-19 22:05,98.0
2023-06-19 22:35,100.0
2023-06-19 23:06,96.0
2023-06-19 23:36,98.0
2023-06-20 00:06,97.0
2023-06-20 00:36,98.0
2023-06-20 01:08,98.0
2023-06-20 01:38,98.0
2023-06-20 02:08,100.0
2023-06-20 02:38,99.0
2023-06-20 03:08,99.0
2023-06-20 03:47,97.0
2023-06-20 04:24,96.0
2023-06-20 08:20,96.0
2023-06-20 09:56,92.0
2023-06-20 10:06,98.0
2023-06-20 11:26,99.0
2023-06-20 12:30,97.0
2023-06-20 13:04,98.0
2023-06-20 13:34,96.0
2023-06-20 17:43,97.0
2023-06-20 18:13,96.0
2023-06-20 18:44,100.0
2023-06-20 19:45,97.0
2023-06-20 21:17,94.0
2023-06-20 21:47,96.0
2023-06-20 22:17,97.0
2023-06-20 22:47,99.0
2023-06-20 23:17,97.0
2023-06-20 23:47,97.0
2023-06-21 00:17,97.0
2023-06-21 00:47,98.0
2023-06-21 01:17,99.0
2023-06-21 01:48,99.0
2023-06-21 02:18,96.0
2023-06-21 02:48,96.0
2023-06-21 03:48,98.0
2023-06-21 04:19,97.0
2023-06-21 04:51,94.0
2023-06-21 08:01,97.0
2023-06-21 08:34,98.0
2023-06-21 09:40,96.0
2023-06-21 15:57,96.0
2023-06-21 16:58,100.0
2023-06-21 17:58,98.0
2023-06-21 18:59,97.0
2023-06-21 21:09,99.0
2023-06-21 21:39,96.0
2023-06-21 23:08,97.0
2023-06-21 23:55,98.0
2023-06-22 00:25,99.0
2023-06-22 00:55,99.0
2023-06-22 01:26,98.0
2023-06-22 01:56,98.0
2023-06-22 03:02,99.0
2023-06-22 03:32,97.0
2023-06-22 04:02,99.0
2023-06-22 04:32,100.0
2023-06-22 05:43,95.0
2023-06-22 08:57,98.0
2023-06-22 09:40,99.0
2023-06-22 12:23,97.0
2023-06-22 14:40,97.0
2023-06-22 15:11,97.0
2023-06-22 17:14,100.0
2023-06-22 18:24,99.0
2023-06-22 18:55,98.0
2023-06-22 19:26,96.0
2023-06-22 21:04,96.0
2023-06-22 21:34,97.0
2023-06-22 22:04,95.0
2023-06-22 22:34,96.0
2023-06-22 23:04,100.0
2023-06-22 23:34,100.0
2023-06-23 00:04,100.0
2023-06-23 00:34,100.0
2023-06-23 01:34,100.0
2023-06-23 02:04,96.0
2023-06-23 02:34,100.0
2023-06-23 03:04,97.0
2023-06-23 03:35,96.0
2023-06-23 04:05,99.0
2023-06-23 04:36,97.0
2023-06-23 05:44,96.0
2023-06-23 07:01,100.0
2023-06-23 08:03,98.0
2023-06-23 10:53,92.0
2023-06-23 16:04,99.0
2023-06-23 17:06,97.0
2023-06-23 17:48,96.0
2023-06-23 18:20,96.0
2023-06-23 19:21,98.0
2023-06-23 19:55,96.0
2023-06-24 00:01,94.0
2023-06-24 00:31,96.0
2023-06-24 01:03,95.0
2023-06-24 02:08,96.0
2023-06-24 02:38,96.0
2023-06-24 03:08,95.0
2023-06-24 03:38,96.0
2023-06-24 04:08,98.0
2023-06-24 04:38,99.0
2023-06-24 05:08,97.0
2023-06-24 05:38,98.0
2023-06-24 06:19,100.0
2023-06-24 08:48,97.0
2023-06-24 14:20,97.0
2023-06-24 16:07,98.0
2023-06-24 17:06,97.0
2023-06-24 19:17,97.0
2023-06-24 19:51,95.0
2023-06-24 20:21,96.0
2023-06-24 20:51,99.0
2023-06-24 22:06,92.0
2023-06-24 22:36,96.0
2023-06-24 23:13,97.0
2023-06-24 23:43,97.0
2023-06-25 00:13,97.0
2023-06-25 00:43,95.0
2023-06-25 01:27,97.0
2023-06-25 01:57,97.0
2023-06-25 02:29,96.0
2023-06-25 02:59,95.0
2023-06-25 03:30,97.0
2023-06-25 04:01,97.0
2023-06-25 04:33,97.0
2023-06-25 05:03,99.0
2023-06-25 05:35,95.0
2023-06-25 08:52,100.0
2023-06-25 09:22,99.0
2023-06-25 16:51,99.0
2023-06-25 18:23,98.0
2023-06-25 19:23,98.0
2023-06-25 20:38,94.0
2023-06-25 21:08,97.0
2023-06-25 21:39,96.0
2023-06-25 22:43,96.0
2023-06-25 23:43,97.0
2023-06-26 00:13,97.0
2023-06-26 00:43,96.0
2023-06-26 01:21,96.0
2023-06-26 01:52,95.0
2023-06-26 02:22,98.0
2023-06-26 02:52,96.0
2023-06-26 03:22,96.0
2023-06-26 03:52,97.0
2023-06-26 04:22,97.0
2023-06-26 06:30,100.0
2023-06-26 09:27,97.0
2023-06-26 10:27,96.0
2023-06-26 11:01,96.0
2023-06-26 13:02,95.0
2023-06-26 13:40,98.0
2023-06-26 15:13,97.0
2023-06-26 16:52,98.0
2023-06-26 17:28,100.0
2023-06-26 18:36,95.0
2023-06-26 19:43,99.0
2023-06-26 21:11,95.0
2023-06-26 22:11,95.0
2023-06-26 22:41,97.0
2023-06-26 23:19,99.0
2023-06-26 23:49,98.0
2023-06-27 00:54,97.0
2023-06-27 02:21,95.0
2023-06-27 02:51,94.0
2023-06-27 03:21,98.0
2023-06-27 04:15,97.0
2023-06-27 04:45,96.0
2023-06-27 08:17,100.0
2023-06-27 09:24,93.0
2023-06-27 11:26,94.0
2023-06-27 12:27,97.0
2023-06-27 13:04,99.0
2023-06-27 14:37,99.0
2023-06-27 15:08,96.0
2023-06-27 16:09,97.0
2023-06-27 17:01,96.0
2023-06-27 17:40,100.0
2023-06-27 18:35,98.0
2023-06-27 19:35,98.0
2023-06-27 20:10,95.0
2023-06-27 20:40,94.0
2023-06-27 21:40,99.0
2023-06-27 22:40,99.0
2023-06-27 23:10,93.0
2023-06-27 23:40,97.0
2023-06-28 00:11,100.0
2023-06-28 00:41,94.0
2023-06-28 01:11,100.0
2023-06-28 01:41,99.0
2023-06-28 03:33,99.0
2023-06-28 05:47,97.0
2023-06-28 11:03,97.0
2023-06-28 11:33,97.0
2023-06-28 12:09,96.0
2023-06-28 12:47,97.0
2023-06-28 13:20,96.0
2023-06-28 14:15,95.0
2023-06-28 19:28,97.0
2023-06-28 20:07,98.0
2023-06-28 20:39,97.0
2023-06-28 21:42,98.0
2023-06-28 22:14,95.0
2023-06-29 07:03,92.0
2023-06-29 08:50,95.0
2023-06-29 12:44,97.0
2023-06-29 18:59,96.0
2023-06-30 12:03,98.0
2023-07-01 13:15,97.0
2023-07-01 13:59,97.0
2023-07-01 16:58,95.0
2023-07-01 17:43,96.0
2023-07-01 18:30,96.0
2023-07-01 19:01,96.0
2023-07-01 21:21,97.0
2023-07-01 21:51,96.0
2023-07-01 22:22,97.0
2023-07-01 23:22,97.0
2023-07-01 23:53,96.0
2023-07-02 00:23,96.0
2023-07-02 01:05,95.0
2023-07-02 01:35,95.0
2023-07-02 02:05,98.0
2023-07-02 02:35,97.0
2023-07-02 03:35,97.0
2023-07-02 04:05,98.0
2023-07-02 04:35,96.0
2023-07-02 05:21,96.0
2023-07-02 05:51,97.0
2023-07-02 11:37,97.0
2023-07-02 12:11,97.0
2023-07-02 14:22,95.0
2023-07-02 15:24,96.0
2023-07-02 16:27,100.0
2023-07-02 17:36,100.0
2023-07-02 19:05,98.0
2023-07-02 20:09,97.0
2023-07-02 21:08,97.0
2023-07-02 21:38,96.0
2023-07-02 22:08,99.0
2023-07-02 22:38,96.0
2023-07-02 23:08,97.0
2023-07-02 23:47,96.0
2023-07-03 00:17,97.0
2023-07-03 00:47,95.0
2023-07-03 01:31,97.0
2023-07-03 02:42,100.0
2023-07-03 03:12,97.0
2023-07-03 03:42,100.0
2023-07-03 04:13,99.0
2023-07-03 04:43,98.0
2023-07-03 05:17,96.0
2023-07-03 05:47,96.0
2023-07-03 07:49,98.0
2023-07-03 08:20,98.0
2023-07-03 08:55,99.0
2023-07-03 10:30,99.0
2023-07-03 12:03,97.0
2023-07-03 12:36,96.0
2023-07-03 14:47,96.0
2023-07-03 16:38,96.0
2023-07-03 21:55,95.0
2023-07-03 22:25,98.0
2023-07-03 22:55,98.0
2023-07-03 23:25,98.0
2023-07-03 23:55,97.0
2023-07-04 00:26,97.0
2023-07-04 00:56,98.0
2023-07-04 01:26,100.0
2023-07-04 01:56,95.0
2023-07-04 02:31,99.0
2023-07-04 03:01,97.0
2023-07-04 03:38,97.0
2023-07-04 04:08,95.0
2023-07-04 04:38,100.0
2023-07-04 05:56,95.0
2023-07-04 06:53,98.0
2023-07-04 08:30,96.0
2023-07-04 10:31,100.0
2023-07-04 11:31,98.0
2023-07-04 12:09,97.0
2023-07-04 15:52,98.0
2023-07-04 16:25,100.0
2023-07-04 19:29,98.0
2023-07-04 21:03,94.0
2023-07-04 21:33,97.0
2023-07-04 22:03,97.0
2023-07-04 22:33,97.0
2023-07-04 23:03,96.0
2023-07-04 23:33,97.0
2023-07-05 00:24,96.0
2023-07-05 01:47,99.0
2023-07-05 02:34,96.0
2023-07-05 03:38,98.0
2023-07-05 04:08,96.0
2023-07-05 04:38,98.0
2023-07-05 05:08,96.0
2023-07-05 09:24,96.0
2023-07-05 10:21,97.0
2023-07-05 11:26,96.0
2023-07-05 12:34,98.0
2023-07-05 13:06,99.0
2023-07-05 14:42,97.0
2023-07-05 18:31,97.0
2023-07-05 19:01,96.0
2023-07-05 19:31,95.0
2023-07-05 21:47,94.0
2023-07-05 22:17,99.0
2023-07-05 22:47,97.0
2023-07-05 23:17,96.0
2023-07-05 23:47,97.0
2023-07-06 00:18,97.0
2023-07-06 02:09,97.0
2023-07-06 03:09,99.0
2023-07-06 03:40,97.0
2023-07-06 04:14,97.0
2023-07-06 04:44,98.0
2023-07-06 05:14,100.0
2023-07-06 05:44,97.0
2023-07-06 06:42,98.0
2023-07-06 08:44,96.0
2023-07-06 09:46,100.0
2023-07-06 10:18,99.0
2023-07-06 12:47,96.0
2023-07-06 14:17,97.0
2023-07-06 15:19,97.0
2023-07-06 16:33,99.0
2023-07-06 18:55,97.0
2023-07-06 22:20,96.0
2023-07-06 22:50,97.0
2023-07-06 23:20,99.0
2023-07-07 00:37,95.0
2023-07-07 01:07,95.0
2023-07-07 01:38,97.0
2023-07-07 02:08,98.0
2023-07-07 02:40,98.0
2023-07-07 03:10,94.0
2023-07-07 04:41,94.0
2023-07-07 05:11,99.0
2023-07-07 06:49,99.0
2023-07-07 08:33,97.0
2023-07-07 09:05,98.0
2023-07-07 10:43,97.0
2023-07-07 11:21,98.0
2023-07-07 12:24,100.0
2023-07-07 13:07,99.0
2023-07-07 14:14,98.0
2023-07-07 14:49,97.0
2023-07-07 16:57,96.0
2023-07-07 18:21,99.0
2023-07-07 19:52,96.0
2023-07-07 20:25,100.0
2023-07-07 21:00,99.0
2023-07-07 21:35,100.0
2023-07-07 23:26,96.0
2023-07-08 07:10,96.0
2023-07-08 07:52,98.0
2023-07-08 08:29,96.0
2023-07-08 14:25,98.0
2023-07-08 14:59,97.0
2023-07-08 15:48,97.0
2023-07-08 22:52,96.0
2023-07-08 23:47,91.0
2023-07-09 00:17,95.0
2023-07-09 00:47,97.0
2023-07-09 01:17,97.0
2023-07-09 01:49,94.0
2023-07-09 02:19,93.0
2023-07-09 02:49,96.0
2023-07-09 03:19,98.0
2023-07-09 03:54,97.0
2023-07-09 04:24,96.0
2023-07-09 05:12,94.0
2023-07-09 05:42,97.0
2023-07-09 06:12,95.0
2023-07-09 06:42,96.0
2023-07-09 08:46,99.0
2023-07-09 10:08,100.0
2023-07-09 19:24,95.0
2023-07-09 19:54,96.0
2023-07-09 20:24,99.0
2023-07-09 20:54,99.0
2023-07-09 21:24,96.0
2023-07-09 22:26,99.0
2023-07-09 23:29,96.0
2023-07-09 23:59,96.0
2023-07-10 00:59,95.0
2023-07-10 01:29,98.0
2023-07-10 01:59,97.0
2023-07-10 02:29,96.0
2023-07-10 03:00,97.0
2023-07-10 03:30,98.0
2023-07-10 04:00,98.0
2023-07-10 04:30,99.0
2023-07-10 05:01,96.0
2023-07-10 05:31,96.0
2023-07-10 06:01,97.0
2023-07-10 06:33,98.0
2023-07-10 07:36,98.0
2023-07-10 08:41,96.0
2023-07-10 10:48,97.0
2023-07-10 11:49,99.0
2023-07-10 12:40,98.0
2023-07-10 13:41,99.0
2023-07-10 15:30,99.0
2023-07-10 16:31,98.0
2023-07-10 18:09,97.0
2023-07-10 18:42,99.0
2023-07-10 19:12,97.0
2023-07-10 21:17,97.0
2023-07-10 21:47,99.0
2023-07-10 22:17,95.0
2023-07-10 22:47,95.0
2023-07-10 23:17,97.0
2023-07-10 23:47,95.0
2023-07-11 00:17,98.0
2023-07-11 00:47,97.0
2023-07-11 01:18,97.0
2023-07-11 01:48,97.0
2023-07-11 02:18,96.0
2023-07-11 02:51,98.0
2023-07-11 03:21,99.0
2023-07-11 03:52,97.0
2023-07-11 04:22,99.0
2023-07-11 04:53,98.0
2023-07-11 05:58,95.0
2023-07-11 07:01,100.0
2023-07-11 08:11,97.0
2023-07-11 09:00,97.0
2023-07-11 09:36,97.0
2023-07-11 10:07,97.0
2023-07-11 10:37,97.0
2023-07-11 11:24,100.0
2023-07-11 12:28,97.0
2023-07-11 16:48,94.0
2023-07-11 17:26,97.0
2023-07-11 17:58,96.0
2023-07-11 19:00,96.0
2023-07-11 20:01,96.0
2023-07-11 21:15,96.0
2023-07-11 21:52,97.0
2023-07-11 22:22,97.0
2023-07-11 22:52,95.0
2023-07-11 23:24,97.0
2023-07-11 23:54,98.0
2023-07-12 00:25,98.0
2023-07-12 00:55,98.0
2023-07-12 01:55,99.0
2023-07-12 02:30,96.0
2023-07-12 03:02,97.0
2023-07-12 03:37,92.0
2023-07-12 04:07,96.0
2023-07-12 05:29,98.0
2023-07-12 06:08,99.0
2023-07-12 08:22,98.0
2023-07-12 09:39,100.0
2023-07-12 10:10,100.0
2023-07-12 10:48,99.0
2023-07-12 11:20,96.0
2023-07-12 11:56,98.0
2023-07-12 12:31,97.0
2023-07-12 13:47,98.0
2023-07-12 14:18,97.0
2023-07-12 14:48,97.0
2023-07-12 15:48,98.0
2023-07-12 16:36,96.0
2023-07-12 18:36,98.0
2023-07-12 19:06,97.0
2023-07-12 19:36,97.0
2023-07-13 06:39,97.0
2023-07-13 07:42,98.0
2023-07-13 09:21,99.0
2023-07-13 10:14,100.0
2023-07-13 12:20,97.0
2023-07-13 15:44,96.0
2023-07-13 16:22,98.0
2023-07-13 18:02,99.0
2023-07-13 18:32,97.0
2023-07-13 19:08,94.0
2023-07-13 19:43,96.0
2023-07-13 22:02,100.0
2023-07-13 23:02,96.0
2023-07-13 23:32,98.0
2023-07-14 00:02,98.0
2023-07-14 00:32,96.0
2023-07-14 01:02,99.0
2023-07-14 02:02,96.0
2023-07-14 02:50,95.0
2023-07-14 03:20,99.0
2023-07-14 04:20,100.0
2023-07-14 04:50,100.0
2023-07-14 08:31,97.0
2023-07-14 09:09,98.0
2023-07-14 09:39,100.0
2023-07-14 11:44,97.0
2023-07-14 13:44,96.0
2023-07-14 18:54,96.0
2023-07-14 19:37,97.0
2023-07-14 20:10,98.0
2023-07-14 21:40,99.0
2023-07-14 22:12,98.0
2023-07-14 22:42,97.0
2023-07-14 23:12,95.0
2023-07-14 23:42,96.0
2023-07-15 00:12,96.0
2023-07-15 00:42,99.0
2023-07-15 01:12,97.0
2023-07-15 01:52,94.0
2023-07-15 02:22,98.0
2023-07-15 02:52,97.0
2023-07-15 10:21,100.0
2023-07-15 10:57,97.0
2023-07-15 11:36,97.0
2023-07-15 12:25,97.0
2023-07-15 18:00,96.0
2023-07-15 19:03,95.0
2023-07-15 19:33,94.0
2023-07-15 20:04,96.0
2023-07-15 20:38,95.0
2023-07-15 21:08,99.0
2023-07-15 21:39,95.0
2023-07-15 22:09,96.0
2023-07-15 22:39,93.0
2023-07-15 23:09,95.0
2023-07-15 23:39,98.0
2023-07-16 00:09,96.0
2023-07-16 00:39,94.0
2023-07-16 01:09,95.0
2023-07-16 01:48,96.0
2023-07-16 02:18,98.0
2023-07-16 02:48,96.0
2023-07-16 03:18,95.0
2023-07-16 03:48,95.0
2023-07-16 04:18,94.0
2023-07-16 05:14,96.0
2023-07-16 05:44,97.0
2023-07-16 07:11,100.0
2023-07-16 09:29,96.0
2023-07-16 10:45,97.0
2023-07-16 11:52,96.0
2023-07-16 12:26,96.0
2023-07-16 15:07,95.0
2023-07-16 16:17,96.0
2023-07-16 17:16,97.0
2023-07-16 19:36,95.0
2023-07-16 20:30,94.0
2023-07-16 21:00,99.0
2023-07-16 21:30,95.0
2023-07-16 22:00,96.0
2023-07-16 23:01,97.0
2023-07-16 23:51,100.0
2023-07-17 00:21,97.0
2023-07-17 00:51,96.0
2023-07-17 01:40,96.0
2023-07-17 02:10,98.0
2023-07-17 03:12,94.0
2023-07-17 04:12,98.0
2023-07-17 04:42,96.0
2023-07-17 05:57,98.0
2023-07-17 07:20,99.0
2023-07-17 10:30,96.0
2023-07-17 16:25,99.0
2023-07-17 18:31,96.0
2023-07-17 19:13,98.0
2023-07-17 19:57,94.0
2023-07-17 20:30,95.0
2023-07-17 21:00,96.0
2023-07-17 21:30,96.0
2023-07-17 23:30,97.0
2023-07-18 00:00,97.0
2023-07-18 01:24,98.0
2023-07-18 03:24,99.0
2023-07-18 04:36,98.0
2023-07-18 05:36,100.0
2023-07-18 08:16,96.0
2023-07-18 08:48,98.0
2023-07-18 10:58,99.0
2023-07-18 11:31,99.0
2023-07-18 12:39,97.0
2023-07-18 13:41,97.0
2023-07-18 14:22,100.0
2023-07-18 18:06,97.0
2023-07-18 18:36,100.0
2023-07-18 19:13,97.0
2023-07-18 20:14,100.0
2023-07-18 20:59,96.0
2023-07-18 22:00,96.0
2023-07-18 22:31,96.0
2023-07-18 23:02,99.0
2023-07-18 23:32,96.0
2023-07-19 00:18,100.0
2023-07-19 00:48,98.0
2023-07-19 01:18,96.0
2023-07-19 02:19,99.0
2023-07-19 02:51,95.0
2023-07-19 03:22,98.0
2023-07-19 03:52,100.0
2023-07-19 04:22,98.0
2023-07-19 04:53,98.0
2023-07-19 05:25,100.0
2023-07-19 09:11,97.0
2023-07-19 10:08,97.0
2023-07-19 10:41,97.0
2023-07-19 11:12,96.0
2023-07-19 11:42,96.0
2023-07-19 13:20,93.0
2023-07-19 14:19,98.0
2023-07-19 15:29,94.0
2023-07-19 16:31,100.0
2023-07-19 17:05,99.0
2023-07-19 19:09,96.0
2023-07-19 19:47,99.0
2023-07-19 21:22,97.0
2023-07-19 21:52,98.0
2023-07-19 22:22,99.0
2023-07-19 22:52,98.0
2023-07-19 23:22,98.0
2023-07-19 23:52,100.0
2023-07-20 00:22,100.0
2023-07-20 00:52,100.0
2023-07-20 01:23,100.0
2023-07-20 01:53,99.0
2023-07-20 02:23,99.0
2023-07-20 02:53,100.0
2023-07-20 03:23,98.0
2023-07-20 03:53,99.0
2023-07-20 04:23,98.0
2023-07-20 04:54,99.0
2023-07-20 05:24,99.0
2023-07-20 05:56,100.0
2023-07-20 06:37,98.0
2023-07-20 07:08,93.0
2023-07-20 08:08,97.0
2023-07-20 09:08,96.0
2023-07-20 10:04,99.0
2023-07-20 12:11,96.0
2023-07-20 15:06,98.0
2023-07-20 17:18,99.0
2023-07-20 21:50,96.0
2023-07-20 22:20,96.0
2023-07-20 22:50,97.0
2023-07-20 23:20,97.0
2023-07-20 23:50,97.0
2023-07-21 00:20,100.0
2023-07-21 00:50,98.0
2023-07-21 01:20,98.0
2023-07-21 02:10,96.0
2023-07-21 02:43,97.0
2023-07-21 04:40,97.0
2023-07-21 05:10,96.0
2023-07-21 05:59,100.0
2023-07-21 06:31,98.0
2023-07-21 07:35,99.0
2023-07-21 10:03,98.0
2023-07-21 14:42,96.0
2023-07-21 17:02,99.0
2023-07-21 17:33,97.0
2023-07-21 18:03,97.0
2023-07-21 19:45,100.0
2023-07-21 20:27,99.0
2023-07-22 14:42,95.0
2023-07-22 15:37,97.0
2023-07-22 16:08,98.0
2023-07-22 19:33,97.0
2023-07-22 19:33,97.0
2023-07-22 21:25,87.0
2023-07-22 22:24,96.0
2023-07-22 22:54,95.0
2023-07-22 23:24,93.0
2023-07-23 01:34,93.0
2023-07-23 02:04,94.0
2023-07-23 02:44,94.0
2023-07-23 03:14,97.0
2023-07-23 04:06,97.0
2023-07-23 04:36,97.0
2023-07-23 05:07,95.0
2023-07-23 05:37,95.0
2023-07-23 06:07,96.0
2023-07-23 06:37,99.0
2023-07-23 08:41,95.0
2023-07-23 13:13,99.0
2023-07-23 13:43,99.0
2023-07-24 06:11,98.0
2023-07-24 08:09,97.0
2023-07-24 08:39,98.0
2023-07-24 11:15,99.0
2023-07-24 12:15,96.0
2023-07-24 12:50,98.0
2023-07-24 13:20,94.0
2023-07-24 13:50,100.0
2023-07-24 17:09,97.0
2023-07-24 17:43,96.0
2023-07-24 18:13,96.0
2023-07-24 19:13,95.0
2023-07-24 19:43,96.0
2023-07-24 21:04,100.0
2023-07-24 23:03,97.0
2023-07-24 23:33,99.0
2023-07-25 00:03,98.0
2023-07-25 00:33,100.0
2023-07-25 01:27,96.0
2023-07-25 01:57,98.0
2023-07-25 03:57,99.0
2023-07-25 04:27,99.0
2023-07-25 08:31,96.0
2023-07-25 09:34,96.0
2023-07-25 10:35,96.0
2023-07-25 11:10,98.0
2023-07-25 11:40,98.0
2023-07-25 12:41,99.0
2023-07-25 13:44,99.0
2023-07-25 14:44,98.0
2023-07-25 17:02,100.0
2023-07-25 18:37,96.0
2023-07-25 22:18,97.0
2023-07-25 22:48,96.0
2023-07-25 23:31,95.0
2023-07-26 00:01,98.0
2023-07-26 00:31,94.0
2023-07-26 01:01,96.0
2023-07-26 01:31,97.0
2023-07-26 02:01,97.0
2023-07-26 02:54,99.0
2023-07-26 03:24,98.0
2023-07-26 03:54,98.0
2023-07-26 04:25,96.0
2023-07-26 05:09,96.0
2023-07-26 05:39,98.0
2023-07-26 06:24,97.0
2023-07-26 09:23,97.0
2023-07-26 10:23,95.0
2023-07-26 11:26,95.0
2023-07-26 14:25,98.0
2023-07-26 14:56,96.0
2023-07-26 19:37,98.0
2023-07-26 21:19,92.0
2023-07-26 21:49,99.0
2023-07-26 22:19,96.0
2023-07-26 22:59,96.0
2023-07-26 23:29,98.0
2023-07-27 00:59,100.0
2023-07-27 01:29,97.0
2023-07-27 01:59,96.0
2023-07-27 02:29,100.0
2023-07-27 02:59,100.0
2023-07-27 04:29,100.0
2023-07-27 05:00,99.0
2023-07-27 05:30,92.0
2023-07-27 09:10,100.0
2023-07-27 09:42,92.0
2023-07-27 10:42,96.0
2023-07-27 12:39,96.0
2023-07-27 18:38,97.0
2023-07-27 19:08,95.0
2023-07-27 21:01,94.0
2023-07-27 21:31,96.0
2023-07-27 22:01,94.0
2023-07-27 22:31,98.0
2023-07-27 23:01,97.0
2023-07-27 23:31,98.0
2023-07-28 00:02,96.0
2023-07-28 00:48,92.0
2023-07-28 01:48,100.0
2023-07-28 02:20,100.0
2023-07-28 02:50,100.0
2023-07-28 03:20,99.0
2023-07-28 03:54,98.0
2023-07-28 04:24,99.0
2023-07-28 04:54,99.0
2023-07-28 09:23,97.0
2023-07-28 10:02,99.0
2023-07-28 17:00,97.0
2023-07-28 21:38,98.0
2023-07-28 22:08,99.0
2023-07-28 22:38,98.0
2023-07-29 00:53,93.0
2023-07-29 01:23,97.0
2023-07-29 01:53,99.0
2023-07-29 02:23,100.0
2023-07-29 02:53,100.0
2023-07-29 03:23,100.0
2023-07-29 03:53,100.0
2023-07-29 04:23,98.0
2023-07-29 04:53,100.0
2023-07-29 05:55,98.0
2023-07-29 11:08,95.0
2023-07-29 13:09,95.0
2023-07-29 22:33,95.0
2023-07-29 23:33,97.0
2023-07-30 00:03,99.0
2023-07-30 00:33,99.0
2023-07-30 01:03,96.0
2023-07-30 01:33,95.0
2023-07-30 02:03,97.0
2023-07-30 02:33,96.0
2023-07-30 03:03,100.0
2023-07-30 03:33,96.0
2023-07-30 04:03,98.0
2023-07-30 04:33,97.0
2023-07-30 09:43,95.0
2023-07-30 11:50,94.0
2023-07-30 12:50,95.0
2023-07-30 13:57,98.0
2023-07-30 14:33,96.0
2023-07-30 17:28,99.0
2023-07-30 18:28,98.0
2023-07-30 19:07,100.0
2023-07-30 19:37,98.0
2023-07-30 20:08,97.0
2023-07-30 20:40,93.0
2023-07-30 21:58,99.0
2023-07-30 22:28,95.0
2023-07-30 22:58,97.0
2023-07-30 23:32,95.0
2023-07-31 00:02,99.0
2023-07-31 00:32,98.0
2023-07-31 01:02,97.0
2023-07-31 01:32,98.0
2023-07-31 02:02,100.0
2023-07-31 02:32,100.0
2023-07-31 03:02,100.0
2023-07-31 03:32,100.0
2023-07-31 04:12,99.0
2023-07-31 07:01,99.0
2023-07-31 07:40,100.0
2023-07-31 09:19,100.0
2023-07-31 14:29,96.0
2023-07-31 15:00,100.0
2023-07-31 16:17,100.0
2023-07-31 18:10,98.0
2023-07-31 18:40,100.0
2023-07-31 19:12,98.0
2023-07-31 20:12,97.0
2023-07-31 20:42,100.0
2023-07-31 21:12,96.0
2023-07-31 21:42,97.0
2023-07-31 22:12,98.0
2023-07-31 22:42,98.0
2023-07-31 23:12,98.0
2023-08-01 00:19,97.0
2023-08-01 00:49,100.0
2023-08-01 01:49,99.0
2023-08-01 02:51,93.0
2023-08-01 03:22,98.0
2023-08-01 03:52,97.0
2023-08-01 04:22,100.0
2023-08-01 04:52,100.0
2023-08-01 05:22,97.0
2023-08-01 06:27,97.0
2023-08-01 08:42,96.0
2023-08-01 09:13,97.0
2023-08-01 10:15,99.0
2023-08-01 11:19,96.0
2023-08-01 12:19,97.0
2023-08-01 12:57,94.0
2023-08-01 13:27,96.0
2023-08-01 13:57,96.0
2023-08-01 16:17,97.0
2023-08-01 18:48,100.0
2023-08-01 19:19,97.0
2023-08-01 19:59,98.0
2023-08-01 20:30,100.0
2023-08-01 21:00,96.0
2023-08-01 21:35,94.0
2023-08-01 22:05,97.0
2023-08-01 23:05,98.0
2023-08-01 23:35,97.0
2023-08-02 00:05,97.0
2023-08-02 01:35,100.0
2023-08-02 02:05,100.0
2023-08-02 02:35,98.0
2023-08-02 03:05,98.0
2023-08-02 03:35,97.0
2023-08-02 04:05,97.0
2023-08-02 04:42,95.0
2023-08-02 09:39,97.0
2023-08-02 10:18,93.0
2023-08-02 10:49,100.0
2023-08-02 12:20,99.0
2023-08-02 15:08,97.0
2023-08-02 16:11,97.0
2023-08-02 18:18,100.0
2023-08-02 19:52,95.0
2023-08-02 20:22,99.0
2023-08-02 20:52,96.0
2023-08-02 21:22,97.0
2023-08-02 21:52,98.0
2023-08-02 22:22,95.0
2023-08-02 22:52,97.0
2023-08-02 23:48,96.0
2023-08-03 00:18,100.0
2023-08-03 00:48,97.0
2023-08-03 01:35,97.0
2023-08-03 02:35,98.0
2023-08-03 03:45,96.0
2023-08-03 04:15,97.0
2023-08-03 04:45,95.0
2023-08-03 05:45,99.0
2023-08-03 06:28,93.0
2023-08-03 09:17,96.0
2023-08-03 10:19,97.0
2023-08-03 11:19,96.0
2023-08-03 12:01,98.0
2023-08-03 14:02,97.0
2023-08-03 15:42,100.0
2023-08-03 18:40,97.0
2023-08-03 19:12,95.0
2023-08-03 20:13,97.0
2023-08-03 20:46,97.0
2023-08-03 21:47,97.0
2023-08-03 22:18,94.0
2023-08-03 22:48,99.0
2023-08-03 23:46,94.0
2023-08-04 00:23,97.0
2023-08-04 00:53,98.0
2023-08-04 01:52,98.0
2023-08-04 02:22,98.0
2023-08-04 02:52,97.0
2023-08-04 03:52,99.0
2023-08-04 04:22,98.0
2023-08-04 04:52,100.0
2023-08-04 07:32,99.0
2023-08-04 08:37,98.0
2023-08-04 11:17,95.0
2023-08-04 12:21,97.0
2023-08-04 13:19,98.0
2023-08-04 13:49,98.0
2023-08-04 17:36,96.0
2023-08-04 18:36,97.0
2023-08-04 20:36,99.0
2023-08-04 21:38,95.0
2023-08-04 22:26,96.0
2023-08-04 22:56,99.0
2023-08-04 23:26,97.0
2023-08-05 00:35,97.0
2023-08-05 01:06,96.0
2023-08-05 01:36,97.0
2023-08-05 02:06,96.0
2023-08-05 02:36,96.0
2023-08-05 03:06,96.0
2023-08-05 03:36,92.0
2023-08-05 04:06,100.0
2023-08-05 05:36,97.0
2023-08-05 06:06,97.0
2023-08-05 07:09,89.0
2023-08-05 07:42,94.0
2023-08-05 09:23,98.0
2023-08-05 13:43,98.0
2023-08-05 16:42,93.0
2023-08-05 17:34,98.0
2023-08-05 18:36,98.0
2023-08-05 19:18,91.0
2023-08-05 20:55,96.0
2023-08-05 21:25,98.0
2023-08-05 21:55,93.0
2023-08-05 22:44,90.0
2023-08-05 23:14,88.0
2023-08-06 00:14,96.0
2023-08-06 01:01,96.0
2023-08-06 01:31,98.0
2023-08-06 02:01,96.0
2023-08-06 02:31,96.0
2023-08-06 03:01,98.0
2023-08-06 03:31,95.0
2023-08-06 04:02,96.0
2023-08-06 05:10,96.0
2023-08-06 06:58,94.0
2023-08-06 07:42,94.0
2023-08-06 08:03,92.0
2023-08-06 10:24,99.0
2023-08-06 11:24,94.0
2023-08-06 13:11,91.0
2023-08-06 14:49,100.0
2023-08-06 15:29,98.0
2023-08-06 17:41,97.0
2023-08-07 09:32,98.0
2023-08-07 11:30,97.0
2023-08-07 15:36,97.0
2023-08-07 16:10,97.0
2023-08-07 16:44,93.0
2023-08-07 18:10,95.0
2023-08-07 18:53,92.0
2023-08-07 19:24,97.0
2023-08-07 19:54,95.0
2023-08-07 20:24,94.0
2023-08-07 21:24,95.0
2023-08-07 21:55,97.0
2023-08-07 22:53,94.0
2023-08-07 23:23,95.0
2023-08-08 00:11,94.0
2023-08-08 00:41,96.0
2023-08-08 01:11,93.0
2023-08-08 01:41,96.0
2023-08-08 02:11,96.0
2023-08-08 02:41,97.0
2023-08-08 07:09,100.0
2023-08-08 07:39,93.0
2023-08-08 08:48,98.0
2023-08-08 10:58,100.0
2023-08-08 11:58,95.0
2023-08-08 12:58,95.0
2023-08-08 13:59,99.0
2023-08-08 15:08,96.0
2023-08-08 18:25,94.0
2023-08-08 18:57,100.0
2023-08-08 21:26,94.0
2023-08-08 22:10,96.0
2023-08-08 23:38,95.0
2023-08-09 00:08,97.0
2023-08-09 00:38,95.0
2023-08-09 01:08,97.0
2023-08-09 01:38,96.0
2023-08-09 02:08,98.0
2023-08-09 02:45,96.0
2023-08-09 03:15,94.0
2023-08-09 03:45,98.0
2023-08-09 04:15,98.0
2023-08-09 04:45,100.0
2023-08-09 05:15,97.0
2023-08-09 07:01,100.0
2023-08-09 17:20,96.0
2023-08-09 18:20,92.0
2023-08-09 19:13,98.0
2023-08-09 19:49,96.0
2023-08-09 20:22,96.0
2023-08-09 20:52,97.0
2023-08-09 21:22,95.0
2023-08-09 21:52,95.0
2023-08-09 22:32,95.0
2023-08-09 23:02,95.0
2023-08-09 23:57,95.0
2023-08-10 01:20,98.0
2023-08-10 02:04,98.0
2023-08-10 02:34,100.0
2023-08-10 03:08,97.0
2023-08-10 03:38,100.0
2023-08-10 04:08,94.0
2023-08-10 04:38,99.0
2023-08-10 05:08,97.0
2023-08-10 05:38,100.0
2023-08-10 07:35,98.0
2023-08-10 08:29,99.0
2023-08-10 10:39,98.0
2023-08-10 11:10,100.0
2023-08-10 12:10,98.0
2023-08-10 12:44,97.0
2023-08-10 16:34,96.0
2023-08-10 18:45,100.0
2023-08-10 19:46,97.0
2023-08-10 21:57,96.0
2023-08-10 22:56,98.0
2023-08-10 23:26,98.0
2023-08-10 23:56,97.0
2023-08-11 00:26,97.0
2023-08-11 00:56,98.0
2023-08-11 01:31,100.0
2023-08-11 02:01,94.0
2023-08-11 02:31,98.0
2023-08-11 03:39,96.0
2023-08-11 04:26,96.0
2023-08-11 08:28,99.0
2023-08-11 09:04,100.0
2023-08-11 09:39,98.0
2023-08-11 10:10,96.0
2023-08-11 11:52,93.0
2023-08-11 12:23,98.0
2023-08-11 13:06,95.0
2023-08-11 16:22,96.0
2023-08-11 18:33,97.0
2023-08-11 19:33,96.0
2023-08-11 20:34,98.0
2023-08-11 22:00,94.0
2023-08-11 22:32,94.0
2023-08-11 23:02,94.0
2023-08-11 23:32,93.0
2023-08-12 00:02,94.0
2023-08-12 00:32,96.0
2023-08-12 01:02,94.0
2023-08-12 02:32,95.0
2023-08-12 03:02,96.0
2023-08-12 04:00,95.0
2023-08-12 04:30,97.0
2023-08-12 05:00,95.0
2023-08-12 09:20,99.0
2023-08-12 11:02,98.0
2023-08-12 11:42,100.0
2023-08-12 17:29,99.0
2023-08-12 18:29,93.0
2023-08-12 19:49,97.0
2023-08-12 22:22,97.0
2023-08-12 22:52,98.0
2023-08-12 23:52,95.0
2023-08-13 00:22,96.0
2023-08-13 00:52,95.0
2023-08-13 01:22,96.0
2023-08-13 01:52,99.0
2023-08-13 02:52,96.0
2023-08-13 03:30,99.0
2023-08-13 04:00,96.0
2023-08-13 04:30,97.0
2023-08-13 05:00,94.0
2023-08-13 05:30,96.0
2023-08-13 06:00,97.0
2023-08-13 09:16,96.0
2023-08-13 12:32,94.0
2023-08-13 17:30,93.0
2023-08-13 19:26,97.0
2023-08-13 19:56,95.0
2023-08-13 20:27,97.0
2023-08-13 20:57,96.0
2023-08-13 21:39,95.0
2023-08-13 23:10,97.0
2023-08-13 23:40,98.0
2023-08-14 00:10,100.0
2023-08-14 00:40,99.0
2023-08-14 01:10,100.0
2023-08-14 02:10,98.0
2023-08-14 02:44,94.0
2023-08-14 03:14,98.0
2023-08-14 03:47,98.0
2023-08-14 04:17,100.0
2023-08-14 04:47,98.0
2023-08-14 05:17,100.0
2023-08-14 12:51,95.0
2023-08-14 13:52,98.0
2023-08-14 17:26,97.0
2023-08-14 17:57,97.0
2023-08-14 20:27,94.0
2023-08-14 21:27,98.0
2023-08-14 22:04,100.0
2023-08-14 22:35,95.0
2023-08-14 23:05,98.0
2023-08-14 23:35,100.0
2023-08-15 00:07,99.0
2023-08-15 00:37,97.0
2023-08-15 01:07,98.0
2023-08-15 01:37,98.0
2023-08-15 02:07,98.0
2023-08-15 02:37,100.0
2023-08-15 03:08,97.0
2023-08-15 03:38,100.0
2023-08-15 04:08,98.0
2023-08-15 04:38,97.0
2023-08-15 05:53,99.0
2023-08-15 06:55,97.0
2023-08-15 10:59,96.0
2023-08-15 11:36,99.0
2023-08-15 13:08,97.0
2023-08-15 15:13,95.0
2023-08-15 15:51,88.0
2023-08-15 16:21,95.0
2023-08-15 18:42,97.0
2023-08-15 19:48,96.0
2023-08-15 20:49,96.0
2023-08-15 21:22,99.0
2023-08-15 21:52,96.0
2023-08-15 22:22,93.0
2023-08-15 22:52,99.0
2023-08-15 23:22,98.0
2023-08-16 00:23,94.0
2023-08-16 01:07,97.0
2023-08-16 01:37,96.0
2023-08-16 03:07,100.0
2023-08-16 03:37,100.0
2023-08-16 04:07,100.0
2023-08-16 04:37,98.0
2023-08-16 08:26,95.0
2023-08-16 09:25,99.0
2023-08-16 10:00,98.0
2023-08-16 11:00,96.0
2023-08-16 11:31,96.0
2023-08-16 12:01,98.0
2023-08-16 14:02,96.0
2023-08-16 14:40,97.0
2023-08-16 16:42,93.0
2023-08-16 19:38,97.0
2023-08-16 20:10,96.0
2023-08-16 20:44,98.0
2023-08-16 21:14,96.0
2023-08-16 21:44,98.0
2023-08-16 22:14,96.0
2023-08-16 22:45,95.0
2023-08-16 23:36,96.0
2023-08-17 00:17,100.0
2023-08-17 00:47,100.0
2023-08-17 01:17,93.0
2023-08-17 01:47,100.0
2023-08-17 02:17,99.0
2023-08-17 02:47,100.0
2023-08-17 03:17,100.0
2023-08-17 04:29,99.0
2023-08-17 04:59,96.0
2023-08-17 06:31,100.0
2023-08-17 11:11,95.0
2023-08-17 11:45,97.0
2023-08-17 12:46,93.0
2023-08-17 13:52,98.0
2023-08-17 14:54,97.0
2023-08-17 16:47,95.0
2023-08-17 18:35,99.0
2023-08-17 19:05,87.0
2023-08-17 22:08,97.0
2023-08-17 22:39,97.0
2023-08-17 23:09,96.0
2023-08-17 23:39,95.0
2023-08-18 00:40,96.0
2023-08-18 02:43,96.0
2023-08-18 03:13,92.0
2023-08-18 03:43,100.0
2023-08-18 04:13,99.0
2023-08-18 04:43,99.0
2023-08-18 05:14,99.0
2023-08-18 08:46,97.0
2023-08-18 09:42,100.0
2023-08-18 10:16,98.0
2023-08-18 11:52,98.0
2023-08-18 12:57,97.0
2023-08-18 13:58,96.0
2023-08-18 15:05,94.0
2023-08-18 18:16,98.0
2023-08-18 18:47,99.0
2023-08-18 19:17,98.0
2023-08-18 19:51,98.0
2023-08-18 20:56,95.0
2023-08-18 22:36,99.0
2023-08-18 23:07,97.0
2023-08-19 00:07,97.0
2023-08-19 00:38,96.0
2023-08-19 01:08,97.0
2023-08-19 01:38,98.0
2023-08-19 02:08,95.0
2023-08-19 02:38,98.0
2023-08-19 03:10,95.0
2023-08-19 03:40,93.0
2023-08-19 04:10,98.0
2023-08-19 04:40,95.0
2023-08-19 05:10,94.0
2023-08-19 05:40,100.0
2023-08-19 07:13,96.0
2023-08-19 09:55,99.0
2023-08-19 10:25,100.0
2023-08-19 13:54,95.0
2023-08-19 15:19,93.0
2023-08-19 17:01,96.0
2023-08-19 19:05,96.0
2023-08-19 19:36,97.0
2023-08-19 20:07,99.0
2023-08-19 20:49,95.0
2023-08-19 21:19,95.0
2023-08-19 21:49,93.0
2023-08-19 22:49,93.0
2023-08-19 23:19,94.0
2023-08-20 00:17,98.0
2023-08-20 00:47,88.0
2023-08-20 02:11,95.0
2023-08-20 03:12,95.0
2023-08-20 03:42,98.0
2023-08-20 04:12,97.0
2023-08-20 04:42,97.0
2023-08-20 05:42,97.0
2023-08-20 07:12,96.0
2023-08-20 11:34,99.0
2023-08-20 14:36,96.0
2023-08-20 15:36,95.0
2023-08-20 16:09,95.0
2023-08-20 21:17,95.0
2023-08-20 21:47,95.0
2023-08-20 22:17,92.0
2023-08-20 23:21,97.0
2023-08-20 23:51,95.0
2023-08-21 00:21,96.0
2023-08-21 01:21,96.0
2023-08-21 01:56,96.0
2023-08-21 02:43,97.0
2023-08-21 03:21,99.0
2023-08-21 03:51,97.0
2023-08-21 04:58,96.0
2023-08-21 05:47,97.0
2023-08-21 06:36,98.0
2023-08-21 07:36,99.0
2023-08-21 08:11,99.0
2023-08-21 11:50,98.0
2023-08-21 12:22,99.0
2023-08-21 15:42,97.0
2023-08-21 17:00,95.0
2023-08-21 18:32,97.0
2023-08-21 19:05,96.0
2023-08-21 19:35,96.0
2023-08-21 21:38,97.0
2023-08-21 22:08,97.0
2023-08-21 22:38,98.0
2023-08-21 23:08,100.0
2023-08-22 00:08,99.0
2023-08-22 00:38,95.0
2023-08-22 01:08,100.0
2023-08-22 01:50,94.0
2023-08-22 02:20,100.0
2023-08-22 02:50,95.0
2023-08-22 03:20,100.0
2023-08-22 04:02,98.0
2023-08-22 05:02,100.0
2023-08-22 06:21,97.0
2023-08-22 07:22,99.0
2023-08-22 08:09,99.0
2023-08-22 11:55,97.0
2023-08-22 14:03,98.0
2023-08-22 15:05,100.0
2023-08-22 18:29,96.0
2023-08-22 20:07,100.0
2023-08-22 21:00,97.0
2023-08-22 21:30,97.0
2023-08-22 22:17,96.0
2023-08-22 23:07,100.0
2023-08-23 00:18,98.0
2023-08-23 01:17,97.0
2023-08-23 01:47,99.0
2023-08-23 02:50,100.0
2023-08-23 03:20,96.0
2023-08-23 04:09,97.0
2023-08-23 05:01,100.0
2023-08-23 05:36,98.0
2023-08-23 13:24,98.0
2023-08-23 15:24,98.0
2023-08-23 19:32,99.0
2023-08-23 20:03,97.0
2023-08-23 20:35,95.0
2023-08-23 22:06,97.0
2023-08-23 23:06,97.0
2023-08-23 23:45,97.0
2023-08-24 00:15,97.0
2023-08-24 01:15,99.0
2023-08-24 01:45,100.0
2023-08-24 03:03,100.0
2023-08-24 03:33,100.0
2023-08-24 04:03,98.0
2023-08-24 13:23,98.0
2023-08-24 13:53,97.0
2023-08-24 17:31,100.0
2023-08-24 18:45,98.0
2023-08-24 19:26,96.0
2023-08-24 19:56,97.0
2023-08-24 20:27,97.0
2023-08-24 21:27,97.0
2023-08-24 21:57,98.0
2023-08-24 22:27,100.0
2023-08-24 22:57,100.0
2023-08-24 23:57,100.0
2023-08-25 00:27,100.0
2023-08-25 00:27,100.0
2023-08-25 01:41,97.0
2023-08-25 02:13,99.0
2023-08-25 02:43,100.0
2023-08-25 03:13,100.0
2023-08-25 03:43,100.0
2023-08-25 04:13,100.0
2023-08-25 04:51,97.0
2023-08-25 05:21,100.0
2023-08-25 10:03,99.0
2023-08-25 11:03,99.0
2023-08-25 13:51,97.0
2023-08-25 15:05,98.0
2023-08-25 21:28,99.0
2023-08-25 22:29,100.0
2023-08-25 23:19,97.0
2023-08-25 23:49,96.0
2023-08-26 00:19,96.0
2023-08-26 01:05,97.0
2023-08-26 01:40,93.0
2023-08-26 02:10,97.0
2023-08-26 02:52,93.0
2023-08-26 03:29,96.0
2023-08-26 04:01,96.0
2023-08-26 04:31,100.0
2023-08-26 05:31,96.0
2023-08-26 06:42,97.0
2023-08-26 09:31,98.0
2023-08-26 10:51,97.0
2023-08-26 11:45,100.0
2023-08-26 13:39,100.0
2023-08-27 06:42,98.0
2023-08-27 07:49,98.0
2023-08-27 13:41,96.0
2023-08-27 14:41,96.0
2023-08-27 15:55,98.0
2023-08-27 18:48,98.0
2023-08-27 19:55,96.0
2023-08-27 20:25,99.0
2023-08-27 20:55,98.0
2023-08-27 22:25,93.0
2023-08-27 22:55,97.0
2023-08-27 23:25,94.0
2023-08-27 23:55,95.0
2023-08-28 00:25,95.0
2023-08-28 01:25,96.0
2023-08-28 01:55,95.0
2023-08-28 02:25,97.0
2023-08-28 02:55,96.0
2023-08-28 03:25,98.0
2023-08-28 04:38,93.0
2023-08-28 05:08,99.0
2023-08-28 06:41,97.0
2023-08-28 08:26,97.0
2023-08-28 09:24,96.0
2023-08-28 09:54,100.0
2023-08-28 11:37,97.0
2023-08-28 15:28,98.0
2023-08-28 17:38,100.0
2023-08-28 18:33,99.0
2023-08-28 19:03,97.0
2023-08-28 19:33,98.0
2023-08-28 20:04,95.0
2023-08-28 21:05,100.0
2023-08-28 21:35,98.0
2023-08-28 22:05,100.0
2023-08-28 22:35,100.0
2023-08-28 23:06,98.0
2023-08-28 23:49,97.0
2023-08-29 00:19,97.0
2023-08-29 00:50,100.0
2023-08-29 01:20,100.0
2023-08-29 01:50,100.0
2023-08-29 02:20,95.0
2023-08-29 02:51,98.0
2023-08-29 08:37,96.0
2023-08-29 09:38,99.0
2023-08-29 14:57,100.0
2023-08-29 17:42,97.0
2023-08-29 18:34,97.0
2023-08-29 19:05,97.0
2023-08-29 19:36,97.0
2023-08-29 20:06,100.0
2023-08-29 20:36,97.0
2023-08-29 21:09,97.0
2023-08-29 21:39,98.0
2023-08-29 22:09,100.0
2023-08-29 22:39,100.0
2023-08-29 23:18,100.0
2023-08-29 23:48,98.0
2023-08-30 00:18,100.0
2023-08-30 00:48,100.0
2023-08-30 01:18,100.0
2023-08-30 01:48,100.0
2023-08-30 02:18,100.0
2023-08-30 02:48,100.0
2023-08-30 03:48,100.0
2023-08-30 04:29,96.0
2023-08-30 04:59,99.0
2023-08-30 05:46,100.0
2023-08-30 09:34,99.0
2023-08-30 10:10,97.0
2023-08-30 11:43,100.0
2023-08-30 15:57,100.0
2023-08-30 16:56,97.0
2023-08-30 17:27,98.0
2023-08-30 17:58,97.0
2023-08-30 18:28,98.0
2023-08-30 20:04,97.0
2023-08-30 20:47,99.0
2023-08-30 21:47,97.0
2023-08-30 22:25,99.0
2023-08-30 22:55,98.0
2023-08-30 23:25,97.0
2023-08-30 23:55,98.0
2023-08-31 00:25,98.0
2023-08-31 00:55,97.0
2023-08-31 01:47,98.0
2023-08-31 02:25,97.0
2023-08-31 03:25,99.0
2023-08-31 03:55,96.0
2023-08-31 04:30,100.0
2023-08-31 05:30,98.0
2023-08-31 08:23,96.0
2023-08-31 08:53,100.0
2023-08-31 12:02,100.0
2023-08-31 13:02,98.0
2023-08-31 14:59,97.0
2023-08-31 15:29,99.0
2023-08-31 17:20,98.0
2023-08-31 18:29,97.0
2023-08-31 19:29,100.0
2023-08-31 20:00,98.0
2023-08-31 21:42,100.0
2023-08-31 22:41,98.0
2023-08-31 23:41,98.0
2023-09-01 00:25,100.0
2023-09-01 01:02,100.0
2023-09-01 01:32,98.0
2023-09-01 03:02,100.0
2023-09-01 03:33,100.0
2023-09-01 04:03,98.0
2023-09-01 04:33,100.0
2023-09-01 06:34,100.0
2023-09-01 09:17,98.0
2023-09-01 10:18,99.0
2023-09-01 11:20,98.0
2023-09-01 11:51,96.0
2023-09-01 12:21,98.0
2023-09-01 12:51,92.0
2023-09-01 14:22,98.0
2023-09-01 15:24,100.0
2023-09-01 16:08,100.0
2023-09-01 17:55,99.0
2023-09-01 19:31,98.0
2023-09-02 01:45,99.0
2023-09-02 03:44,95.0
2023-09-02 04:21,94.0
2023-09-02 06:05,97.0
2023-09-02 06:35,97.0
2023-09-02 09:50,97.0
2023-09-02 10:57,99.0
2023-09-02 11:32,100.0
2023-09-02 14:10,98.0
2023-09-02 18:11,97.0
2023-09-02 20:19,96.0
2023-09-02 20:49,98.0
2023-09-02 21:49,99.0
2023-09-02 22:19,98.0
2023-09-02 22:49,94.0
2023-09-02 23:19,97.0
2023-09-02 23:49,98.0
2023-09-03 00:49,97.0
2023-09-03 01:49,99.0
2023-09-03 02:19,96.0
2023-09-03 02:49,99.0
2023-09-03 03:19,97.0
2023-09-03 04:08,98.0
2023-09-03 04:38,100.0
2023-09-03 05:08,98.0
2023-09-03 06:11,98.0
2023-09-03 08:43,100.0
2023-09-03 11:35,100.0
2023-09-03 12:10,93.0
2023-09-03 13:45,98.0
2023-09-03 16:25,98.0
2023-09-03 17:26,99.0
2023-09-03 17:58,99.0
2023-09-03 18:29,97.0
2023-09-03 19:29,97.0
2023-09-03 19:59,100.0
2023-09-03 20:29,97.0
2023-09-03 20:59,100.0
2023-09-03 21:29,96.0
2023-09-03 21:59,99.0
2023-09-03 22:35,97.0
2023-09-03 23:05,100.0
2023-09-03 23:35,99.0
2023-09-04 00:05,99.0
2023-09-04 00:35,98.0
2023-09-04 01:05,99.0
2023-09-04 01:35,100.0
2023-09-04 02:41,100.0
2023-09-04 03:11,96.0
2023-09-04 03:41,98.0
2023-09-04 04:11,100.0
2023-09-04 04:41,100.0
2023-09-04 05:11,95.0
2023-09-04 05:41,100.0
2023-09-04 15:02,99.0
2023-09-04 15:43,99.0
2023-09-04 16:13,95.0
2023-09-04 16:45,98.0
2023-09-04 18:52,96.0
2023-09-04 19:52,98.0
2023-09-04 20:36,97.0
2023-09-04 21:06,99.0
2023-09-04 21:36,99.0
2023-09-04 22:06,99.0
2023-09-04 22:36,100.0
2023-09-04 23:36,100.0
2023-09-05 00:36,100.0
2023-09-05 01:06,100.0
2023-09-05 01:36,96.0
2023-09-05 02:06,100.0
2023-09-05 02:36,97.0
2023-09-05 03:06,97.0
2023-09-05 04:43,100.0
2023-09-05 06:36,97.0
2023-09-05 10:26,98.0
2023-09-05 11:25,97.0
2023-09-05 12:06,99.0
2023-09-05 12:40,99.0
2023-09-05 13:10,98.0
2023-09-05 16:30,95.0
2023-09-05 17:00,99.0
2023-09-05 18:06,96.0
2023-09-05 18:46,97.0
2023-09-05 21:18,98.0
2023-09-05 21:52,100.0
2023-09-05 22:22,100.0
2023-09-05 22:53,98.0
2023-09-05 23:23,96.0
2023-09-05 23:53,99.0
2023-09-06 00:23,97.0
2023-09-06 00:53,100.0
2023-09-06 01:23,97.0
2023-09-06 01:57,99.0
2023-09-06 02:28,96.0
2023-09-06 03:01,98.0
2023-09-06 03:31,99.0
2023-09-06 04:01,98.0
2023-09-06 04:31,96.0
2023-09-06 05:03,100.0
2023-09-06 07:56,96.0
2023-09-06 08:29,99.0
2023-09-06 17:10,99.0
2023-09-06 17:42,100.0
2023-09-06 18:16,98.0
2023-09-06 19:05,95.0
2023-09-06 19:35,97.0
2023-09-06 20:05,95.0
2023-09-06 21:10,98.0
2023-09-06 21:44,98.0
2023-09-06 22:45,97.0
2023-09-06 23:15,96.0
2023-09-06 23:45,100.0
2023-09-07 00:15,97.0
2023-09-07 00:46,98.0
2023-09-07 01:16,100.0
2023-09-07 01:46,98.0
2023-09-07 02:16,100.0
2023-09-07 03:16,100.0
2023-09-07 03:46,97.0
2023-09-07 04:16,100.0
2023-09-07 04:46,99.0
2023-09-07 05:24,98.0
2023-09-07 07:00,98.0
2023-09-07 09:16,98.0
2023-09-07 12:21,97.0
2023-09-07 12:55,97.0
2023-09-07 14:20,98.0
2023-09-07 15:41,99.0
2023-09-07 16:48,99.0
2023-09-07 18:48,95.0
2023-09-07 19:48,98.0
2023-09-07 20:48,97.0
2023-09-07 21:21,97.0
2023-09-07 21:51,96.0
2023-09-08 06:32,100.0
2023-09-08 13:15,100.0
2023-09-08 14:26,100.0
2023-09-08 15:09,98.0
2023-09-08 17:30,99.0
2023-09-08 19:13,99.0
2023-09-08 19:43,98.0
2023-09-08 20:46,100.0
2023-09-08 21:16,95.0
2023-09-08 21:46,97.0
2023-09-08 22:17,97.0
2023-09-08 22:47,97.0
2023-09-08 23:17,96.0
2023-09-09 00:46,96.0
2023-09-09 01:16,100.0
2023-09-09 01:46,99.0
2023-09-09 03:16,98.0
2023-09-09 03:46,98.0
2023-09-09 04:16,96.0
2023-09-09 04:46,100.0
2023-09-09 08:14,98.0
2023-09-09 09:24,100.0
2023-09-09 12:06,99.0
2023-09-09 14:26,99.0
2023-09-09 14:57,98.0
2023-09-09 16:42,98.0
2023-09-09 17:42,100.0
2023-09-09 18:47,98.0
2023-09-09 19:19,97.0
2023-09-10 14:04,97.0
2023-09-10 14:36,96.0
2023-09-10 17:14,99.0
2023-09-10 19:16,97.0
2023-09-10 20:07,98.0
2023-09-10 20:37,98.0
2023-09-10 21:08,98.0
2023-09-10 21:38,99.0
2023-09-10 22:08,98.0
2023-09-10 22:38,97.0
2023-09-10 23:08,98.0
2023-09-10 23:38,96.0
2023-09-11 00:09,97.0
2023-09-11 00:39,98.0
2023-09-11 01:09,98.0
2023-09-11 01:39,99.0
2023-09-11 02:09,100.0
2023-09-11 02:55,97.0
2023-09-11 03:25,100.0
2023-09-11 03:55,99.0
2023-09-11 04:26,100.0
2023-09-11 04:56,97.0
2023-09-11 05:58,100.0
2023-09-11 09:13,100.0
2023-09-11 09:48,100.0
2023-09-11 12:21,100.0
2023-09-11 17:45,96.0
2023-09-11 18:15,97.0
2023-09-11 21:46,96.0
2023-09-11 22:45,95.0
2023-09-11 23:15,95.0
2023-09-12 00:15,97.0
2023-09-12 00:45,97.0
2023-09-12 01:15,91.0
2023-09-12 01:45,95.0
2023-09-12 02:15,95.0
2023-09-12 02:50,96.0
2023-09-12 03:20,96.0
2023-09-12 04:21,98.0
2023-09-12 05:22,98.0
2023-09-12 06:07,97.0
2023-09-12 07:06,96.0
2023-09-12 07:39,95.0
2023-09-12 08:10,99.0
2023-09-12 09:11,100.0
2023-09-12 10:12,99.0
2023-09-12 10:47,99.0
2023-09-12 11:17,98.0
2023-09-12 11:47,99.0
2023-09-12 12:49,97.0
2023-09-12 13:31,99.0
2023-09-12 15:35,96.0
2023-09-12 16:40,94.0
2023-09-12 17:30,99.0
2023-09-12 18:52,100.0
2023-09-12 19:45,97.0
2023-09-12 21:05,97.0
2023-09-12 21:35,98.0
2023-09-12 22:05,98.0
2023-09-12 22:35,100.0
2023-09-12 23:05,98.0
2023-09-12 23:35,100.0
2023-09-13 00:05,100.0
2023-09-13 00:42,94.0
2023-09-13 02:12,100.0
2023-09-13 02:42,100.0
2023-09-13 03:30,95.0
2023-09-13 04:00,99.0
2023-09-13 04:40,100.0
2023-09-13 05:10,100.0
2023-09-13 05:43,99.0
2023-09-13 07:10,97.0
2023-09-13 07:41,100.0
2023-09-13 08:13,99.0
2023-09-13 08:45,100.0
2023-09-13 09:16,97.0
2023-09-13 14:29,98.0
2023-09-13 15:45,97.0
2023-09-13 16:16,96.0
2023-09-13 16:48,98.0
2023-09-13 17:19,99.0
2023-09-13 17:49,98.0
2023-09-13 18:29,100.0
2023-09-13 19:09,97.0
2023-09-13 20:21,100.0
2023-09-13 20:55,98.0
2023-09-13 21:25,98.0
2023-09-13 21:56,98.0
2023-09-13 22:26,97.0
2023-09-13 22:56,97.0
2023-09-13 23:26,96.0
2023-09-13 23:56,99.0
2023-09-14 00:26,100.0
2023-09-14 00:56,100.0
2023-09-14 01:26,100.0
2023-09-14 01:56,97.0
2023-09-14 02:26,94.0
2023-09-14 03:12,96.0
2023-09-14 03:42,99.0
2023-09-14 04:27,98.0
2023-09-14 05:01,95.0
2023-09-14 08:18,100.0
2023-09-14 10:15,99.0
2023-09-14 10:51,100.0
2023-09-14 17:52,98.0
2023-09-15 15:41,100.0
2023-09-15 16:20,99.0
2023-09-15 16:50,99.0
2023-09-15 17:55,100.0
2023-09-15 19:56,97.0
2023-09-15 20:52,95.0
2023-09-15 21:22,99.0
2023-09-15 21:52,100.0
2023-09-15 22:26,97.0
2023-09-15 22:56,100.0
2023-09-15 23:58,99.0
2023-09-16 00:35,95.0
2023-09-16 01:11,96.0
2023-09-16 01:42,98.0
2023-09-16 02:12,96.0
2023-09-16 02:42,97.0
2023-09-16 03:12,97.0
2023-09-16 03:42,96.0
2023-09-16 04:44,96.0
2023-09-16 05:14,96.0
2023-09-16 06:14,100.0
2023-09-16 07:02,97.0
2023-09-16 07:32,97.0
2023-09-16 08:32,95.0
2023-09-16 09:02,95.0
2023-09-16 09:46,97.0
2023-09-16 10:52,95.0
2023-09-16 11:37,97.0
2023-09-16 12:08,98.0
2023-09-16 14:43,100.0
2023-09-16 15:36,100.0
2023-09-16 17:07,98.0
2023-09-17 01:33,97.0
2023-09-17 02:15,95.0
2023-09-17 03:37,92.0
2023-09-17 04:07,97.0
2023-09-17 05:45,94.0
2023-09-17 06:15,99.0
2023-09-17 06:45,97.0
2023-09-17 07:15,100.0
2023-09-17 07:45,96.0
2023-09-17 08:15,97.0
2023-09-17 08:45,95.0
2023-09-17 09:15,96.0
2023-09-17 09:45,95.0
2023-09-17 10:15,97.0
2023-09-17 10:57,100.0
2023-09-17 14:45,97.0
2023-09-17 20:37,97.0
2023-09-17 21:32,100.0
2023-09-17 22:33,100.0
2023-09-17 23:33,99.0
2023-09-18 01:17,100.0
2023-09-18 02:17,100.0
2023-09-18 03:17,97.0
2023-09-18 03:52,99.0
2023-09-18 04:22,97.0
2023-09-18 05:22,100.0
2023-09-18 05:52,98.0
2023-09-18 06:22,98.0
2023-09-18 06:52,98.0
2023-09-18 07:31,94.0
2023-09-18 09:05,97.0
2023-09-18 09:35,98.0
2023-09-18 10:05,100.0
2023-09-18 13:07,98.0
2023-09-18 16:16,98.0
2023-09-18 19:05,97.0
2023-09-18 19:38,98.0
2023-09-18 22:17,96.0
2023-09-18 23:10,94.0
2023-09-19 00:18,98.0
2023-09-19 00:50,97.0
2023-09-19 01:23,98.0
2023-09-19 02:00,98.0
2023-09-19 03:01,99.0
2023-09-19 03:36,96.0
2023-09-19 04:06,100.0
2023-09-19 04:36,100.0
2023-09-19 06:09,95.0
2023-09-19 06:39,96.0
2023-09-19 07:09,96.0
2023-09-19 07:56,99.0
2023-09-19 08:26,98.0
2023-09-19 09:17,96.0
2023-09-19 09:47,96.0
2023-09-19 10:39,99.0
2023-09-19 11:20,98.0
2023-09-19 12:21,97.0
2023-09-19 15:56,100.0
2023-09-19 16:33,99.0
2023-09-19 20:56,97.0
2023-09-19 23:42,99.0
2023-09-20 00:42,95.0
2023-09-20 01:42,95.0
2023-09-20 02:28,97.0
2023-09-20 02:58,96.0
2023-09-20 03:39,97.0
2023-09-20 04:09,97.0
2023-09-20 04:39,97.0
2023-09-20 05:10,100.0
2023-09-20 05:40,99.0
2023-09-20 06:10,96.0
2023-09-20 06:58,98.0
2023-09-20 07:28,95.0
2023-09-20 08:28,99.0
2023-09-20 09:02,96.0
2023-09-20 09:33,98.0
2023-09-20 10:03,100.0
2023-09-20 10:33,99.0
2023-09-20 11:08,98.0
2023-09-20 11:38,100.0
2023-09-20 14:11,100.0
2023-09-20 16:56,100.0
2023-09-20 17:58,99.0
2023-09-21 00:00,97.0
2023-09-21 00:30,97.0
2023-09-21 01:01,100.0
2023-09-21 01:32,98.0
2023-09-21 02:32,97.0
2023-09-21 03:03,100.0
2023-09-21 03:33,99.0
2023-09-21 04:03,99.0
2023-09-21 04:33,98.0
2023-09-21 06:06,97.0
2023-09-21 06:36,96.0
2023-09-21 07:06,96.0
2023-09-21 08:07,95.0
2023-09-21 08:41,96.0
2023-09-21 09:11,96.0
2023-09-21 09:45,100.0
2023-09-21 10:15,97.0
2023-09-21 10:45,100.0
2023-09-21 11:46,97.0
2023-09-21 18:37,100.0
2023-09-21 23:56,98.0
2023-09-22 01:05,99.0
2023-09-22 01:55,99.0
2023-09-22 04:31,99.0
2023-09-22 06:09,98.0
2023-09-22 06:39,100.0
2023-09-22 08:02,97.0
2023-09-22 08:32,97.0
2023-09-22 09:02,97.0
2023-09-22 09:32,98.0
2023-09-22 10:09,96.0
2023-09-22 10:39,97.0
2023-09-22 11:24,100.0
2023-09-22 12:35,99.0
2023-09-22 13:36,100.0
2023-09-22 14:41,98.0
2023-09-22 22:47,99.0
2023-09-22 23:19,99.0
2023-09-22 23:54,99.0
2023-09-23 02:32,100.0
2023-09-23 03:31,97.0
2023-09-23 04:01,95.0
2023-09-23 04:33,98.0
2023-09-23 05:03,99.0
2023-09-23 05:33,99.0
2023-09-23 06:04,99.0
2023-09-23 06:34,97.0
2023-09-23 07:44,100.0
2023-09-23 08:14,98.0
2023-09-23 08:44,99.0
2023-09-23 09:14,97.0
2023-09-23 09:44,97.0
2023-09-23 10:14,98.0
2023-09-23 10:44,97.0
2023-09-23 11:14,98.0
2023-09-23 12:14,97.0
2023-09-23 13:20,98.0
2023-09-23 18:33,100.0
2023-09-23 20:21,98.0
2023-09-24 02:36,98.0
2023-09-24 03:11,94.0
2023-09-24 03:58,96.0
2023-09-24 04:58,97.0
2023-09-24 05:28,99.0
2023-09-24 06:02,98.0
2023-09-24 06:32,100.0
2023-09-24 07:15,96.0
2023-09-24 07:46,98.0
2023-09-24 08:16,97.0
2023-09-24 08:46,99.0
2023-09-24 09:16,97.0
2023-09-24 09:46,100.0
2023-09-24 10:16,96.0
2023-09-24 10:46,99.0
2023-09-24 11:18,98.0
2023-09-24 12:20,100.0
2023-09-24 16:34,98.0
2023-09-24 17:59,96.0
2023-09-24 19:32,99.0
2023-09-24 21:12,97.0
2023-09-24 21:42,98.0
2023-09-24 22:23,97.0
2023-09-24 23:02,100.0
2023-09-25 00:02,100.0
2023-09-25 01:54,100.0
2023-09-25 02:24,97.0
2023-09-25 03:24,97.0
2023-09-25 03:54,97.0
2023-09-25 04:24,97.0
2023-09-25 04:54,96.0
2023-09-25 05:24,98.0
2023-09-25 05:54,97.0
2023-09-25 06:24,99.0
2023-09-25 06:54,100.0
2023-09-25 07:24,97.0
2023-09-25 20:28,97.0
2023-09-25 20:59,97.0
2023-09-25 21:29,99.0
2023-09-25 22:48,99.0
2023-09-26 01:19,100.0
2023-09-26 02:00,98.0
2023-09-26 03:05,97.0
2023-09-26 04:29,95.0
2023-09-26 05:29,98.0
2023-09-26 05:59,100.0
2023-09-26 06:59,97.0
2023-09-26 07:29,99.0
2023-09-26 07:59,97.0
2023-09-26 08:29,96.0
2023-09-26 08:59,96.0
2023-09-26 09:29,98.0
2023-09-26 09:59,96.0
2023-09-26 10:29,95.0
2023-09-26 10:59,97.0
2023-09-26 12:04,100.0
2023-09-26 13:46,97.0
2023-09-26 15:55,97.0
2023-09-26 21:23,98.0
2023-09-26 21:24,98.0
2023-09-26 22:24,97.0
2023-09-26 22:54,98.0
2023-09-26 23:25,96.0
2023-09-27 00:28,98.0
2023-09-27 01:28,99.0
2023-09-27 02:05,96.0
2023-09-27 02:35,97.0
2023-09-27 03:15,98.0
2023-09-27 03:55,98.0
2023-09-27 04:25,96.0
2023-09-27 04:55,95.0
2023-09-27 05:25,96.0
2023-09-27 06:06,96.0
2023-09-27 06:36,97.0
2023-09-27 07:20,97.0
2023-09-27 07:50,97.0
2023-09-27 08:20,99.0
2023-09-27 08:50,99.0
2023-09-27 09:20,96.0
2023-09-27 09:50,98.0
2023-09-27 10:20,98.0
2023-09-27 11:20,99.0
2023-09-27 14:43,100.0
2023-09-27 18:42,100.0
2023-09-27 19:41,100.0
2023-09-27 20:12,99.0
2023-09-27 22:30,96.0
2023-09-27 23:45,100.0
2023-09-28 00:19,100.0
2023-09-28 00:53,98.0
2023-09-28 01:23,100.0
2023-09-28 03:45,100.0
2023-09-28 04:54,100.0
2023-09-28 06:41,93.0
2023-09-28 07:37,97.0
2023-09-28 08:07,97.0
2023-09-28 08:37,97.0
2023-09-28 09:07,96.0
2023-09-28 10:07,98.0
2023-09-28 10:38,97.0
2023-09-28 11:08,99.0
2023-09-28 18:11,96.0
2023-09-28 21:37,97.0
2023-09-29 00:09,96.0
2023-09-29 00:56,100.0
2023-09-29 01:31,96.0
2023-09-29 02:36,99.0
2023-09-29 03:37,98.0
2023-09-29 04:07,95.0
2023-09-29 04:37,99.0
2023-09-29 05:07,95.0
2023-09-29 05:37,96.0
2023-09-29 06:07,97.0
2023-09-29 06:37,98.0
2023-09-29 07:32,96.0
2023-09-29 08:11,99.0
2023-09-29 08:49,98.0
2023-09-29 09:26,98.0
2023-09-29 09:56,96.0
2023-09-29 10:26,98.0
2023-09-29 10:56,100.0
2023-09-29 11:42,98.0
2023-09-29 12:45,99.0
2023-09-29 14:22,97.0
2023-09-29 16:50,97.0
2023-09-29 17:58,100.0
2023-09-29 19:52,95.0
2023-09-29 21:05,98.0
2023-09-29 23:17,100.0
2023-09-30 00:18,100.0
2023-09-30 02:01,98.0
2023-09-30 05:07,98.0
2023-09-30 11:20,98.0
2023-09-30 12:01,98.0
2023-10-01 00:57,97.0
2023-10-01 01:28,96.0
2023-10-01 01:58,97.0
2023-10-01 02:28,98.0
2023-10-01 02:58,99.0
2023-10-01 03:28,97.0
2023-10-01 03:58,98.0
2023-10-01 04:29,98.0
2023-10-01 04:59,97.0
2023-10-01 05:29,95.0
2023-10-01 07:20,96.0
2023-10-01 07:50,100.0
2023-10-01 08:20,97.0
2023-10-01 08:56,97.0
2023-10-01 09:26,99.0
2023-10-01 09:56,98.0
2023-10-01 10:26,97.0
2023-10-01 10:56,98.0
2023-10-01 11:26,96.0
2023-10-01 12:22,99.0
2023-10-01 12:54,95.0
2023-10-01 13:59,95.0
2023-10-01 15:44,95.0
2023-10-01 16:56,97.0
2023-10-01 19:20,99.0
2023-10-01 20:01,98.0
2023-10-01 20:59,100.0
2023-10-01 22:02,97.0
2023-10-02 00:17,96.0
2023-10-02 02:02,97.0
2023-10-02 02:43,99.0
2023-10-02 03:13,97.0
2023-10-02 03:43,96.0
2023-10-02 04:13,99.0
2023-10-02 04:43,99.0
2023-10-02 05:14,99.0
2023-10-02 05:44,95.0
2023-10-02 06:14,99.0
2023-10-02 06:44,97.0
2023-10-02 07:14,95.0
2023-10-02 07:49,97.0
2023-10-02 08:19,98.0
2023-10-02 08:49,97.0
2023-10-02 09:47,95.0
2023-10-02 10:18,100.0
2023-10-02 17:10,98.0
2023-10-02 17:41,97.0
2023-10-02 18:18,98.0
2023-10-02 18:49,97.0
2023-10-02 19:51,100.0
2023-10-02 23:35,97.0
2023-10-03 00:07,100.0
2023-10-03 01:45,97.0
2023-10-03 02:15,96.0
2023-10-03 02:46,98.0
2023-10-03 03:16,97.0
2023-10-03 03:46,95.0
2023-10-03 04:16,96.0
2023-10-03 04:46,93.0
2023-10-03 05:16,98.0
2023-10-03 05:46,97.0
2023-10-03 06:16,97.0
2023-10-03 06:46,96.0
2023-10-03 07:16,96.0
2023-10-03 07:46,99.0
2023-10-03 08:16,99.0
2023-10-03 09:16,98.0
2023-10-03 09:46,97.0
2023-10-03 10:49,96.0
2023-10-03 11:19,100.0
2023-10-03 12:21,96.0
2023-10-03 14:24,97.0
2023-10-03 14:54,99.0
2023-10-03 16:46,97.0
2023-10-03 18:00,99.0
2023-10-03 22:21,98.0
2023-10-04 00:17,97.0
2023-10-04 01:50,97.0
2023-10-04 03:37,96.0
2023-10-04 04:07,95.0
2023-10-04 04:37,95.0
2023-10-04 05:50,98.0
2023-10-04 06:34,99.0
2023-10-04 07:57,98.0
2023-10-04 08:57,98.0
2023-10-04 09:27,97.0
2023-10-04 09:57,99.0
2023-10-04 12:53,96.0
2023-10-04 20:47,98.0
2023-10-04 22:22,98.0
2023-10-05 01:35,95.0
2023-10-05 18:27,100.0
2023-10-05 18:57,100.0
2023-10-05 21:14,99.0
2023-10-05 21:49,99.0
2023-10-05 23:41,97.0
2023-10-06 00:11,99.0
2023-10-06 00:43,100.0
2023-10-06 01:48,97.0
2023-10-06 03:19,99.0
2023-10-06 05:24,97.0
2023-10-06 06:12,98.0
2023-10-06 06:42,99.0
2023-10-06 07:12,99.0
2023-10-06 07:42,96.0
2023-10-06 08:12,97.0
2023-10-06 08:53,97.0
2023-10-06 09:23,97.0
2023-10-06 09:53,99.0
2023-10-06 10:24,97.0
2023-10-06 14:20,100.0
2023-10-07 23:04,97.0
2023-10-07 23:34,97.0
2023-10-08 00:04,96.0
2023-10-08 00:35,98.0
2023-10-08 02:05,98.0
2023-10-08 02:35,96.0
2023-10-08 03:05,96.0
2023-10-08 03:35,97.0
2023-10-08 04:05,98.0
2023-10-08 04:35,98.0
2023-10-08 05:05,96.0
2023-10-08 05:35,97.0
2023-10-08 06:06,96.0
2023-10-08 06:36,98.0
2023-10-08 07:06,97.0
2023-10-08 07:36,98.0
2023-10-08 08:06,99.0
2023-10-08 08:40,95.0
2023-10-08 09:32,95.0
2023-10-08 10:02,98.0
2023-10-08 10:32,98.0
2023-10-08 15:33,99.0
2023-10-08 16:35,98.0
2023-10-08 18:43,100.0
2023-10-08 19:46,95.0
2023-10-08 20:48,97.0
2023-10-08 21:25,100.0
2023-10-08 21:55,100.0
2023-10-08 22:26,100.0
2023-10-08 22:56,99.0
2023-10-08 23:26,99.0
2023-10-08 23:56,99.0
2023-10-09 00:26,99.0
2023-10-09 00:57,97.0
2023-10-09 01:27,98.0
2023-10-09 01:57,100.0
2023-10-09 02:27,100.0
2023-10-09 02:57,98.0
2023-10-09 03:27,99.0
2023-10-09 03:57,97.0
2023-10-09 04:27,100.0
2023-10-09 04:57,99.0
2023-10-09 05:27,99.0
2023-10-09 06:27,99.0
2023-10-09 08:33,97.0
2023-10-09 14:58,96.0
2023-10-09 16:13,95.0
2023-10-09 17:32,99.0
2023-10-09 18:02,98.0
2023-10-09 20:03,96.0
2023-10-09 20:38,97.0
2023-10-09 21:09,98.0
2023-10-09 22:40,98.0
2023-10-09 23:40,99.0
2023-10-10 00:40,100.0
2023-10-10 01:12,96.0
2023-10-10 01:42,97.0
2023-10-10 02:12,98.0
2023-10-10 03:12,100.0
2023-10-10 03:42,99.0
2023-10-10 04:12,98.0
2023-10-10 04:42,99.0
2023-10-10 05:24,95.0
2023-10-10 05:54,94.0
2023-10-10 06:37,96.0
2023-10-10 08:30,94.0
2023-10-10 09:30,98.0
2023-10-10 11:05,99.0
2023-10-10 11:36,97.0
2023-10-10 12:06,99.0
2023-10-10 12:36,97.0
2023-10-10 13:11,98.0
2023-10-10 14:16,98.0
2023-10-10 15:21,96.0
2023-10-10 16:42,97.0
2023-10-10 19:55,100.0
2023-10-10 21:19,100.0
2023-10-10 22:27,95.0
2023-10-10 22:57,95.0
2023-10-10 23:57,100.0
2023-10-11 00:27,100.0
2023-10-11 00:57,100.0
2023-10-11 01:57,100.0
2023-10-11 02:29,97.0
2023-10-11 03:08,100.0
2023-10-11 03:38,100.0
2023-10-11 04:08,100.0
2023-10-11 04:38,100.0
2023-10-11 05:11,98.0
2023-10-11 05:41,100.0
2023-10-11 06:11,100.0
2023-10-11 06:41,100.0
2023-10-11 09:21,100.0
2023-10-11 18:38,100.0
2023-10-11 20:45,99.0
2023-10-11 22:28,100.0
2023-10-11 22:58,97.0
2023-10-11 23:28,96.0
2023-10-11 23:58,96.0
2023-10-12 00:28,96.0
2023-10-12 00:58,97.0
2023-10-12 03:26,98.0
2023-10-12 03:56,96.0
2023-10-12 04:26,99.0
2023-10-12 04:56,97.0
2023-10-12 05:26,99.0
2023-10-12 05:56,98.0
2023-10-12 08:24,100.0
2023-10-12 09:18,99.0
2023-10-12 10:18,99.0
2023-10-12 10:49,100.0
2023-10-12 12:26,96.0
2023-10-12 12:56,97.0
2023-10-12 15:36,96.0
2023-10-12 17:21,97.0
2023-10-12 19:15,96.0
2023-10-12 19:51,100.0
2023-10-12 20:29,97.0
2023-10-12 20:59,99.0
2023-10-12 21:34,98.0
2023-10-12 22:34,96.0
2023-10-12 23:04,97.0
2023-10-12 23:35,97.0
2023-10-13 00:38,97.0
2023-10-13 01:08,100.0
2023-10-13 01:39,97.0
2023-10-13 02:09,96.0
2023-10-13 02:39,99.0
2023-10-13 03:30,93.0
2023-10-13 04:00,100.0
2023-10-13 04:30,100.0
2023-10-13 05:01,98.0
2023-10-13 05:31,97.0
2023-10-13 20:49,99.0
2023-10-13 21:50,97.0
2023-10-13 22:50,100.0
2023-10-13 23:31,97.0
2023-10-14 02:17,96.0
2023-10-14 02:47,97.0
2023-10-14 03:57,96.0
2023-10-14 04:27,96.0
2023-10-14 04:57,97.0
2023-10-14 05:57,97.0
2023-10-14 06:47,99.0
2023-10-14 08:44,99.0
2023-10-14 11:36,96.0
2023-10-15 10:39,98.0
2023-10-15 15:22,99.0
2023-10-15 17:16,99.0
2023-10-15 19:19,95.0
2023-10-15 20:20,99.0
2023-10-15 21:20,100.0
2023-10-15 22:33,96.0
2023-10-15 23:03,99.0
2023-10-15 23:33,98.0
2023-10-16 00:03,100.0
2023-10-16 00:40,97.0
2023-10-16 01:10,100.0
2023-10-16 01:42,99.0
2023-10-16 02:31,97.0
2023-10-16 03:38,97.0
2023-10-16 04:08,100.0
2023-10-16 04:39,100.0
2023-10-16 05:41,96.0
2023-10-16 08:16,95.0
2023-10-16 09:16,97.0
2023-10-16 09:49,97.0
2023-10-16 10:49,97.0
2023-10-16 11:29,97.0
2023-10-16 13:02,100.0
2023-10-16 14:02,97.0
2023-10-16 16:53,99.0
2023-10-16 18:31,99.0
2023-10-16 19:14,98.0
2023-10-16 20:15,99.0
2023-10-16 20:46,98.0
2023-10-16 22:47,98.0
2023-10-16 23:20,98.0
2023-10-16 23:50,98.0
2023-10-17 00:20,98.0
2023-10-17 01:20,98.0
2023-10-17 02:20,99.0
2023-10-17 02:59,97.0
2023-10-17 03:51,98.0
2023-10-17 04:30,97.0
2023-10-17 08:47,97.0
2023-10-17 09:47,98.0
2023-10-17 12:21,99.0
2023-10-17 12:51,100.0
2023-10-17 19:57,98.0
2023-10-17 20:32,95.0
2023-10-17 21:02,96.0
2023-10-17 21:32,96.0
2023-10-17 22:02,97.0
2023-10-17 22:57,99.0
2023-10-17 23:46,98.0
2023-10-18 00:16,97.0
2023-10-18 00:46,98.0
2023-10-18 01:17,96.0
2023-10-18 01:47,99.0
2023-10-18 02:25,96.0
2023-10-18 02:55,100.0
2023-10-18 03:25,99.0
2023-10-18 04:02,98.0
2023-10-18 04:45,96.0
2023-10-18 05:15,98.0
2023-10-18 08:18,98.0
2023-10-18 09:18,96.0
2023-10-18 12:07,99.0
2023-10-18 13:07,95.0
2023-10-18 18:45,98.0
2023-10-18 19:22,98.0
2023-10-18 19:53,97.0
2023-10-18 20:54,98.0
2023-10-18 21:58,100.0
2023-10-19 09:04,99.0
2023-10-19 09:34,98.0
2023-10-19 10:04,97.0
2023-10-19 10:34,96.0
2023-10-19 13:08,97.0
2023-10-19 14:17,98.0
2023-10-19 16:50,95.0
2023-10-19 18:36,97.0
2023-10-19 20:07,100.0
2023-10-19 21:07,95.0
2023-10-19 21:41,98.0
2023-10-19 22:11,97.0
2023-10-19 22:41,96.0
2023-10-19 23:11,98.0
2023-10-20 00:18,97.0
2023-10-20 00:49,100.0
2023-10-20 01:19,99.0
2023-10-20 01:52,100.0
2023-10-20 02:36,98.0
2023-10-20 03:06,99.0
2023-10-20 03:36,99.0
2023-10-20 04:15,97.0
2023-10-20 04:47,99.0
2023-10-20 05:17,100.0
2023-10-20 07:43,96.0
2023-10-20 08:46,99.0
2023-10-20 09:47,96.0
2023-10-20 14:11,94.0
2023-10-20 17:04,98.0
2023-10-20 19:46,98.0
2023-10-20 21:35,97.0
2023-10-20 22:05,98.0
2023-10-20 22:35,96.0
2023-10-20 23:05,96.0
2023-10-20 23:40,99.0
2023-10-21 00:10,98.0
2023-10-21 00:40,97.0
2023-10-21 02:10,97.0
2023-10-21 02:40,98.0
2023-10-21 03:10,97.0
2023-10-21 03:40,100.0
2023-10-21 04:40,98.0
2023-10-21 05:15,99.0
2023-10-21 05:46,96.0
2023-10-21 06:29,96.0
2023-10-21 08:24,97.0
2023-10-22 08:05,100.0
2023-10-22 10:44,97.0
2023-10-22 14:26,98.0
2023-10-22 16:31,98.0
2023-10-22 17:54,100.0
2023-10-22 18:56,98.0
2023-10-22 19:36,98.0
2023-10-22 20:36,99.0
2023-10-22 21:09,97.0
2023-10-22 21:39,98.0
2023-10-22 22:58,96.0
2023-10-22 23:28,100.0
2023-10-22 23:58,99.0
2023-10-23 00:28,100.0
2023-10-23 00:58,100.0
2023-10-23 01:57,100.0
2023-10-23 02:27,97.0
2023-10-23 02:57,96.0
2023-10-23 03:27,100.0
2023-10-23 03:57,100.0
2023-10-23 04:27,99.0
2023-10-23 05:03,97.0
2023-10-23 05:34,100.0
2023-10-23 07:15,93.0
2023-10-23 15:35,96.0
2023-10-23 19:29,95.0
2023-10-23 20:00,96.0
2023-10-23 22:00,99.0
2023-10-23 22:39,94.0
2023-10-23 23:09,98.0
2023-10-23 23:39,98.0
2023-10-24 00:09,99.0
2023-10-24 00:40,100.0
2023-10-24 01:10,100.0
2023-10-24 01:40,98.0
2023-10-24 02:10,100.0
2023-10-24 02:47,97.0
2023-10-24 03:17,99.0
2023-10-24 04:17,99.0
2023-10-24 04:47,96.0
2023-10-24 05:17,100.0
2023-10-24 09:02,100.0
2023-10-24 15:20,97.0
2023-10-24 17:05,98.0
2023-10-24 20:21,99.0
2023-10-24 20:56,100.0
2023-10-24 21:26,98.0
2023-10-24 22:08,96.0
2023-10-24 22:38,97.0
2023-10-25 00:07,95.0
2023-10-25 00:37,98.0
2023-10-25 01:11,96.0
2023-10-25 01:41,97.0
2023-10-25 02:14,96.0
2023-10-25 02:44,96.0
2023-10-25 03:44,99.0
2023-10-25 04:14,100.0
2023-10-25 04:44,97.0
2023-10-25 05:14,95.0
2023-10-25 13:07,99.0
2023-10-25 13:51,98.0
2023-10-25 17:50,99.0
2023-10-25 21:27,98.0
2023-10-25 22:24,99.0
2023-10-25 22:54,99.0
2023-10-25 23:24,98.0
2023-10-26 01:54,100.0
2023-10-26 02:25,98.0
2023-10-26 02:56,98.0
2023-10-26 03:26,97.0
2023-10-26 04:27,100.0
2023-10-26 06:42,100.0
2023-10-26 11:45,97.0
2023-10-26 15:36,97.0
2023-10-26 18:55,98.0
2023-10-26 19:46,100.0
2023-10-26 20:16,100.0
2023-10-26 21:17,99.0
2023-10-26 21:59,99.0
2023-10-26 22:29,98.0
2023-10-26 22:59,96.0
2023-10-26 23:29,93.0
2023-10-27 00:01,96.0
2023-10-27 01:17,94.0
2023-10-27 02:47,98.0
2023-10-27 03:18,97.0
2023-10-27 03:48,96.0
2023-10-27 04:18,97.0
2023-10-27 05:02,100.0
2023-10-27 07:42,100.0
2023-10-27 13:53,99.0
2023-10-27 14:43,100.0
2023-10-28 12:50,96.0
2023-10-28 15:56,100.0
2023-10-28 18:24,98.0
2023-10-28 21:13,100.0
2023-10-28 21:43,98.0
2023-10-28 23:02,96.0
2023-10-29 00:04,94.0
2023-10-29 01:04,99.0
2023-10-29 01:34,96.0
2023-10-29 02:04,97.0
2023-10-29 02:34,98.0
2023-10-29 03:04,97.0
2023-10-29 04:04,99.0
2023-10-29 04:35,98.0
2023-10-29 05:05,99.0
2023-10-29 05:35,98.0
2023-10-29 06:19,97.0
2023-10-29 06:49,98.0
2023-10-29 09:27,100.0
2023-10-29 09:57,100.0
2023-10-29 10:57,99.0
2023-10-29 11:27,98.0
2023-10-29 11:57,99.0
2023-10-29 16:25,100.0
2023-10-29 17:39,99.0
2023-10-29 18:10,96.0
2023-10-29 18:42,96.0
2023-10-29 19:15,100.0
2023-10-29 20:17,95.0
2023-10-29 21:21,97.0
2023-10-29 21:51,97.0
2023-10-29 22:21,99.0
2023-10-29 23:21,100.0
2023-10-30 00:06,100.0
2023-10-30 00:55,97.0
2023-10-30 01:25,96.0
2023-10-30 01:55,98.0
2023-10-30 03:07,98.0
2023-10-30 03:37,95.0
2023-10-30 04:07,100.0
2023-10-30 06:48,98.0
2023-10-30 08:52,96.0
2023-10-30 11:30,95.0
2023-10-30 12:00,98.0
2023-10-30 12:30,97.0
2023-10-30 15:02,96.0
2023-10-30 17:00,100.0
2023-10-30 18:31,97.0
2023-10-30 19:02,97.0
2023-10-30 19:32,97.0
2023-10-30 20:02,98.0
2023-10-30 20:36,99.0
2023-10-30 21:18,96.0
2023-10-30 21:48,95.0
2023-10-30 22:18,100.0
2023-10-30 22:48,97.0
2023-10-30 23:18,98.0
2023-10-30 23:48,99.0
2023-11-03 10:07,96.0
2023-11-03 13:11,97.0
2023-11-03 19:15,98.0
2023-11-03 20:15,98.0
2023-11-03 20:47,98.0
2023-11-03 21:17,96.0
2023-11-03 21:47,95.0
2023-11-03 22:17,95.0
2023-11-03 22:47,96.0
2023-11-03 23:17,98.0
2023-11-03 23:47,97.0
2023-11-04 00:17,96.0
2023-11-04 00:51,97.0
2023-11-04 01:21,95.0
2023-11-04 02:25,99.0
2023-11-04 03:25,95.0
2023-11-04 04:24,98.0
2023-11-04 04:54,97.0
2023-11-04 05:24,97.0
2023-11-04 05:55,97.0
2023-11-04 11:06,100.0
2023-11-04 12:20,98.0
2023-11-04 12:51,100.0
2023-11-04 14:14,96.0
2023-11-04 16:27,98.0
2023-11-05 10:06,98.0
2023-11-05 14:03,99.0
2023-11-05 17:01,96.0
2023-11-05 18:26,100.0
2023-11-05 19:33,96.0
2023-11-05 20:35,99.0
2023-11-05 22:34,99.0
2023-11-05 23:04,98.0
2023-11-06 00:06,98.0
2023-11-06 00:36,99.0
2023-11-06 01:07,100.0
2023-11-06 01:37,94.0
2023-11-06 02:07,98.0
2023-11-06 02:37,100.0
2023-11-06 03:07,99.0
2023-11-06 03:37,95.0
2023-11-06 04:07,100.0
2023-11-06 04:37,100.0
2023-11-06 05:07,100.0
2023-11-06 05:37,97.0
2023-11-06 08:45,100.0
2023-11-06 15:15,95.0
2023-11-06 16:18,100.0
2023-11-06 16:55,100.0
2023-11-06 18:25,98.0
2023-11-06 18:55,97.0
2023-11-06 19:28,98.0
2023-11-06 20:35,97.0
2023-11-06 21:05,98.0
2023-11-06 22:05,100.0
2023-11-06 22:38,94.0
2023-11-06 23:08,97.0
2023-11-07 00:08,97.0
2023-11-07 00:38,97.0
2023-11-07 01:08,100.0
2023-11-07 01:38,100.0
2023-11-07 03:00,99.0
2023-11-07 03:30,99.0
2023-11-07 04:00,98.0
2023-11-07 04:30,99.0
2023-11-07 05:00,98.0
2023-11-07 05:30,100.0
2023-11-07 06:54,100.0
2023-11-07 08:50,98.0
2023-11-07 09:21,99.0
2023-11-07 11:58,99.0
2023-11-07 13:41,97.0
2023-11-07 17:42,97.0
2023-11-07 19:21,97.0
2023-11-07 19:56,95.0
2023-11-07 20:56,95.0
2023-11-07 21:29,95.0
2023-11-07 21:59,92.0
2023-11-07 22:29,94.0
2023-11-07 22:59,94.0
2023-11-07 23:29,93.0
2023-11-07 23:59,89.0
2023-11-08 00:29,90.0
2023-11-08 01:29,92.0
2023-11-08 01:59,95.0
2023-11-08 20:52,97.0
2023-11-09 00:16,95.0
2023-11-09 03:09,97.0
2023-11-09 04:49,98.0
2023-11-09 05:49,100.0
2023-11-09 06:19,96.0
2023-11-09 06:49,95.0
2023-11-09 07:19,97.0
2023-11-09 08:05,97.0
2023-11-09 10:39,97.0
2023-11-09 11:39,100.0
2023-11-09 12:13,98.0
2023-11-09 13:14,97.0
2023-11-09 13:48,94.0
2023-11-09 14:18,96.0
2023-11-09 14:48,98.0
2023-11-09 15:18,97.0
2023-11-09 15:48,100.0
2023-11-09 16:18,100.0
2023-11-09 16:48,96.0
2023-11-09 17:18,98.0
2023-11-09 17:49,99.0
2023-11-09 19:30,95.0
2023-11-09 22:12,99.0
2023-11-10 03:42,98.0
2023-11-10 04:57,98.0
2023-11-10 05:27,97.0
2023-11-10 05:57,98.0
2023-11-10 08:42,100.0
2023-11-10 10:47,98.0
2023-11-10 11:17,99.0
2023-11-10 11:47,97.0
2023-11-10 12:17,100.0
2023-11-10 12:47,99.0
2023-11-10 13:17,97.0
2023-11-10 13:47,97.0
2023-11-10 14:17,96.0
2023-11-10 14:47,99.0
2023-11-10 15:18,100.0
2023-11-10 15:49,98.0
2023-11-10 16:19,99.0
2023-11-10 17:19,95.0
2023-11-10 17:49,98.0
2023-11-10 20:28,97.0
2023-11-10 21:24,97.0
2023-11-10 21:57,99.0
2023-11-10 22:27,96.0
2023-11-10 23:59,99.0
2023-11-11 01:43,98.0
2023-11-11 02:16,100.0
2023-11-11 02:46,100.0
2023-11-11 03:54,96.0
2023-11-11 05:12,95.0
2023-11-11 06:12,97.0
2023-11-11 08:50,99.0
2023-11-11 09:22,97.0
2023-11-11 09:52,100.0
2023-11-11 10:22,98.0
2023-11-11 11:05,96.0
2023-11-11 11:40,97.0
2023-11-11 12:39,94.0
2023-11-11 14:10,97.0
2023-11-11 14:40,98.0
2023-11-11 15:10,99.0
2023-11-11 15:40,99.0
2023-11-11 16:10,96.0
2023-11-11 16:59,100.0
2023-11-11 18:33,98.0
2023-11-11 21:44,99.0
2023-11-11 22:46,99.0
2023-11-12 00:34,96.0
2023-11-12 07:33,100.0
2023-11-12 08:03,99.0
2023-11-12 08:33,100.0
2023-11-12 09:03,99.0
2023-11-12 09:42,97.0
2023-11-12 10:12,98.0
2023-11-12 10:42,99.0
2023-11-12 11:12,98.0
2023-11-12 11:42,98.0
2023-11-12 12:12,99.0
2023-11-12 12:48,99.0
2023-11-12 13:18,98.0
2023-11-12 13:48,100.0
2023-11-12 14:18,97.0
2023-11-12 14:49,98.0
2023-11-12 16:27,100.0
2023-11-12 16:57,100.0
2023-11-12 17:27,100.0
2023-11-12 17:57,100.0
2023-12-20 07:30,98.0
2023-12-20 10:59,100.0
2023-12-20 13:02,100.0
2023-12-20 14:44,99.0
2023-12-21 10:59,96.0
2023-12-21 11:31,99.0
2023-12-21 12:06,97.0
2023-12-21 12:44,99.0
2023-12-21 13:18,99.0
2023-12-21 13:52,98.0
2023-12-21 14:54,99.0
2023-12-21 15:31,97.0
2023-12-21 18:52,100.0
2023-12-21 19:52,90.0
2023-12-21 20:41,97.0
2023-12-21 21:41,100.0
2023-12-21 22:22,98.0
2023-12-21 22:52,97.0
2023-12-21 23:22,99.0
2023-12-21 23:52,99.0
2023-12-22 00:56,98.0
2023-12-22 01:56,97.0
2023-12-22 02:38,95.0
2023-12-22 03:13,100.0
2023-12-22 03:43,95.0
2023-12-22 04:13,100.0
2023-12-22 04:44,98.0
2023-12-22 05:14,97.0
2023-12-22 05:44,98.0
2023-12-22 06:14,99.0
2023-12-22 07:21,97.0
2023-12-22 10:34,97.0
2023-12-22 15:19,99.0
2023-12-23 13:07,97.0
2023-12-23 14:12,99.0
2023-12-25 19:09,96.0
2023-12-25 21:16,96.0
2023-12-25 21:46,95.0
2023-12-25 22:16,96.0
2023-12-25 22:46,97.0
2023-12-25 23:16,97.0
2023-12-25 23:46,99.0
2023-12-26 00:16,97.0
2023-12-26 00:46,99.0
2023-12-26 01:16,99.0
2023-12-26 01:46,97.0
2023-12-26 02:16,100.0
2023-12-26 02:46,100.0
2023-12-26 03:17,99.0
2023-12-26 03:48,99.0
2023-12-26 04:18,94.0
2023-12-26 04:48,98.0
2023-12-26 05:20,99.0
2023-12-26 05:56,100.0
2023-12-26 06:39,96.0
2023-12-26 07:09,99.0
2023-12-26 07:48,97.0
2023-12-26 10:22,99.0
2023-12-26 20:51,97.0
2023-12-26 21:34,100.0
2023-12-28 10:06,96.0
2023-12-28 11:34,97.0
2023-12-28 16:12,98.0
2023-12-28 19:15,95.0
2023-12-28 21:41,99.0
2023-12-28 22:12,97.0
2023-12-28 23:12,99.0
2023-12-29 03:32,96.0
2023-12-29 04:22,96.0
2023-12-29 04:52,95.0
2023-12-29 05:23,96.0
2023-12-29 06:23,96.0
2023-12-29 06:53,96.0
2023-12-29 07:23,98.0
2023-12-29 07:53,97.0
2023-12-29 08:39,99.0
2023-12-29 13:44,95.0
2023-12-29 15:20,100.0
2023-12-29 15:50,98.0
2023-12-29 18:14,100.0
2023-12-29 19:54,96.0
2023-12-29 20:58,97.0
2023-12-29 23:31,99.0
2023-12-30 00:05,99.0
2023-12-30 00:35,100.0
2023-12-30 01:05,100.0
2023-12-30 01:35,98.0
2023-12-30 02:05,100.0
2023-12-30 02:35,100.0
2023-12-30 03:05,100.0
2023-12-30 03:35,100.0
2023-12-30 04:05,100.0
2023-12-30 04:35,98.0
2023-12-30 05:05,98.0
2023-12-30 05:35,99.0
2023-12-30 06:05,95.0
2023-12-30 06:36,95.0
2023-12-30 07:06,100.0
2023-12-30 08:17,100.0
2023-12-30 09:20,100.0
2023-12-30 10:19,100.0
2023-12-30 12:00,100.0
2023-12-30 16:02,100.0
2023-12-30 16:32,100.0
2023-12-30 17:23,98.0
2024-01-01 15:14,97.0
2024-01-01 22:21,97.0
2024-01-01 22:52,98.0
2024-01-01 23:22,99.0
2024-01-01 23:52,99.0
2024-01-02 00:22,99.0
2024-01-02 00:52,98.0
2024-01-02 01:22,95.0
2024-01-02 01:52,100.0
2024-01-02 02:22,98.0
2024-01-02 02:52,97.0
2024-01-02 03:22,97.0
2024-01-02 04:11,98.0
2024-01-02 04:41,99.0
2024-01-02 05:11,98.0
2024-01-02 05:41,99.0
2024-01-02 06:11,99.0
2024-01-02 06:41,99.0
2024-01-02 07:11,100.0
2024-01-02 18:36,99.0
2024-01-02 19:06,97.0
2024-01-02 19:40,98.0
2024-01-02 20:10,97.0
2024-01-02 20:41,98.0
2024-01-02 21:38,97.0
2024-01-02 22:08,97.0
2024-01-02 22:38,98.0
2024-01-02 23:08,99.0
2024-01-02 23:38,100.0
2024-01-03 00:08,100.0
2024-01-03 00:38,98.0
2024-01-03 01:48,97.0
2024-01-03 02:18,100.0
2024-01-03 02:48,100.0
2024-01-03 03:18,98.0
2024-01-03 04:19,97.0
2024-01-03 05:00,95.0
2024-01-03 05:30,95.0
2024-01-03 06:00,98.0
2024-01-03 12:08,97.0
2024-01-03 15:10,100.0
2024-01-03 18:49,96.0
2024-01-03 19:19,99.0
2024-01-03 20:19,97.0
2024-01-03 21:19,98.0
2024-01-03 22:05,100.0
2024-01-03 22:35,97.0
2024-01-03 23:05,99.0
2024-01-03 23:35,99.0
2024-01-04 00:05,98.0
2024-01-04 00:35,98.0
2024-01-04 01:05,100.0
2024-01-04 01:35,97.0
2024-01-04 02:05,96.0
2024-01-04 02:35,95.0
2024-01-04 03:35,97.0
2024-01-04 04:06,98.0
2024-01-04 04:36,97.0
2024-01-04 05:06,100.0
2024-01-04 05:36,99.0
2024-01-04 06:06,98.0
2024-01-04 07:07,100.0
2024-01-04 10:03,97.0
2024-01-04 14:22,95.0
2024-01-04 15:03,99.0
2024-01-04 15:33,99.0
2024-01-05 11:11,96.0
2024-01-05 11:46,97.0
2024-01-05 12:16,100.0
2024-01-06 18:50,98.0
2024-01-06 21:05,97.0
2024-01-06 22:05,97.0
2024-01-06 23:01,99.0
2024-01-06 23:32,100.0
2024-01-07 00:02,95.0
2024-01-07 00:32,95.0
2024-01-07 01:02,97.0
2024-01-07 01:32,99.0
2024-01-07 02:02,99.0
2024-01-07 02:49,99.0
2024-01-07 03:19,98.0
2024-01-07 03:49,98.0
2024-01-07 04:19,92.0
2024-01-07 04:49,100.0
2024-01-07 05:19,100.0
2024-01-07 07:31,98.0
2024-01-07 09:57,100.0
2024-01-07 13:38,95.0
2024-01-07 14:58,98.0
2024-01-07 16:36,100.0
2024-01-08 21:10,98.0
2024-01-08 22:11,97.0
2024-01-08 22:50,97.0
2024-01-08 23:20,100.0
2024-01-08 23:50,99.0
2024-01-09 00:20,100.0
2024-01-09 00:50,99.0
2024-01-09 01:20,98.0
2024-01-09 01:50,100.0
2024-01-09 02:27,97.0
2024-01-09 02:57,96.0
2024-01-09 03:27,100.0
2024-01-09 04:06,97.0
2024-01-09 04:36,100.0
2024-01-09 05:10,97.0
2024-01-09 05:40,100.0
2024-01-09 06:40,97.0
2024-01-09 09:48,97.0
2024-01-09 14:52,99.0
2024-01-09 15:53,100.0
2024-01-09 19:46,99.0
2024-01-09 22:27,99.0
2024-01-09 22:58,99.0
2024-01-09 23:28,96.0
2024-01-09 23:58,97.0
2024-01-10 00:28,97.0
2024-01-10 00:58,98.0
2024-01-10 01:28,99.0
2024-01-10 01:58,100.0
2024-01-10 02:28,100.0
2024-01-10 03:28,100.0
2024-01-10 03:58,100.0
2024-01-10 04:59,99.0
2024-01-10 05:30,99.0
2024-01-10 06:35,98.0
2024-01-10 07:43,99.0
2024-01-10 11:45,95.0
2024-01-10 12:46,95.0
2024-01-10 13:22,95.0
2024-01-10 13:56,99.0
2024-01-10 14:57,99.0
2024-01-10 14:58,97.0
2024-01-10 21:06,95.0
2024-01-10 21:36,97.0
2024-01-10 22:07,97.0
2024-01-10 23:51,98.0
2024-01-11 00:21,97.0
2024-01-11 00:51,99.0
2024-01-11 01:26,98.0
2024-01-11 01:56,100.0
2024-01-11 02:26,98.0
2024-01-11 02:57,100.0
2024-01-11 03:27,100.0
2024-01-11 04:20,97.0
2024-01-11 04:50,98.0
2024-01-11 05:20,100.0
2024-01-11 05:52,97.0
2024-01-11 06:53,97.0
2024-01-11 22:31,98.0
2024-01-11 23:01,98.0
2024-01-11 23:31,97.0
2024-01-12 00:16,99.0
2024-01-12 00:46,99.0
2024-01-12 01:17,100.0
2024-01-12 01:47,100.0
2024-01-12 02:24,98.0
2024-01-12 02:54,98.0
2024-01-12 03:25,99.0
2024-01-12 03:55,97.0
2024-01-12 04:25,98.0
2024-01-12 05:49,97.0
2024-01-12 06:33,98.0
2024-01-12 10:00,100.0
2024-01-12 10:42,99.0
2024-01-12 11:15,100.0
2024-01-12 11:46,100.0
2024-01-12 15:06,96.0
2024-01-12 18:31,96.0
2024-01-12 20:46,98.0
2024-01-12 21:45,99.0
2024-01-12 22:52,97.0
2024-01-13 00:23,100.0
2024-01-13 00:57,97.0
2024-01-13 01:27,96.0
2024-01-13 02:59,98.0
2024-01-13 04:40,98.0
2024-01-13 05:10,100.0
2024-01-13 06:10,100.0
2024-01-13 07:46,93.0
2024-01-14 07:57,98.0
2024-01-15 08:29,100.0
2024-01-15 09:00,98.0
2024-01-15 16:06,98.0
2024-01-15 21:11,99.0
2024-01-15 21:42,100.0
2024-01-15 23:13,99.0
2024-01-15 23:43,98.0
2024-01-16 00:37,97.0
2024-01-16 01:37,97.0
2024-01-16 02:28,100.0
2024-01-16 03:09,96.0
2024-01-16 04:09,99.0
2024-01-16 05:10,99.0
2024-01-16 06:11,99.0
2024-01-16 10:40,98.0
2024-01-16 11:40,100.0
2024-01-16 14:14,100.0
2024-01-16 15:46,96.0
2024-01-18 08:48,97.0
2024-01-18 11:59,100.0
2024-01-18 13:31,100.0
2024-01-18 14:02,96.0
2024-01-18 14:35,100.0
2024-01-18 16:03,100.0
2024-01-18 17:13,97.0
2024-01-18 17:43,97.0
2024-01-18 18:52,94.0
2024-01-18 20:53,96.0
2024-01-18 21:52,96.0
2024-01-18 22:22,97.0
2024-01-18 22:58,98.0
2024-01-18 23:58,99.0
2024-01-19 00:28,99.0
2024-01-19 00:58,99.0
2024-01-19 01:28,99.0
2024-01-19 01:58,100.0
2024-01-19 02:29,100.0
2024-01-19 03:10,99.0
2024-01-19 03:40,98.0
2024-01-19 04:10,96.0
2024-01-19 04:40,100.0
2024-01-19 05:10,98.0
2024-01-19 05:40,100.0
2024-01-19 08:55,100.0
2024-01-20 15:40,100.0
2024-01-20 18:41,97.0
2024-01-20 19:29,100.0
2024-01-20 20:05,98.0
2024-01-20 20:35,98.0
2024-01-20 21:05,97.0
2024-01-20 22:05,97.0
2024-01-20 23:40,96.0
2024-01-21 00:10,97.0
2024-01-21 00:40,97.0
2024-01-21 01:10,97.0
2024-01-21 14:45,100.0
2024-01-21 15:17,100.0
2024-01-21 17:52,98.0
2024-01-21 18:34,99.0
2024-01-21 19:34,97.0
2024-01-21 20:35,97.0
2024-01-21 21:15,96.0
2024-01-21 22:47,96.0
2024-01-21 23:25,97.0
2024-01-22 00:05,97.0
2024-01-22 00:35,97.0
2024-01-22 01:05,95.0
2024-01-22 01:35,98.0
2024-01-22 02:06,94.0
2024-01-22 02:36,97.0
2024-01-22 03:06,95.0
2024-01-22 03:36,96.0
2024-01-22 04:06,98.0
2024-01-22 04:36,100.0
2024-01-22 05:06,99.0
2024-01-22 05:36,98.0
2024-01-22 06:12,96.0
2024-01-22 06:56,95.0
2024-01-22 08:00,99.0
2024-01-22 09:00,98.0
2024-01-22 09:38,96.0
2024-01-22 13:21,99.0
2024-01-24 07:27,100.0
2024-01-24 08:25,100.0
2024-01-24 08:55,99.0
2024-01-24 09:57,98.0
2024-01-24 10:31,100.0
2024-01-24 11:01,100.0
2024-01-24 11:32,98.0
2024-01-24 13:41,98.0
2024-01-24 15:14,97.0
2024-01-24 19:28,98.0
2024-01-24 21:29,97.0
2024-01-24 22:31,99.0
2024-01-24 23:19,99.0
2024-01-24 23:49,99.0
2024-01-25 00:19,95.0
2024-01-25 00:49,96.0
2024-01-25 01:20,97.0
2024-01-25 01:50,96.0
2024-01-25 02:20,97.0
2024-01-25 02:50,97.0
2024-01-25 03:20,98.0
2024-01-25 03:50,98.0
2024-01-25 04:20,100.0
2024-01-25 04:50,99.0
2024-01-25 05:20,94.0
2024-01-25 06:01,96.0
2024-01-25 06:31,99.0
2024-01-25 07:01,98.0
2024-01-26 08:51,100.0
2024-01-26 09:54,99.0
2024-01-26 11:54,99.0
2024-01-26 15:29,97.0
2024-01-26 16:05,100.0
2024-01-26 19:59,99.0
2024-01-26 20:59,100.0
2024-01-26 22:09,95.0
2024-01-26 22:52,98.0
2024-01-26 23:22,100.0
2024-01-26 23:52,100.0
2024-01-27 00:22,97.0
2024-01-27 00:52,98.0
2024-01-27 01:22,98.0
2024-01-27 01:52,96.0
2024-01-27 02:22,98.0
2024-01-27 02:58,98.0
2024-01-27 03:28,100.0
2024-01-27 03:58,96.0
2024-01-27 04:28,99.0
2024-01-27 04:58,98.0
2024-01-27 06:32,100.0
2024-01-27 10:42,97.0
2024-01-28 19:40,98.0
2024-01-28 20:10,99.0
2024-01-28 20:40,100.0
2024-01-28 21:12,95.0
2024-01-28 22:15,95.0
2024-01-28 22:55,99.0
2024-01-28 23:25,99.0
2024-01-28 23:55,100.0
2024-01-29 00:25,97.0
2024-01-29 00:55,98.0
2024-01-29 01:25,96.0
2024-01-29 01:55,99.0
2024-01-29 02:29,100.0
2024-01-29 02:59,100.0
2024-01-29 03:29,100.0
2024-01-29 03:59,96.0
2024-01-29 04:29,99.0
2024-01-29 04:59,96.0
2024-01-29 05:37,99.0
2024-01-29 06:07,99.0
2024-01-29 07:02,97.0
2024-01-29 09:08,100.0
2024-01-29 10:58,100.0
2024-01-29 11:31,99.0
2024-01-29 15:38,100.0
2024-01-29 20:24,96.0
2024-01-29 22:18,100.0
2024-01-29 22:49,98.0
2024-01-30 00:01,100.0
2024-01-30 00:31,97.0
2024-01-30 01:01,98.0
2024-01-30 01:31,98.0
2024-01-30 02:01,95.0
2024-01-30 02:40,97.0
2024-01-30 03:10,99.0
2024-01-30 04:05,97.0
2024-01-30 04:35,98.0
2024-01-30 05:58,96.0
2024-01-31 07:46,100.0
2024-01-31 09:12,94.0
2024-01-31 13:25,98.0
2024-01-31 14:30,97.0
2024-01-31 16:35,96.0
2024-01-31 19:46,98.0
2024-01-31 23:02,97.0
2024-01-31 23:32,96.0
2024-02-01 00:02,92.0
2024-02-01 00:32,100.0
2024-02-01 01:02,98.0
2024-02-01 01:32,99.0
2024-02-01 02:02,97.0
2024-02-01 02:33,97.0
2024-02-01 03:03,99.0
2024-02-01 03:33,98.0
2024-02-01 04:19,96.0
2024-02-01 05:06,94.0
2024-02-01 05:36,99.0
2024-02-01 06:42,97.0
2024-02-01 07:23,97.0
2024-02-01 14:51,98.0
2024-02-01 16:57,100.0
2024-02-01 18:42,94.0
2024-02-01 20:06,99.0
2024-02-01 21:09,99.0
2024-02-02 00:11,99.0
2024-02-02 01:11,97.0
2024-02-02 01:41,97.0
2024-02-02 02:11,97.0
2024-02-02 02:41,100.0
2024-02-02 03:25,96.0
2024-02-02 03:55,100.0
2024-02-02 04:26,98.0
2024-02-02 04:56,99.0
2024-02-02 05:26,99.0
2024-02-02 13:17,97.0
2024-02-02 17:11,99.0
2024-02-04 20:40,97.0
2024-02-04 21:23,99.0
2024-02-04 22:33,100.0
2024-02-05 00:19,99.0
2024-02-05 00:49,98.0
2024-02-05 01:19,98.0
2024-02-05 01:49,97.0
2024-02-05 02:19,99.0
2024-02-05 02:49,98.0
2024-02-05 03:19,98.0
2024-02-05 03:49,100.0
2024-02-05 04:19,99.0
2024-02-05 04:49,98.0
2024-02-05 05:19,99.0
2024-02-05 06:47,97.0
2024-02-05 23:38,100.0
2024-02-06 00:08,100.0
2024-02-06 00:38,97.0
2024-02-06 01:08,95.0
2024-02-06 01:38,97.0
2024-02-06 02:38,96.0
2024-02-06 03:08,95.0
2024-02-06 03:38,98.0
2024-02-06 04:08,99.0
2024-02-06 04:38,99.0
2024-02-06 05:08,98.0
2024-02-06 05:38,100.0
2024-02-06 06:51,97.0
2024-02-06 07:54,98.0
2024-02-06 09:30,97.0
2024-02-06 10:31,95.0
2024-02-06 17:07,98.0
2024-02-06 19:30,97.0
2024-02-06 20:06,99.0
2024-02-06 22:45,98.0
2024-02-06 23:43,100.0
2024-02-07 00:13,100.0
2024-02-07 00:43,99.0
2024-02-07 01:13,96.0
2024-02-07 01:43,98.0
2024-02-07 02:13,99.0
2024-02-07 02:43,100.0
2024-02-07 03:13,100.0
2024-02-07 03:43,100.0
2024-02-07 04:13,99.0
2024-02-11 21:16,97.0
2024-02-11 22:16,97.0
2024-02-11 22:46,97.0
2024-02-11 23:16,99.0
2024-02-11 23:49,97.0
2024-02-12 00:23,96.0
2024-02-12 00:53,98.0
2024-02-12 01:24,97.0
2024-02-12 01:54,97.0
2024-02-12 02:24,99.0
2024-02-12 02:54,100.0
2024-02-12 03:25,97.0
2024-02-12 03:55,95.0
2024-02-12 04:25,99.0
2024-02-12 04:55,97.0
2024-02-12 05:25,97.0
2024-02-12 05:55,97.0
2024-02-12 06:36,98.0
2024-02-12 09:13,99.0
2024-02-12 13:51,96.0
2024-02-12 17:11,99.0
2024-02-12 18:18,100.0
2024-02-12 19:18,99.0
2024-02-12 19:55,98.0
2024-02-12 20:25,99.0
2024-02-12 21:26,97.0
2024-02-12 21:56,97.0
2024-02-12 22:26,98.0
2024-02-12 22:56,97.0
2024-02-12 23:26,93.0
2024-02-12 23:56,96.0
2024-02-13 00:26,95.0
2024-02-13 00:56,97.0
2024-02-13 01:26,98.0
2024-02-13 01:56,99.0
2024-02-13 02:26,98.0
2024-02-13 02:56,99.0
2024-02-13 03:26,99.0
2024-02-13 03:56,100.0
2024-02-13 04:26,99.0
2024-02-13 05:03,98.0
2024-02-13 05:33,100.0
2024-02-13 06:03,100.0
2024-02-15 08:56,98.0
2024-02-15 09:27,100.0
2024-02-15 14:15,99.0
2024-02-15 20:25,98.0
2024-02-15 20:56,99.0
2024-02-15 21:26,97.0
2024-02-15 22:26,98.0
2024-02-15 22:58,98.0
2024-02-15 23:28,100.0
2024-02-15 23:58,97.0
2024-02-16 00:29,96.0
2024-02-16 01:59,100.0
2024-02-16 02:29,100.0
2024-02-16 02:59,99.0
2024-02-16 04:22,98.0
2024-02-16 04:52,98.0
2024-02-16 05:52,98.0
2024-02-16 06:27,99.0
2024-02-16 17:28,94.0
2024-02-16 19:32,99.0
2024-02-16 20:39,97.0
2024-02-16 21:38,98.0
2024-02-16 22:08,98.0
2024-02-16 22:38,96.0
2024-02-16 23:08,97.0
2024-02-16 23:38,96.0
2024-02-17 00:08,95.0
2024-02-17 01:08,96.0
2024-02-17 02:29,96.0
2024-02-17 02:59,98.0
2024-02-17 03:29,99.0
2024-02-17 03:59,98.0
2024-02-17 04:29,93.0
2024-02-17 04:59,100.0
2024-02-17 05:34,94.0
2024-02-17 06:08,99.0
2024-02-17 06:38,98.0
2024-02-17 07:39,94.0
2024-02-17 08:40,100.0
2024-02-17 09:32,100.0
2024-02-17 17:45,100.0
2024-02-17 18:36,95.0
2024-02-17 19:07,99.0
2024-02-17 20:15,99.0
2024-02-17 21:00,99.0
2024-02-17 21:30,100.0
2024-02-17 22:01,99.0
2024-02-18 10:48,99.0
2024-02-18 13:00,99.0
2024-02-18 14:40,100.0
2024-02-18 18:03,97.0
2024-02-18 19:00,100.0
2024-02-18 20:31,99.0
2024-02-18 21:31,97.0
2024-02-18 22:31,99.0
2024-02-18 23:07,98.0
2024-02-18 23:37,99.0
2024-02-19 00:07,97.0
2024-02-19 00:37,100.0
2024-02-19 01:07,100.0
2024-02-19 01:37,100.0
2024-02-19 02:07,99.0
2024-02-19 02:37,99.0
2024-02-19 03:07,100.0
2024-02-19 04:02,98.0
2024-02-19 04:32,99.0
2024-02-19 05:02,99.0
2024-02-19 05:32,99.0
2024-02-19 06:02,98.0
2024-02-19 07:46,100.0
2024-02-19 10:25,100.0
2024-02-19 11:41,99.0
2024-02-21 08:29,98.0
2024-02-21 09:33,100.0
2024-02-21 10:15,100.0
2024-02-21 11:50,95.0
2024-02-21 13:22,100.0
2024-02-21 15:25,97.0
2024-02-21 20:33,98.0
2024-02-21 21:33,97.0
2024-02-21 22:34,98.0
2024-02-21 23:33,98.0
2024-02-22 00:03,98.0
2024-02-22 00:33,97.0
2024-02-22 01:03,97.0
2024-02-22 01:33,98.0
2024-02-22 02:03,99.0
2024-02-22 02:33,98.0
2024-02-22 03:03,98.0
2024-02-22 03:34,99.0
2024-02-22 04:04,99.0
2024-02-22 04:38,97.0
2024-02-22 05:38,98.0
2024-02-22 06:20,98.0
2024-02-22 07:47,99.0
2024-02-25 11:08,97.0
2024-02-25 14:26,100.0
2024-02-25 16:52,94.0
2024-02-25 20:27,99.0
2024-02-25 21:27,97.0
2024-02-25 21:58,98.0
2024-02-25 22:28,96.0
2024-02-25 23:28,98.0
2024-02-26 00:58,97.0
2024-02-26 01:28,97.0
2024-02-26 01:58,95.0
2024-02-26 02:58,97.0
2024-02-26 04:09,97.0
2024-02-26 04:39,100.0
2024-02-26 05:09,98.0
2024-02-26 05:39,98.0
2024-02-26 06:11,100.0
2024-02-26 06:42,98.0
2024-02-26 07:12,98.0
2024-02-28 06:48,96.0
2024-02-28 07:48,96.0
2024-02-28 08:37,98.0
2024-02-28 18:35,95.0
2024-02-28 19:05,97.0
2024-02-28 19:35,97.0
2024-02-28 20:06,99.0
2024-02-28 21:08,98.0
2024-02-28 21:38,97.0
2024-02-28 22:08,95.0
2024-02-28 22:38,96.0
2024-02-28 23:08,96.0
2024-02-28 23:38,98.0
2024-02-29 00:08,97.0
2024-02-29 00:38,98.0
2024-02-29 01:08,98.0
2024-02-29 01:39,99.0
2024-02-29 02:37,96.0
2024-02-29 03:07,99.0
2024-02-29 03:37,100.0
2024-02-29 04:07,99.0
2024-02-29 04:45,96.0
2024-02-29 05:15,98.0
2024-02-29 08:00,96.0
2024-02-29 14:15,97.0
2024-02-29 19:08,97.0
2024-02-29 19:48,97.0
2024-02-29 20:18,97.0
2024-03-01 22:45,97.0
2024-03-01 23:15,98.0
2024-03-01 23:45,98.0
2024-03-02 00:15,98.0
2024-03-02 00:45,98.0
2024-03-02 01:15,98.0
2024-03-02 02:46,100.0
2024-03-02 04:44,100.0
2024-03-02 05:27,100.0
2024-03-02 07:36,97.0
2024-03-02 10:29,100.0
2024-03-02 11:13,99.0
2024-03-02 13:35,95.0
2024-03-02 16:51,100.0
2024-03-02 17:24,98.0
2024-03-02 20:05,99.0
2024-03-02 21:41,95.0
2024-03-02 22:11,98.0
2024-03-02 22:41,97.0
2024-03-03 00:01,99.0
2024-03-03 02:04,94.0
2024-03-03 02:34,93.0
2024-03-03 03:04,95.0
2024-03-03 03:35,96.0
2024-03-03 04:05,99.0
2024-03-03 04:35,100.0
2024-03-03 05:05,99.0
2024-03-03 06:47,96.0
2024-03-05 19:50,98.0
2024-03-05 21:54,95.0
2024-03-05 22:24,96.0
2024-03-05 22:54,96.0
2024-03-05 23:24,97.0
2024-03-06 00:24,99.0
2024-03-06 00:54,96.0
2024-03-06 01:24,99.0
2024-03-06 01:54,96.0
2024-03-06 02:24,98.0
2024-03-06 02:54,96.0
2024-03-06 03:24,97.0
2024-03-06 03:54,99.0
2024-03-06 04:24,98.0
2024-03-06 04:59,98.0
2024-03-06 05:30,97.0
2024-03-06 06:02,95.0
2024-03-06 06:39,100.0
2024-03-06 08:28,99.0
2024-03-06 12:13,98.0
2024-03-06 13:13,96.0
2024-03-06 17:25,98.0
2024-04-06 09:15,97.0
2024-04-06 10:15,96.0
2024-04-06 11:15,92.0
2024-04-06 12:17,93.0
2024-04-06 13:49,94.0
2024-04-06 14:23,92.0
2024-04-06 16:00,97.0
2024-04-06 17:04,97.0
2024-04-06 17:35,97.0
2024-04-06 18:12,92.0
2024-04-06 18:46,94.0
2024-04-06 19:17,94.0
2024-04-06 19:50,87.0
2024-04-06 20:20,94.0
2024-04-06 20:50,92.0
2024-04-06 21:50,91.0
2024-04-06 22:26,94.0
2024-04-06 22:56,96.0
2024-04-07 02:14,99.0
2024-04-07 05:11,97.0
2024-04-07 06:41,98.0
2024-04-07 21:59,100.0
2024-04-08 02:33,97.0
2024-04-08 03:32,98.0
2024-04-08 04:07,100.0
2024-04-08 04:41,98.0
2024-04-08 05:19,98.0
2024-04-08 06:30,98.0
2024-04-08 07:29,98.0
2024-04-08 08:05,98.0
2024-04-08 09:35,94.0
2024-04-08 11:13,99.0
2024-04-08 13:29,99.0
2024-04-08 14:29,100.0
2024-04-08 16:58,95.0
2024-04-08 20:12,97.0
2024-04-08 20:42,98.0
2024-04-08 21:49,96.0
2024-04-08 22:19,96.0
2024-04-08 23:20,100.0
2024-04-09 00:20,100.0
2024-04-09 00:51,98.0
2024-04-09 22:28,99.0
2024-04-09 23:38,96.0
2024-04-10 05:34,100.0
2024-04-10 07:00,100.0
2024-04-10 07:30,96.0
2024-04-10 08:30,100.0
2024-04-10 09:39,96.0
2024-04-10 11:51,98.0
2024-04-10 12:21,100.0
2024-04-10 12:51,100.0
2024-04-10 13:21,95.0
2024-04-10 13:51,99.0
2024-04-10 14:21,96.0
2024-04-10 15:55,96.0
2024-04-10 17:55,99.0
2024-04-10 18:38,99.0
2024-04-10 19:08,97.0
2024-04-10 19:38,95.0
2024-04-10 20:08,100.0
2024-04-10 20:38,99.0
2024-04-10 21:18,92.0
2024-04-10 22:24,100.0
2024-04-11 00:34,95.0
2024-04-11 03:37,98.0
2024-04-11 04:38,95.0
2024-04-11 05:26,100.0
2024-04-11 05:57,99.0
2024-04-15 15:25,98.0
2024-04-15 17:26,95.0
2024-04-15 17:57,98.0
2024-04-15 20:06,99.0
2024-04-15 20:36,99.0
2024-04-15 21:39,97.0
2024-04-15 22:09,99.0
2024-04-15 22:39,98.0
2024-04-15 23:09,98.0
2024-04-15 23:39,97.0
2024-04-16 00:09,100.0
2024-04-16 00:39,100.0
2024-04-16 01:09,100.0
2024-04-16 01:39,100.0
2024-04-16 02:09,98.0
2024-04-16 02:39,98.0
2024-04-16 03:11,98.0
2024-04-16 03:41,100.0
2024-04-16 04:11,100.0
2024-04-16 04:41,100.0
2024-04-16 05:11,100.0
2024-04-16 06:31,99.0
2024-04-16 08:51,98.0
2024-04-16 09:30,98.0
2024-04-16 10:31,97.0
2024-04-16 11:31,98.0
2024-04-16 12:09,98.0
2024-04-17 14:18,98.0
2024-04-17 14:53,98.0
2024-04-17 15:23,99.0
2024-04-17 16:28,96.0
2024-04-17 17:30,100.0
2024-04-17 18:27,98.0
2024-04-17 18:57,98.0
2024-04-17 19:30,98.0
2024-04-17 20:00,98.0
2024-04-17 20:31,99.0
2024-04-17 21:01,98.0
2024-04-17 21:31,99.0
2024-04-17 22:02,97.0
2024-04-17 23:02,99.0
2024-04-17 23:32,99.0
2024-04-18 00:02,97.0
2024-04-18 00:32,99.0
2024-04-18 01:02,97.0
2024-04-18 01:32,98.0
2024-04-18 02:02,97.0
2024-04-18 02:32,98.0
2024-04-18 03:02,98.0
2024-04-18 03:36,97.0
2024-04-18 04:16,98.0
2024-04-18 04:46,99.0
2024-04-18 05:16,99.0
2024-04-18 05:52,100.0
2024-04-18 06:22,99.0
2024-04-18 08:21,97.0
2024-04-18 10:52,98.0
2024-04-18 11:52,100.0
2024-04-18 12:23,98.0
2024-04-18 13:26,98.0
2024-04-18 13:58,99.0
2024-04-21 09:20,97.0
2024-04-21 13:42,96.0
2024-04-21 14:23,98.0
2024-04-21 18:28,96.0
2024-04-21 20:05,98.0
2024-04-21 20:54,96.0
2024-04-21 21:24,98.0
2024-04-21 21:54,97.0
2024-04-21 22:24,97.0
2024-04-21 22:54,97.0
2024-04-21 23:24,99.0
2024-04-21 23:54,98.0
2024-04-22 00:24,98.0
2024-04-22 00:54,100.0
2024-04-22 01:24,99.0
2024-04-22 01:54,99.0
2024-04-22 02:44,100.0
2024-04-22 03:35,98.0
2024-04-22 04:05,99.0
2024-04-22 04:36,97.0
2024-04-22 05:06,97.0
2024-04-22 06:50,98.0
2024-04-22 08:04,98.0
2024-04-22 13:58,99.0
2024-04-22 14:28,100.0
2024-04-22 16:42,97.0
2024-05-01 13:37,96.0
2024-05-01 16:50,98.0
2024-05-01 18:21,96.0
2024-05-01 19:21,97.0
2024-05-01 20:26,94.0
2024-05-01 21:07,96.0
2024-05-01 21:37,95.0
2024-05-01 22:07,98.0
2024-05-01 22:38,98.0
2024-05-01 23:45,96.0
2024-05-02 00:15,96.0
2024-05-02 00:45,95.0
2024-05-02 01:23,99.0
2024-05-02 01:53,99.0
2024-05-02 02:41,97.0
2024-05-02 03:11,100.0
2024-05-02 03:41,99.0
2024-05-02 04:41,98.0
2024-05-02 05:42,100.0
2024-05-02 11:54,98.0
2024-05-02 12:39,96.0
2024-05-02 13:09,98.0
2024-05-02 18:21,100.0
2024-05-02 19:22,97.0
2024-05-02 20:53,96.0
2024-05-02 21:23,97.0
2024-05-02 22:01,100.0
2024-05-02 22:38,96.0
2024-05-02 23:08,99.0
2024-05-02 23:38,98.0
2024-05-03 00:08,99.0
2024-05-03 00:38,99.0
2024-05-03 01:08,98.0
2024-05-03 01:38,99.0
2024-05-03 02:08,98.0
2024-05-03 02:38,97.0
2024-05-03 03:08,96.0
2024-05-03 03:55,96.0
2024-05-03 04:25,98.0
2024-05-03 04:25,98.0
2024-05-03 05:33,95.0
2024-05-03 06:04,95.0
2024-05-03 06:34,99.0
2024-05-03 07:40,96.0
2024-05-03 10:45,100.0
2024-05-03 11:16,99.0
2024-05-03 12:30,98.0
2024-05-03 13:00,98.0
2024-05-04 08:42,97.0
2024-05-04 13:06,95.0
2024-05-04 15:45,97.0
2024-05-04 17:56,97.0
2024-05-04 18:57,98.0
2024-05-04 19:40,94.0
2024-05-04 22:14,98.0
2024-05-04 22:44,98.0
2024-05-04 23:14,99.0
2024-05-04 23:44,95.0
2024-05-05 00:14,99.0
2024-05-05 00:44,95.0
2024-05-05 01:14,98.0
2024-05-05 01:44,98.0
2024-05-05 02:14,98.0
2024-05-05 02:44,98.0
2024-05-05 03:14,99.0
2024-05-05 03:44,97.0
2024-05-05 04:27,96.0
2024-05-05 05:28,94.0
2024-05-05 06:19,94.0
2024-05-05 07:30,95.0
2024-05-05 08:02,99.0
2024-05-05 11:09,98.0
2024-05-05 11:42,97.0
2024-05-05 12:12,99.0
2024-05-05 13:12,97.0
2024-05-05 14:15,97.0
2024-05-06 08:44,98.0
2024-05-06 09:46,98.0
2024-05-06 10:46,98.0
2024-05-06 14:03,98.0
2024-05-06 14:36,100.0
2024-05-06 15:06,98.0
2024-05-06 15:36,99.0
2024-05-06 16:55,97.0
2024-05-06 18:05,98.0
2024-05-06 19:38,98.0
2024-05-06 20:24,95.0
2024-05-06 20:56,97.0
2024-05-07 08:19,98.0
2024-05-07 08:49,98.0
2024-05-07 09:54,97.0
2024-05-07 10:34,98.0
2024-05-07 11:37,97.0
2024-05-07 13:19,97.0
2024-05-07 13:50,99.0
2024-05-07 14:20,98.0
2024-05-07 15:20,96.0
2024-05-07 18:03,98.0
2024-05-07 19:13,97.0
2024-05-07 19:47,98.0
2024-05-07 20:17,97.0
2024-05-07 20:47,98.0
2024-05-08 09:26,95.0
2024-05-08 12:18,99.0
2024-05-08 13:20,99.0
2024-05-08 14:20,98.0
2024-05-08 15:04,98.0
2024-05-08 15:35,95.0
2024-05-08 19:42,100.0
2024-05-08 20:13,100.0
2024-05-08 20:43,99.0
2024-05-08 21:44,100.0
2024-05-08 22:36,97.0
2024-05-08 23:06,96.0
2024-05-08 23:36,96.0
2024-05-09 00:06,95.0
2024-05-09 00:36,94.0
2024-05-09 01:06,98.0
2024-05-09 01:37,99.0
2024-05-09 02:09,97.0
2024-05-09 02:39,97.0
2024-05-09 03:09,99.0
2024-05-09 03:39,98.0
2024-05-09 04:09,98.0
2024-05-09 04:39,99.0
2024-05-09 05:46,99.0
2024-05-09 06:18,96.0
2024-05-09 07:20,97.0
2024-05-09 08:59,94.0
2024-05-09 09:59,100.0
2024-05-09 10:30,100.0
2024-05-11 04:49,100.0
2024-05-11 05:19,99.0
2024-05-11 05:51,98.0
2024-05-11 10:16,97.0
2024-05-11 11:00,100.0
2024-05-11 12:04,99.0
2024-05-11 13:58,98.0
2024-05-11 16:10,99.0
2024-05-11 16:10,99.0
2024-05-11 18:46,96.0
2024-05-12 17:08,97.0
2024-05-12 18:27,96.0
2024-05-12 19:14,96.0
2024-05-12 19:45,98.0
2024-05-12 20:15,98.0
2024-05-12 21:23,100.0
2024-05-12 21:53,95.0
2024-05-12 22:23,97.0
2024-05-12 22:53,100.0
2024-05-12 23:23,99.0
2024-05-12 23:53,100.0
2024-05-13 00:23,97.0
2024-05-13 00:53,98.0
2024-05-13 01:23,96.0
2024-05-13 01:53,98.0
2024-05-13 02:23,99.0
2024-05-13 02:53,97.0
2024-05-13 03:24,100.0
2024-05-13 03:54,99.0
2024-05-13 04:30,95.0
2024-05-13 05:00,100.0
2024-05-13 05:31,98.0
2024-05-13 06:02,99.0
2024-05-13 08:04,97.0
2024-05-13 08:35,99.0
2024-05-13 09:07,96.0
2024-05-13 09:39,97.0
2024-05-13 10:49,96.0
2024-05-13 12:06,100.0
2024-05-13 13:16,98.0
2024-05-14 07:59,97.0
2024-05-14 09:11,95.0
2024-05-14 10:46,98.0
2024-05-14 12:21,99.0
2024-05-14 12:51,98.0
2024-05-14 13:51,97.0
2024-05-14 14:55,98.0
2024-05-14 15:48,98.0
2024-05-14 16:18,98.0
2024-05-14 18:58,95.0
2024-05-14 20:01,96.0
2024-05-14 20:31,97.0
2024-05-14 21:01,97.0
2024-05-14 22:01,97.0
2024-05-14 22:43,96.0
2024-05-14 23:13,98.0
2024-05-14 23:43,95.0
2024-05-15 00:13,97.0
2024-05-15 00:43,96.0
2024-05-15 01:29,93.0
2024-05-15 02:20,96.0
2024-05-15 02:50,99.0
2024-05-15 03:28,98.0
2024-05-15 03:58,99.0
2024-05-15 04:28,97.0
2024-05-15 07:27,98.0
2024-05-15 09:27,99.0
2024-05-17 20:15,97.0
2024-05-17 21:11,99.0
2024-05-17 21:42,97.0
2024-05-17 23:27,100.0
2024-05-18 01:35,99.0
2024-05-18 02:16,96.0
2024-05-18 02:46,100.0
2024-05-18 04:13,95.0
2024-05-18 04:43,96.0
2024-05-18 05:13,97.0
2024-05-18 06:00,97.0
2024-05-21 06:55,98.0
2024-05-21 07:55,99.0
2024-05-21 08:55,99.0
2024-05-21 09:55,97.0
2024-05-21 11:08,98.0
2024-05-21 12:08,96.0
2024-05-21 13:57,100.0
2024-05-21 14:28,99.0
2024-05-21 22:47,97.0
2024-05-21 23:17,94.0
2024-05-21 23:47,97.0
2024-05-22 00:30,98.0
2024-05-22 01:03,98.0
2024-05-22 01:33,97.0
2024-05-22 02:34,97.0
2024-05-22 03:04,96.0
2024-05-22 03:34,98.0
2024-05-22 04:05,98.0
2024-05-22 04:35,98.0
2024-05-22 05:05,100.0
2024-05-22 05:56,96.0
2024-05-22 06:26,100.0
2024-05-22 10:04,100.0
2024-05-22 15:00,99.0
2024-05-22 16:37,99.0
2024-05-22 18:59,96.0
2024-05-23 05:02,96.0
2024-05-23 07:03,95.0
2024-05-23 11:32,97.0
2024-05-23 12:32,97.0
2024-05-23 13:33,97.0
2024-05-23 14:12,100.0
2024-05-23 15:53,100.0
2024-05-23 18:21,98.0
2024-05-23 18:51,98.0
2024-05-23 19:21,97.0
2024-05-23 20:21,97.0
2024-05-23 20:51,100.0
2024-05-23 21:21,96.0
2024-05-23 21:51,96.0
2024-05-23 22:22,95.0
2024-05-23 22:52,100.0
2024-05-23 23:22,99.0
2024-05-23 23:52,98.0
2024-05-24 00:56,95.0
2024-05-24 01:26,98.0
2024-05-24 02:24,95.0
2024-05-24 02:55,100.0
2024-05-24 03:25,99.0
2024-05-24 04:03,97.0
2024-05-24 04:33,98.0
2024-05-24 05:10,100.0
2024-05-24 07:49,95.0
2024-05-24 08:52,99.0
2024-05-24 14:40,96.0
2024-05-24 17:31,99.0
2024-05-24 20:39,99.0
2024-05-24 21:39,97.0
2024-05-24 22:31,99.0
2024-05-24 23:05,97.0
2024-05-24 23:35,96.0
2024-05-25 00:11,98.0
2024-05-26 11:40,95.0
2024-05-26 12:20,98.0
2024-05-26 12:57,100.0
2024-05-26 14:01,100.0
2024-05-26 15:16,97.0
2024-05-26 15:46,99.0
2024-05-26 16:17,95.0
2024-05-26 16:47,100.0
2024-05-26 17:26,97.0
2024-05-26 18:37,100.0
2024-05-26 19:37,98.0
2024-05-26 20:52,95.0
2024-05-26 21:31,99.0
2024-05-26 22:01,99.0
2024-05-26 22:31,98.0
2024-05-27 01:05,96.0
2024-05-27 01:35,99.0
2024-05-27 02:05,98.0
2024-05-27 02:48,96.0
2024-05-27 03:18,99.0
2024-05-27 03:48,98.0
2024-05-27 04:18,97.0
2024-05-27 04:49,95.0
2024-05-27 05:19,97.0
2024-05-27 05:51,96.0
2024-05-27 06:40,96.0
2024-05-27 07:23,96.0
2024-05-28 09:00,95.0
2024-05-28 09:44,99.0
2024-05-28 21:25,98.0
2024-05-28 21:55,97.0
2024-05-28 23:26,96.0
2024-05-28 23:56,98.0
2024-05-29 01:04,95.0
2024-05-29 01:34,95.0
2024-05-29 02:04,98.0
2024-05-29 02:34,96.0
2024-05-29 03:04,99.0
2024-05-29 03:34,95.0
2024-05-29 04:12,94.0
2024-05-29 04:42,97.0
2024-05-29 05:42,98.0
2024-05-29 06:14,96.0
2024-05-29 07:13,96.0
2024-05-29 08:13,92.0
2024-05-29 09:39,92.0
2024-05-29 10:10,97.0
2024-05-29 10:40,100.0
2024-05-29 11:41,100.0
2024-05-29 13:18,98.0
2024-05-29 13:49,97.0
2024-05-29 17:17,99.0
2024-05-29 19:57,97.0
2024-05-30 23:10,94.0
2024-05-30 23:40,97.0
2024-05-31 00:20,95.0
2024-05-31 00:50,95.0
2024-05-31 01:23,95.0
2024-05-31 01:53,97.0
2024-05-31 02:23,96.0
2024-05-31 03:23,99.0
2024-05-31 03:53,98.0
2024-05-31 04:23,99.0
2024-05-31 04:53,98.0
2024-05-31 05:23,98.0
2024-05-31 06:28,100.0
2024-05-31 08:34,98.0
2024-05-31 10:09,98.0
2024-05-31 11:48,96.0
2024-05-31 12:19,97.0
2024-05-31 12:51,97.0
2024-05-31 13:21,99.0
2024-05-31 14:23,96.0
2024-05-31 15:34,97.0
2024-05-31 18:17,96.0
2024-05-31 19:56,97.0
2024-05-31 23:07,99.0
2024-05-31 23:37,95.0
2024-06-01 00:07,95.0
2024-06-01 00:37,95.0
2024-06-01 01:07,95.0
2024-06-01 01:38,96.0
2024-06-01 02:08,100.0
2024-06-01 02:38,99.0
2024-06-01 03:08,98.0
2024-06-01 08:54,100.0
2024-06-01 13:39,100.0
2024-06-01 15:31,98.0
2024-06-01 19:02,98.0
2024-06-01 19:35,97.0
2024-06-01 20:12,99.0
2024-06-01 21:42,100.0
2024-06-01 22:24,100.0
2024-06-01 22:54,98.0
2024-06-02 00:13,98.0
2024-06-02 00:43,97.0
2024-06-02 01:47,99.0
2024-06-02 02:17,100.0
2024-06-02 02:47,97.0
2024-06-02 03:17,100.0
2024-06-02 03:47,99.0
2024-06-02 04:17,100.0
2024-06-02 04:48,98.0
2024-06-02 05:35,98.0
2024-06-02 06:39,98.0
2024-06-02 07:13,98.0
2024-06-02 08:14,94.0
2024-06-02 08:44,100.0
2024-06-03 07:17,98.0
2024-06-03 08:20,95.0
2024-06-03 10:28,98.0
2024-06-04 06:51,98.0
2024-06-04 07:45,98.0
2024-06-04 09:06,98.0
2024-06-04 10:11,100.0
2024-06-04 16:20,96.0
2024-06-04 17:26,98.0
2024-06-04 18:29,100.0
2024-06-04 19:10,96.0
2024-06-04 19:40,99.0
2024-06-04 20:13,98.0
2024-06-05 07:37,99.0
2024-06-05 13:27,98.0
2024-06-05 14:27,99.0
2024-06-05 16:27,100.0
2024-06-05 20:53,97.0
2024-06-05 21:52,97.0
2024-06-05 22:22,100.0
2024-06-05 22:52,98.0
2024-06-05 23:22,100.0
2024-06-05 23:52,100.0
2024-06-06 00:22,100.0
2024-06-06 00:52,99.0
2024-06-06 01:22,100.0
2024-06-06 01:52,98.0
2024-06-06 02:43,96.0
2024-06-06 03:13,97.0
2024-06-06 03:43,96.0
2024-06-06 04:13,100.0
2024-06-06 04:43,97.0
2024-06-06 05:16,99.0
2024-06-06 05:47,99.0
2024-06-06 09:00,100.0
2024-06-06 11:32,97.0
2024-06-06 18:34,98.0
2024-06-06 19:35,99.0
2024-06-07 20:38,99.0
2024-06-07 21:18,96.0
2024-06-07 21:48,98.0
2024-06-07 22:18,97.0
2024-06-07 23:00,97.0
2024-06-07 23:30,99.0
2024-06-08 00:00,98.0
2024-06-08 01:00,95.0
2024-06-08 01:32,98.0
2024-06-08 02:02,97.0
2024-06-08 03:02,98.0
2024-06-08 03:33,97.0
2024-06-08 04:03,99.0
2024-06-08 04:48,98.0
2024-06-08 06:27,93.0
2024-06-08 09:53,100.0
2024-06-08 10:28,99.0
2024-06-08 14:02,99.0
2024-06-08 14:34,100.0
2024-06-08 15:07,99.0
2024-06-08 17:59,98.0
2024-06-10 08:27,97.0
2024-06-10 08:58,97.0
2024-06-10 09:39,99.0
2024-06-10 12:32,96.0
2024-06-10 13:40,98.0
2024-06-10 14:28,96.0
2024-06-10 19:31,97.0
2024-06-10 20:53,98.0
2024-06-10 21:47,96.0
2024-06-10 22:17,95.0
2024-06-10 22:48,95.0
2024-06-10 23:18,95.0
2024-06-10 23:48,95.0
2024-06-11 00:18,97.0
2024-06-11 00:48,98.0
2024-06-11 01:18,99.0
2024-06-11 02:18,99.0
2024-06-11 03:18,97.0
2024-06-11 03:49,97.0
2024-06-11 04:19,98.0
2024-06-11 04:49,98.0
2024-06-11 05:19,97.0
2024-06-11 05:49,95.0
2024-06-11 06:25,96.0
2024-06-11 07:58,97.0
2024-06-11 09:06,96.0
2024-06-11 11:43,100.0
2024-06-11 13:28,99.0
2024-06-11 14:01,98.0
2024-06-11 14:31,97.0
2024-06-11 15:32,98.0
2024-06-11 16:32,98.0
2024-06-11 19:48,99.0
2024-06-11 20:48,96.0
2024-06-11 21:18,100.0
2024-06-11 21:48,100.0
2024-06-11 22:18,100.0
2024-06-11 22:48,100.0
2024-06-11 23:18,100.0
2024-06-11 23:48,99.0
2024-06-12 00:18,99.0
2024-06-12 00:48,100.0
2024-06-12 01:18,100.0
2024-06-12 01:48,98.0
2024-06-12 02:18,97.0
2024-06-12 02:48,96.0
2024-06-12 03:18,100.0
2024-06-12 03:48,97.0
2024-06-12 04:19,96.0
2024-06-12 04:58,100.0
2024-06-12 06:02,99.0
2024-06-12 09:46,93.0
2024-06-12 20:43,99.0
2024-06-12 21:13,99.0
2024-06-12 21:43,98.0
2024-06-12 22:13,97.0
2024-06-12 22:43,100.0
2024-06-12 23:13,96.0
2024-06-12 23:43,99.0
2024-06-13 00:13,100.0
2024-06-13 00:43,99.0
2024-06-13 01:13,97.0
2024-06-13 01:43,97.0
2024-06-13 02:13,99.0
2024-06-13 02:43,100.0
2024-06-13 03:13,100.0
2024-06-13 03:53,97.0
2024-06-13 04:23,99.0
2024-06-13 05:00,94.0
2024-06-13 07:31,100.0
2024-06-13 10:26,99.0
2024-06-13 11:27,100.0
2024-06-13 11:57,98.0
2024-06-13 13:07,100.0
2024-06-13 13:45,98.0
2024-06-13 14:16,96.0
2024-06-13 14:46,97.0
2024-06-13 15:17,98.0
2024-06-13 15:53,100.0
2024-06-13 17:47,97.0
2024-06-13 18:17,99.0
2024-06-13 20:36,98.0
2024-06-13 22:02,98.0
2024-06-13 22:32,97.0
2024-06-13 23:02,99.0
2024-06-13 23:33,99.0
2024-06-14 00:03,99.0
2024-06-14 01:03,98.0
2024-06-14 01:33,96.0
2024-06-14 02:03,99.0
2024-06-14 02:33,97.0
2024-06-14 03:03,98.0
2024-06-14 03:33,100.0
2024-06-14 04:03,100.0
2024-06-14 04:36,100.0
2024-06-14 12:47,100.0
2024-06-14 13:46,97.0
2024-06-14 18:33,97.0
2024-06-14 22:12,97.0
2024-06-14 23:04,97.0
2024-06-14 23:34,96.0
2024-06-15 00:04,98.0
2024-06-15 00:34,97.0
2024-06-15 01:04,98.0
2024-06-15 01:34,99.0
2024-06-15 03:50,99.0
2024-06-15 04:20,97.0
2024-06-15 04:50,98.0
2024-06-15 05:20,96.0
2024-06-15 05:50,95.0
2024-06-15 06:20,100.0
2024-06-15 06:50,99.0
2024-06-15 10:43,99.0
2024-06-15 10:43,99.0
2024-06-15 22:00,97.0
2024-06-15 22:30,98.0
2024-06-15 23:00,97.0
2024-06-15 23:30,96.0
2024-06-16 00:00,94.0
2024-06-16 00:30,97.0
2024-06-16 01:00,98.0
2024-06-16 01:30,99.0
2024-06-16 02:00,98.0
2024-06-16 02:30,98.0
2024-06-16 03:13,97.0
2024-06-16 04:13,99.0
2024-06-16 04:44,98.0
2024-06-16 05:37,99.0
2024-06-16 06:16,100.0
2024-06-16 06:49,99.0
2024-06-16 07:21,95.0
2024-06-16 10:00,99.0
2024-06-16 12:43,98.0
2024-06-16 15:07,99.0
2024-06-16 15:37,96.0
2024-06-16 16:07,98.0
2024-06-16 16:37,97.0
2024-06-16 18:43,98.0
2024-06-16 20:32,98.0
2024-06-16 21:06,96.0
2024-06-16 22:06,95.0
2024-06-16 22:36,100.0
2024-06-16 23:06,100.0
2024-06-16 23:36,100.0
2024-06-17 00:06,97.0
2024-06-17 00:36,100.0
2024-06-17 01:06,100.0
2024-06-17 01:36,100.0
2024-06-17 02:06,100.0
2024-06-17 02:37,99.0
2024-06-17 03:07,100.0
2024-06-17 03:39,98.0
2024-06-17 04:09,100.0
2024-06-17 04:39,98.0
2024-06-17 05:09,100.0
2024-06-17 05:39,97.0
2024-06-17 18:56,100.0
2024-06-17 19:26,98.0
2024-06-17 21:27,100.0
2024-06-17 22:03,98.0
2024-06-17 22:33,97.0
2024-06-17 23:03,94.0
2024-06-17 23:33,95.0
2024-06-18 00:03,95.0
2024-06-18 01:03,99.0
2024-06-18 01:33,100.0
2024-06-18 02:03,98.0
2024-06-18 02:33,99.0
2024-06-18 03:03,99.0
2024-06-18 03:50,95.0
2024-06-18 04:37,98.0
2024-06-18 05:07,97.0
2024-06-18 05:37,97.0
2024-06-18 09:45,99.0
2024-06-18 10:28,95.0
2024-06-18 11:36,98.0
2024-06-18 13:42,96.0
2024-06-18 14:13,96.0
2024-06-18 14:44,98.0
2024-06-18 17:42,100.0
2024-06-18 20:50,100.0
2024-06-18 21:23,99.0
2024-06-18 21:54,100.0
2024-06-18 22:54,100.0
2024-06-18 23:24,100.0
2024-06-18 23:54,99.0
2024-06-19 00:24,98.0
2024-06-19 00:54,98.0
2024-06-19 01:24,99.0
2024-06-19 01:54,98.0
2024-06-19 02:24,100.0
2024-06-19 02:54,100.0
2024-06-19 03:24,96.0
2024-06-19 03:55,100.0
2024-06-19 04:25,91.0
2024-06-19 04:58,99.0
2024-06-19 07:06,97.0
2024-06-19 09:31,96.0
2024-06-19 10:33,100.0
2024-06-19 12:41,96.0
2024-06-19 13:11,98.0
2024-06-19 14:42,99.0
2024-06-19 22:57,98.0
2024-06-19 23:27,98.0
2024-06-19 23:57,96.0
2024-06-20 00:28,97.0
2024-06-20 00:58,97.0
2024-06-20 01:28,97.0
2024-06-20 01:58,97.0
2024-06-20 02:28,97.0
2024-06-20 02:58,97.0
2024-06-20 03:28,96.0
2024-06-20 03:58,98.0
2024-06-20 04:43,96.0
2024-06-20 05:26,96.0
2024-06-20 06:11,96.0
2024-06-20 11:17,99.0
2024-06-20 13:15,100.0
2024-06-20 13:46,98.0
2024-06-20 16:33,97.0
2024-06-20 17:32,98.0
2024-06-20 18:04,100.0
2024-06-20 18:34,98.0
2024-06-20 19:06,96.0
2024-06-20 19:39,99.0
2024-06-20 20:12,98.0
2024-06-20 21:14,96.0
2024-06-21 04:54,96.0
2024-06-21 05:24,97.0
2024-06-21 05:58,98.0
2024-06-21 10:11,98.0
2024-06-21 11:09,97.0
2024-06-21 14:03,97.0
2024-06-21 14:36,97.0
2024-06-21 16:07,100.0
2024-06-22 13:46,94.0
2024-06-22 15:34,97.0
2024-06-22 19:53,99.0
2024-06-22 20:53,98.0
2024-06-23 10:42,99.0
2024-06-23 13:00,93.0
2024-06-23 15:32,99.0
2024-06-23 17:50,97.0
2024-06-23 18:23,98.0
2024-06-23 21:07,99.0
2024-06-23 21:37,99.0
2024-06-23 22:07,96.0
2024-06-23 22:37,97.0
2024-06-23 23:07,99.0
2024-06-23 23:37,95.0
2024-06-24 00:21,95.0
2024-06-24 01:00,98.0
2024-06-24 01:30,99.0
2024-06-24 02:00,98.0
2024-06-24 02:30,100.0
2024-06-24 03:00,97.0
2024-06-24 04:13,94.0
2024-06-24 05:13,100.0
2024-06-24 06:49,100.0
2024-06-24 08:20,96.0
2024-06-24 08:57,100.0
2024-06-25 09:22,98.0
2024-06-25 12:10,94.0
2024-06-25 12:40,95.0
2024-06-25 13:12,98.0
2024-06-25 14:44,99.0
2024-06-25 15:14,98.0
2024-06-25 18:42,99.0
2024-06-25 19:12,96.0
2024-06-25 19:48,96.0
2024-06-25 20:25,97.0
2024-06-25 20:55,95.0
2024-06-25 21:25,99.0
2024-06-25 21:55,98.0
2024-06-25 22:26,96.0
2024-06-25 22:56,98.0
2024-06-25 23:26,98.0
2024-06-25 23:56,97.0
2024-06-26 00:26,97.0
2024-06-26 00:56,99.0
2024-06-26 01:26,96.0
2024-06-26 01:56,98.0
2024-06-26 02:27,98.0
2024-06-26 02:58,98.0
2024-06-26 03:33,98.0
2024-06-26 07:29,97.0
2024-06-26 09:03,96.0
2024-06-26 12:43,97.0
2024-06-26 14:43,97.0
2024-06-26 17:17,95.0
2024-06-26 18:30,95.0
2024-06-26 19:19,99.0
2024-06-26 19:50,100.0
2024-06-26 20:52,97.0
2024-06-26 21:22,96.0
2024-06-26 21:52,100.0
2024-06-26 22:22,98.0
2024-06-26 22:52,100.0
2024-06-26 23:52,97.0
2024-06-27 00:22,96.0
2024-06-27 01:58,95.0
2024-06-27 03:00,97.0
2024-06-27 05:07,96.0
2024-06-27 05:52,96.0
2024-06-27 06:32,97.0
2024-06-28 08:56,97.0
2024-06-28 11:12,100.0
2024-06-28 13:21,99.0
2024-06-28 13:52,97.0
2024-06-30 09:20,97.0
2024-06-30 10:29,99.0
2024-06-30 11:50,96.0
2024-06-30 13:00,97.0
2024-06-30 13:35,98.0
2024-06-30 15:42,97.0
2024-06-30 17:17,96.0
2024-06-30 18:02,98.0
2024-06-30 18:35,100.0
2024-06-30 19:17,97.0
2024-06-30 20:18,99.0
2024-06-30 21:01,100.0
2024-06-30 21:31,98.0
2024-07-01 05:28,97.0
2024-07-01 06:39,97.0
2024-07-01 07:31,97.0
2024-07-01 08:05,96.0
2024-07-01 08:35,97.0
2024-07-01 09:07,96.0
2024-07-01 10:08,94.0
2024-07-01 10:40,95.0
2024-07-01 11:31,95.0
2024-07-01 12:15,97.0
2024-07-01 12:51,98.0
2024-07-01 15:21,98.0
2024-07-01 17:36,95.0
2024-07-01 18:40,97.0
2024-07-01 19:10,98.0
2024-07-01 19:42,100.0
2024-07-01 20:13,99.0
2024-07-01 20:43,98.0
2024-07-02 07:09,97.0
2024-07-02 13:28,96.0
2024-07-02 15:32,96.0
2024-07-02 19:25,100.0
2024-07-02 19:56,95.0
2024-07-02 20:26,97.0
2024-07-02 20:58,96.0
2024-07-02 21:58,98.0
2024-07-03 04:52,97.0
2024-07-03 05:26,99.0
2024-07-03 05:56,99.0
2024-07-03 09:28,98.0
2024-07-03 12:11,99.0
2024-07-03 12:42,96.0
2024-07-03 22:25,100.0
2024-07-03 22:55,100.0
2024-07-03 23:25,98.0
2024-07-03 23:55,100.0
2024-07-04 00:25,97.0
2024-07-04 00:56,100.0
2024-07-04 01:56,100.0
2024-07-04 02:30,97.0
2024-07-04 03:00,99.0
2024-07-04 03:30,97.0
2024-07-04 04:00,100.0
2024-07-04 08:47,98.0
2024-07-04 09:56,100.0
2024-07-04 10:27,96.0
2024-07-04 11:59,98.0
2024-07-04 12:47,96.0
2024-07-04 17:44,99.0
2024-07-04 21:59,97.0
2024-07-04 22:29,99.0
2024-07-05 09:41,97.0
2024-07-05 10:54,94.0
2024-07-05 13:43,100.0
2024-07-05 18:15,99.0
2024-07-05 19:18,100.0
2024-07-06 22:30,98.0
2024-07-06 23:00,98.0
2024-07-06 23:30,99.0
2024-07-07 00:00,99.0
2024-07-07 00:30,99.0
2024-07-07 06:39,99.0
2024-07-07 07:11,98.0
2024-07-07 08:38,97.0
2024-07-07 11:46,99.0
2024-07-07 14:08,95.0
2024-07-07 15:05,96.0
2024-07-07 16:58,96.0
2024-07-07 17:33,96.0
2024-07-07 18:03,98.0
2024-07-07 19:04,100.0
2024-07-07 20:11,98.0
2024-07-07 21:22,96.0
2024-07-07 21:54,97.0
2024-07-07 22:24,97.0
2024-07-07 22:54,100.0
2024-07-08 06:51,98.0
2024-07-08 08:38,98.0
2024-07-08 08:39,98.0
2024-07-08 10:06,100.0
2024-07-08 10:56,95.0
2024-07-08 11:26,97.0
2024-07-08 14:49,95.0
2024-07-08 16:08,98.0
2024-07-08 17:20,96.0
2024-07-08 20:03,97.0
2024-07-09 04:57,100.0
2024-07-09 05:27,96.0
2024-07-09 05:58,100.0
2024-07-09 08:43,94.0
2024-07-09 09:49,90.0
2024-07-09 10:49,97.0
2024-07-09 12:47,97.0
2024-07-09 14:33,96.0
2024-07-09 16:01,94.0
2024-07-09 16:31,96.0
2024-07-09 17:07,99.0
2024-07-09 17:40,98.0
2024-07-09 21:46,95.0
2024-07-10 09:04,95.0
2024-07-10 09:44,97.0
2024-07-10 11:01,98.0
2024-07-10 11:02,98.0
2024-07-10 12:05,95.0
2024-07-10 12:38,92.0
2024-07-10 13:50,99.0
2024-07-10 14:50,99.0
2024-07-10 16:52,100.0
2024-07-10 18:46,97.0
2024-07-10 19:27,96.0
2024-07-10 20:00,97.0
2024-07-10 20:30,97.0
2024-07-10 21:04,99.0
2024-07-10 21:35,100.0
2024-07-10 22:05,100.0
2024-07-11 14:35,94.0
2024-07-11 15:07,96.0
2024-07-11 15:37,100.0
2024-07-11 16:38,94.0
2024-07-11 17:38,96.0
2024-07-11 19:32,100.0
2024-07-11 20:02,93.0
2024-07-11 21:40,95.0
2024-07-11 22:39,97.0
2024-07-12 08:43,99.0
2024-07-12 09:13,98.0
2024-07-12 09:43,98.0
2024-07-12 11:30,94.0
2024-07-12 17:16,99.0
2024-07-12 17:58,97.0
2024-07-12 19:05,90.0
2024-07-12 21:47,99.0
2024-07-12 22:17,97.0
2024-07-12 22:47,98.0
2024-07-12 23:17,97.0
2024-07-12 23:47,97.0
2024-07-13 00:17,97.0
2024-07-13 00:47,99.0
2024-07-13 01:17,97.0
2024-07-13 01:47,99.0
2024-07-13 02:17,99.0
2024-07-13 02:47,97.0
2024-07-13 03:17,98.0
2024-07-13 03:47,98.0
2024-07-13 04:17,98.0
2024-07-13 07:37,100.0
2024-07-13 09:58,96.0
2024-07-13 10:33,95.0
2024-07-13 13:11,98.0
2024-07-13 15:54,99.0
2024-07-13 18:51,96.0
2024-07-13 20:29,99.0
2024-07-13 21:29,100.0
2024-07-13 21:59,97.0
2024-07-13 22:29,99.0
2024-07-13 23:00,100.0
2024-07-13 23:30,97.0
2024-07-14 00:00,99.0
2024-07-14 00:30,97.0
2024-07-14 01:00,97.0
2024-07-14 01:30,97.0
2024-07-14 02:00,100.0
2024-07-14 02:30,100.0
2024-07-14 03:00,99.0
2024-07-14 03:30,100.0
2024-07-14 04:31,94.0
2024-07-14 05:02,97.0
2024-07-14 05:32,99.0
2024-07-14 08:59,96.0
2024-07-14 10:05,99.0
2024-07-14 13:39,100.0
2024-07-14 14:41,99.0
2024-07-14 15:11,98.0
2024-07-14 16:11,99.0
2024-07-14 17:34,96.0
2024-07-14 20:07,96.0
2024-07-14 21:08,98.0
2024-07-15 11:31,100.0
2024-07-15 16:30,98.0
2024-07-15 19:31,99.0
2024-07-16 06:21,94.0
2024-07-16 07:22,96.0
2024-07-16 10:39,97.0
2024-07-16 11:43,100.0
2024-07-16 12:13,98.0
2024-07-16 14:39,98.0
2024-07-16 19:05,96.0
2024-07-16 19:36,96.0
2024-07-16 20:08,98.0
2024-07-16 20:39,98.0
2024-07-16 21:10,99.0
2024-07-16 21:40,99.0
2024-07-16 22:29,97.0
2024-07-16 22:59,99.0
2024-07-16 23:29,100.0
2024-07-16 23:59,99.0
2024-07-17 00:29,100.0
2024-07-17 01:00,99.0
2024-07-17 01:30,99.0
2024-07-17 02:00,99.0
2024-07-17 02:30,100.0
2024-07-17 03:30,99.0
2024-07-17 04:11,95.0
2024-07-17 21:18,96.0
2024-07-17 21:48,99.0
2024-07-17 22:18,99.0
2024-07-17 22:48,100.0
2024-07-17 22:49,100.0
2024-07-17 23:48,96.0
2024-07-18 00:18,97.0
2024-07-18 00:48,96.0
2024-07-18 01:18,98.0
2024-07-18 01:54,100.0
2024-07-18 02:24,96.0
2024-07-18 02:54,99.0
2024-07-18 03:25,100.0
2024-07-18 03:55,100.0
2024-07-18 04:26,99.0
2024-07-18 04:56,94.0
2024-07-18 05:35,97.0
2024-07-18 06:08,99.0
2024-07-18 06:40,99.0
2024-07-18 07:10,100.0
2024-07-18 09:02,96.0
2024-07-18 09:03,97.0
2024-07-18 10:03,93.0
2024-07-18 12:33,96.0
2024-07-18 14:22,92.0
2024-07-18 16:26,97.0
2024-07-18 18:58,98.0
2024-07-18 20:51,98.0
2024-07-18 21:22,95.0
2024-07-18 22:22,100.0
2024-07-20 06:40,96.0
2024-07-20 07:50,96.0
2024-07-20 09:48,97.0
2024-07-20 11:17,99.0
2024-07-20 12:00,95.0
2024-07-20 12:31,97.0
2024-07-20 14:16,96.0
2024-07-20 14:47,99.0
2024-07-20 15:17,95.0
2024-07-20 16:17,95.0
2024-07-20 17:01,98.0
2024-07-20 18:38,97.0
2024-07-20 19:55,95.0
2024-07-20 20:28,95.0
2024-07-20 21:58,96.0
2024-07-20 22:30,97.0
2024-07-20 23:00,97.0
2024-07-20 23:30,98.0
2024-07-21 00:30,96.0
2024-07-21 01:02,99.0
2024-07-21 01:38,95.0
2024-07-21 02:08,100.0
2024-07-21 03:08,98.0
2024-07-21 03:38,99.0
2024-07-21 04:14,96.0
2024-07-21 05:14,98.0
2024-07-21 05:44,95.0
2024-07-21 10:20,94.0
2024-07-21 11:23,100.0
2024-07-21 12:22,99.0
2024-07-21 12:52,97.0
2024-07-23 07:34,98.0
2024-07-23 08:47,99.0
2024-07-23 09:17,95.0
2024-07-23 09:52,98.0
2024-07-23 12:17,99.0
2024-07-23 12:52,96.0
2024-07-23 13:23,96.0
2024-07-23 19:27,98.0
2024-07-23 21:34,95.0
2024-07-23 22:33,95.0
2024-07-23 23:03,97.0
2024-07-23 23:33,97.0
2024-07-24 00:03,99.0
2024-07-24 01:08,96.0
2024-07-24 01:38,97.0
2024-07-24 02:08,94.0
2024-07-24 02:38,96.0
2024-07-24 03:08,97.0
2024-07-24 03:38,100.0
2024-07-24 04:15,99.0
2024-07-24 04:45,97.0
2024-07-24 05:46,99.0
2024-07-24 12:55,98.0
2024-07-24 16:49,98.0
2024-07-24 17:41,100.0
2024-07-24 19:50,97.0
2024-07-24 20:50,95.0
2024-07-24 21:22,95.0
2024-07-24 21:52,98.0
2024-07-24 22:22,100.0
2024-07-24 22:52,97.0
2024-07-24 23:22,98.0
2024-07-24 23:52,97.0
2024-07-25 00:30,98.0
2024-07-25 01:11,98.0
2024-07-25 01:43,95.0
2024-07-25 02:19,96.0
2024-07-25 02:49,96.0
2024-07-25 03:21,97.0
2024-07-25 04:01,95.0
2024-07-25 04:31,100.0
2024-07-25 05:05,97.0
2024-07-25 05:41,97.0
2024-07-25 06:12,98.0
2024-07-25 07:33,97.0
2024-07-25 09:18,96.0
2024-07-25 12:33,94.0
2024-07-25 13:03,100.0
2024-07-25 14:35,97.0
2024-07-25 15:10,98.0
2024-07-26 06:01,97.0
2024-07-26 07:54,94.0
2024-07-26 11:01,99.0
2024-07-26 17:52,97.0
2024-07-26 18:53,99.0
2024-07-26 19:25,98.0
2024-07-26 19:55,99.0
2024-07-26 20:26,98.0
2024-07-26 20:56,97.0
2024-07-26 21:26,99.0
2024-07-26 22:37,97.0
2024-07-26 23:30,95.0
2024-07-27 00:00,99.0
2024-07-27 00:30,97.0
2024-07-27 01:00,98.0
2024-07-27 01:30,99.0
2024-07-27 02:00,100.0
2024-07-27 03:30,99.0
2024-07-27 04:00,100.0
2024-07-27 05:25,99.0
2024-07-27 08:55,100.0
2024-07-27 09:30,97.0
2024-07-27 12:47,98.0
2024-07-27 19:42,97.0
2024-07-27 20:20,93.0
2024-07-27 20:55,100.0
2024-07-27 21:25,99.0
2024-07-27 22:25,96.0
2024-07-27 23:16,96.0
2024-07-27 23:46,96.0
2024-07-28 00:16,98.0
2024-07-28 01:16,97.0
2024-07-28 02:01,99.0
2024-07-28 02:33,97.0
2024-07-28 03:03,98.0
2024-07-28 04:03,100.0
2024-07-28 04:39,97.0
2024-07-28 05:09,99.0
2024-07-28 05:39,98.0
2024-07-28 08:24,97.0
2024-07-28 10:02,99.0
2024-07-30 09:30,100.0
2024-07-30 13:36,98.0
2024-07-30 16:38,95.0
2024-07-30 17:09,97.0
2024-07-30 17:55,95.0
2024-07-30 18:31,100.0
2024-07-30 19:31,99.0
2024-07-30 20:30,98.0
2024-07-30 21:11,99.0
2024-07-30 21:48,99.0
2024-08-01 05:36,96.0
2024-08-01 06:06,100.0
2024-08-01 07:37,100.0
2024-08-01 09:19,100.0
2024-08-01 10:06,98.0
2024-08-01 10:36,97.0
2024-08-01 11:06,96.0
2024-08-01 16:05,96.0
2024-08-01 19:52,98.0
2024-08-01 20:30,97.0
2024-08-02 09:20,94.0
2024-08-02 11:50,97.0
2024-08-02 12:27,98.0
2024-08-02 13:36,100.0
2024-08-02 14:38,99.0
2024-08-02 20:01,93.0
2024-08-03 12:47,98.0
2024-08-03 15:35,97.0
2024-08-03 16:08,98.0
2024-08-03 18:11,97.0
2024-08-03 19:49,96.0
2024-08-03 20:19,90.0
2024-08-03 21:19,97.0
2024-08-03 21:55,99.0
2024-08-03 22:55,96.0
2024-08-03 23:25,92.0
2024-08-03 23:55,100.0
2024-08-04 00:29,96.0
2024-08-04 00:59,100.0
2024-08-04 01:29,100.0
2024-08-04 01:59,99.0
2024-08-04 02:59,100.0
2024-08-04 03:33,97.0
2024-08-04 04:16,99.0
2024-08-04 08:11,95.0
2024-08-04 08:50,98.0
2024-08-04 09:24,99.0
2024-08-05 08:02,98.0
2024-08-05 12:02,98.0
2024-08-05 14:17,99.0
2024-08-05 18:27,94.0
2024-08-05 19:23,96.0
2024-08-05 21:06,99.0
2024-08-05 21:36,100.0
2024-08-05 22:06,99.0
2024-08-05 22:36,98.0
2024-08-05 23:28,97.0
2024-08-05 23:58,98.0
2024-08-06 00:28,98.0
2024-08-06 00:58,100.0
2024-08-06 01:28,100.0
2024-08-06 01:58,100.0
2024-08-06 02:28,97.0
2024-08-06 02:58,99.0
2024-08-06 03:28,99.0
2024-08-06 03:58,100.0
2024-08-06 04:28,99.0
2024-08-06 07:11,95.0
2024-08-09 09:37,96.0
2024-08-09 11:02,97.0
2024-08-09 11:32,96.0
2024-08-09 12:02,98.0
2024-08-09 13:02,99.0
2024-08-09 14:02,97.0
2024-08-09 14:45,98.0
2024-08-09 16:38,97.0
2024-08-09 19:42,93.0
2024-08-09 20:32,96.0
2024-08-09 21:02,94.0
2024-08-09 21:59,96.0
2024-08-09 22:29,99.0
2024-08-09 22:59,100.0
2024-08-09 23:29,99.0
2024-08-10 00:05,99.0
2024-08-10 00:35,98.0
2024-08-10 01:06,95.0
2024-08-10 01:36,97.0
2024-08-10 02:06,98.0
2024-08-10 02:36,98.0
2024-08-10 03:13,97.0
2024-08-10 04:10,98.0
2024-08-10 04:45,94.0
2024-08-10 05:15,98.0
2024-08-10 05:45,100.0
2024-08-10 06:15,95.0
2024-08-10 08:27,95.0
2024-08-10 10:52,97.0
2024-08-10 12:15,100.0
2024-08-10 22:32,100.0
2024-08-10 22:32,99.0
2024-08-10 23:32,100.0
2024-08-11 00:02,98.0
2024-08-11 00:32,100.0
2024-08-11 01:02,96.0
2024-08-11 01:32,98.0
2024-08-11 02:40,98.0
2024-08-11 03:10,98.0
2024-08-11 03:40,98.0
2024-08-11 04:10,99.0
2024-08-11 04:41,98.0
2024-08-11 05:47,100.0
2024-08-11 06:20,96.0
2024-08-11 12:24,100.0
2024-08-11 16:35,99.0
2024-08-11 17:14,100.0
2024-08-11 18:14,98.0
2024-08-11 20:05,97.0
2024-08-11 20:35,97.0
2024-08-11 21:38,97.0
2024-08-11 22:38,98.0
2024-08-11 23:08,100.0
2024-08-11 23:38,97.0
2024-08-12 00:08,99.0
2024-08-12 00:39,98.0
2024-08-12 01:42,100.0
2024-08-12 03:03,99.0
2024-08-12 03:40,97.0
2024-08-12 04:10,100.0
2024-08-12 04:41,99.0
2024-08-12 05:14,98.0
2024-08-12 09:36,97.0
2024-08-12 10:09,98.0
2024-08-13 06:19,97.0
2024-08-13 09:02,96.0
2024-08-13 09:48,98.0
2024-08-13 17:52,96.0
2024-08-13 19:21,95.0
2024-08-13 20:21,96.0
2024-08-13 20:59,97.0
2024-08-14 05:43,96.0
2024-08-14 06:53,99.0
2024-08-14 08:40,95.0
2024-08-14 09:52,99.0
2024-08-14 10:51,100.0
2024-08-14 12:24,95.0
2024-08-14 13:25,97.0
2024-08-14 13:55,98.0
2024-08-14 17:28,100.0
2024-08-14 19:56,92.0
2024-08-14 20:26,97.0
2024-08-14 20:57,97.0
2024-08-16 07:51,96.0
2024-08-16 08:21,97.0
2024-08-16 09:03,99.0
2024-08-16 10:05,100.0
2024-08-16 11:07,100.0
2024-08-16 12:08,100.0
2024-08-16 14:40,99.0
2024-08-16 17:33,100.0
2024-08-16 17:34,99.0
2024-08-16 19:26,99.0
2024-08-16 20:26,99.0
2024-08-16 21:32,99.0
2024-08-16 22:02,99.0
2024-08-16 23:32,100.0
2024-08-17 00:03,98.0
2024-08-17 00:33,98.0
2024-08-17 01:03,97.0
2024-08-17 01:40,96.0
2024-08-17 02:10,98.0
2024-08-17 02:50,98.0
2024-08-17 03:20,98.0
2024-08-17 03:50,99.0
2024-08-17 04:20,97.0
2024-08-17 04:55,99.0
2024-08-17 05:25,96.0
2024-08-17 06:02,95.0
2024-08-17 13:42,99.0
2024-08-19 11:44,94.0
2024-08-19 12:46,97.0
2024-08-19 13:18,94.0
2024-08-19 14:18,98.0
2024-08-21 07:21,97.0
2024-08-21 08:57,98.0
2024-08-21 09:56,99.0
2024-08-21 10:28,98.0
2024-08-21 12:03,99.0
2024-08-21 13:37,99.0
2024-08-21 14:07,100.0
2024-08-21 14:56,95.0
2024-08-21 17:41,98.0
2024-08-21 18:58,100.0
2024-08-21 19:33,96.0
2024-08-21 21:26,95.0
2024-08-21 23:26,96.0
2024-08-21 23:56,97.0
2024-08-22 00:42,98.0
2024-08-22 01:12,100.0
2024-08-22 01:42,99.0
2024-08-22 02:42,100.0
2024-08-22 03:12,99.0
2024-08-22 03:42,100.0
2024-08-22 04:12,99.0
2024-08-22 04:42,100.0
2024-08-22 18:32,98.0
2024-08-22 19:16,95.0
2024-08-22 20:47,95.0
2024-08-22 21:24,96.0
2024-08-22 21:54,96.0
2024-08-22 22:36,98.0
2024-08-22 23:06,98.0
2024-08-23 00:06,100.0
2024-08-23 00:36,100.0
2024-08-23 01:13,100.0
2024-08-23 01:43,98.0
2024-08-23 02:29,97.0
2024-08-23 03:46,96.0
2024-08-23 04:22,96.0
2024-08-23 04:55,94.0
2024-08-24 19:51,95.0
2024-08-24 21:56,98.0
2024-08-24 22:56,99.0
2024-08-24 23:26,98.0
2024-08-24 23:56,97.0
2024-08-25 00:26,97.0
2024-08-25 00:56,96.0
2024-08-25 01:26,98.0
2024-08-25 01:56,97.0
2024-08-25 02:26,98.0
2024-08-25 02:56,98.0
2024-08-25 03:26,97.0
2024-08-25 03:56,97.0
2024-08-25 04:26,97.0
2024-08-25 04:56,96.0
2024-08-25 07:46,94.0
2024-08-25 12:23,96.0
2024-08-25 14:50,99.0
2024-08-25 18:39,97.0
2024-08-25 19:09,97.0
2024-08-26 08:17,96.0
2024-08-26 08:47,98.0
2024-08-26 09:47,100.0
2024-08-26 12:02,98.0
2024-08-26 14:09,99.0
2024-08-26 14:57,100.0
2024-08-26 17:06,98.0
2024-08-26 17:36,98.0
2024-08-26 19:40,98.0
2024-08-26 20:40,99.0
2024-08-26 21:25,97.0
2024-08-26 21:55,97.0
2024-08-26 22:48,96.0
2024-08-26 23:18,97.0
2024-08-26 23:51,99.0
2024-08-27 00:21,99.0
2024-08-27 00:51,100.0
2024-08-27 01:36,100.0
2024-08-27 03:12,95.0
2024-08-27 04:42,99.0
2024-08-27 05:18,97.0
2024-08-27 05:48,97.0
2024-08-27 06:24,98.0
2024-08-27 13:01,94.0
2024-08-27 14:58,99.0
2024-08-27 15:28,100.0
2024-08-27 18:03,99.0
2024-08-27 18:04,99.0
2024-08-27 19:03,100.0
2024-08-27 20:05,99.0
2024-08-27 20:35,100.0
2024-08-27 21:09,95.0
2024-08-27 21:39,100.0
2024-08-27 22:43,97.0
2024-08-27 23:17,100.0
2024-08-28 00:05,97.0
2024-08-28 00:35,95.0
2024-08-28 01:05,99.0
2024-08-28 01:35,99.0
2024-08-28 02:05,97.0
2024-08-28 02:51,96.0
2024-08-28 03:21,97.0
2024-08-28 03:51,98.0
2024-08-28 04:28,95.0
2024-08-28 05:28,96.0
2024-08-28 21:15,98.0
2024-08-28 21:15,98.0
2024-08-28 22:15,99.0
2024-08-28 22:45,98.0
2024-08-28 23:15,99.0
2024-08-28 23:45,98.0
2024-08-29 00:15,97.0
2024-08-29 00:45,100.0
2024-08-29 01:45,98.0
2024-08-29 02:36,95.0
2024-08-29 03:32,96.0
2024-08-29 04:08,100.0
2024-08-29 05:14,100.0
2024-08-29 07:22,99.0
2024-08-29 08:27,98.0
2024-08-29 09:27,91.0
2024-08-29 11:51,100.0
2024-08-29 12:32,98.0
2024-08-29 13:42,95.0
2024-08-29 19:18,96.0
2024-08-29 19:50,99.0
2024-08-31 12:54,99.0
2024-08-31 15:19,95.0
2024-08-31 16:22,96.0
2024-08-31 16:55,98.0
2024-08-31 18:28,97.0
2024-08-31 19:08,99.0
2024-08-31 20:44,100.0
2024-08-31 21:44,96.0
2024-08-31 22:16,100.0
2024-08-31 22:46,98.0
2024-08-31 23:16,98.0
2024-09-01 00:02,93.0
2024-09-01 00:32,100.0
2024-09-01 01:02,99.0
2024-09-01 01:36,96.0
2024-09-01 02:06,100.0
2024-09-01 02:36,100.0
2024-09-01 03:06,98.0
2024-09-01 04:06,98.0
2024-09-01 04:56,100.0
2024-09-01 05:26,99.0
2024-09-01 07:06,99.0
2024-09-04 06:54,99.0
2024-09-04 08:13,100.0
2024-09-04 09:06,97.0
2024-09-04 09:37,98.0
2024-09-04 10:09,96.0
2024-09-04 10:41,98.0
2024-09-05 08:00,100.0
2024-09-05 09:13,99.0
2024-09-05 12:09,98.0
2024-09-05 12:39,97.0
2024-09-05 13:09,97.0
2024-09-05 13:42,96.0
2024-09-05 18:36,98.0
2024-09-05 21:12,100.0
2024-09-06 14:54,96.0
2024-09-06 18:05,98.0
2024-09-06 19:04,96.0
2024-09-06 19:34,96.0
2024-09-06 20:04,98.0
2024-09-06 20:35,98.0
2024-09-06 21:07,99.0
2024-09-16 07:46,96.0
2024-09-16 08:19,99.0
2024-09-16 10:55,97.0
2024-09-16 13:52,99.0
2024-09-16 16:30,97.0
2024-09-16 18:32,96.0
2024-09-16 19:10,98.0
2024-09-16 19:40,100.0
2024-09-16 20:10,97.0
2024-09-16 20:40,100.0
2024-09-16 21:40,98.0
2024-09-16 22:26,97.0
2024-09-16 22:56,97.0
2024-09-16 23:26,96.0
2024-09-16 23:56,97.0
2024-09-17 00:26,99.0
2024-09-17 01:02,93.0
2024-09-17 01:39,96.0
2024-09-17 02:09,99.0
2024-09-17 02:39,98.0
2024-09-17 03:09,98.0
2024-09-17 03:39,98.0
2024-09-17 04:09,95.0
2024-09-17 04:48,99.0
2024-09-17 06:19,100.0
2024-09-19 07:33,100.0
2024-09-19 08:39,99.0
2024-09-19 09:49,99.0
2024-09-19 20:43,98.0
2024-09-19 21:42,98.0
2024-09-19 22:12,98.0
2024-09-19 22:44,98.0
2024-09-19 23:14,96.0
2024-09-19 23:44,100.0
2024-09-20 00:14,100.0
2024-09-20 00:44,99.0
2024-09-20 01:14,96.0
2024-09-20 02:17,96.0
2024-09-20 02:54,100.0
2024-09-20 03:25,100.0
2024-09-20 03:55,96.0
2024-09-20 04:25,100.0
2024-09-20 08:15,100.0
2024-09-22 08:48,98.0
2024-09-22 09:53,98.0
2024-09-22 17:26,100.0
2024-09-22 19:19,98.0
2024-09-22 19:49,95.0
2024-09-22 20:19,100.0
2024-09-22 20:55,92.0
2024-09-22 21:25,97.0
2024-09-22 21:55,97.0
2024-09-22 23:03,97.0
2024-09-22 23:33,98.0
2024-09-23 00:47,100.0
2024-09-23 01:17,98.0
2024-09-23 01:50,99.0
2024-09-23 02:20,95.0
2024-09-23 03:20,99.0
2024-09-23 03:50,97.0
2024-09-23 04:20,96.0
2024-09-23 04:50,96.0
2024-09-23 05:31,99.0
2024-09-23 07:04,99.0
2024-09-23 07:35,99.0
2024-09-24 12:24,96.0
2024-09-24 15:16,97.0
2024-09-24 18:47,97.0
2024-09-24 19:17,98.0
2024-09-24 20:17,97.0
2024-09-24 20:48,95.0
2024-09-24 21:18,98.0
2024-09-24 21:50,95.0
2024-09-24 22:20,95.0
2024-09-24 22:50,97.0
2024-09-24 23:29,99.0
2024-09-25 00:29,100.0
2024-09-25 01:00,99.0
2024-09-25 01:30,97.0
2024-09-25 02:02,99.0
2024-09-25 03:20,98.0
2024-09-25 03:50,98.0
2024-09-25 04:33,98.0
2024-09-25 05:15,100.0
2024-09-25 07:14,99.0
2024-09-25 08:19,97.0
2024-09-25 10:04,100.0
2024-09-25 11:05,100.0
2024-09-26 06:36,97.0
2024-09-26 08:26,99.0
2024-09-26 10:48,98.0
2024-09-26 11:55,100.0
2024-09-26 14:12,100.0
2024-09-26 16:57,98.0
2024-09-26 17:49,96.0
2024-09-26 18:20,97.0
2024-09-26 18:52,97.0
2024-09-26 19:26,96.0
2024-09-26 20:07,97.0
2024-09-26 21:19,95.0
2024-09-26 21:49,97.0
2024-09-26 22:19,99.0
2024-09-26 22:49,97.0
2024-09-26 23:19,98.0
2024-09-27 00:11,100.0
2024-09-27 00:41,98.0
2024-09-27 01:15,100.0
2024-09-27 01:45,100.0
2024-09-27 02:15,100.0
2024-09-27 02:46,100.0
2024-09-27 03:16,97.0
2024-09-27 03:50,100.0
2024-09-27 04:20,100.0
2024-09-27 06:25,100.0
2024-09-28 09:52,99.0
2024-09-28 13:38,100.0
2024-09-28 16:50,95.0
2024-09-28 18:31,97.0
2024-09-28 19:27,97.0
2024-09-28 19:57,97.0
2024-09-28 20:27,97.0
2024-09-28 21:27,100.0
2024-09-28 21:57,99.0
2024-09-28 22:27,98.0
2024-09-28 22:57,96.0
2024-09-28 23:27,97.0
2024-09-28 23:57,100.0
2024-09-29 00:28,100.0
2024-09-29 00:58,99.0
2024-09-29 01:28,100.0
2024-09-29 01:58,97.0
2024-09-29 02:28,100.0
2024-09-29 03:05,99.0
2024-09-29 04:05,99.0
2024-09-29 04:49,96.0
2024-09-29 06:00,96.0
2024-09-29 07:08,98.0
2024-09-29 11:57,94.0
2024-09-29 13:01,98.0
2024-09-29 14:08,99.0
2024-09-29 20:14,98.0
2024-09-29 20:46,95.0
2024-09-29 22:16,100.0
2024-09-29 22:46,98.0
2024-09-29 23:16,99.0
2024-09-29 23:46,97.0
2024-09-30 00:16,98.0
2024-09-30 01:16,99.0
2024-09-30 01:46,92.0
2024-09-30 02:16,95.0
2024-09-30 03:11,95.0
2024-09-30 08:02,98.0
2024-09-30 09:02,100.0
2024-10-04 08:02,96.0
2024-10-04 09:13,98.0
2024-10-04 12:55,99.0
2024-10-04 16:41,97.0
2024-10-04 19:38,98.0
2024-10-04 20:08,97.0
2024-10-04 20:57,98.0
2024-10-04 21:39,98.0
2024-10-04 22:09,100.0
2024-10-04 22:39,100.0
2024-10-04 23:09,96.0
2024-10-04 23:40,95.0
2024-10-05 00:42,97.0
2024-10-05 01:40,96.0
2024-10-05 02:40,97.0
2024-10-05 03:40,97.0
2024-10-05 04:39,99.0
2024-10-05 05:09,96.0
2024-10-05 05:57,98.0
2024-10-05 07:36,99.0
2024-10-05 08:59,98.0
2024-10-05 09:00,98.0
2024-10-08 07:06,95.0
2024-10-08 09:58,96.0
2024-10-08 12:44,100.0
2024-10-08 13:14,97.0
2024-10-08 13:44,97.0
2024-10-08 14:17,97.0
2024-10-08 15:14,98.0
2024-10-08 18:02,94.0
2024-10-08 18:33,98.0
2024-10-08 19:33,100.0
2024-10-08 20:17,100.0
2024-10-08 20:47,97.0
2024-10-08 22:53,96.0
2024-10-08 23:23,95.0
2024-10-09 00:23,100.0
2024-10-09 01:23,96.0
2024-10-09 02:23,95.0
2024-10-09 03:10,100.0
2024-10-09 03:40,97.0
2024-10-09 04:10,95.0
2024-10-09 04:41,100.0
2024-10-09 05:11,100.0
2024-10-09 05:41,98.0
2024-10-09 06:11,100.0
2024-10-11 07:19,98.0
2024-10-11 14:00,98.0
2024-10-11 15:01,98.0
2024-10-11 17:48,97.0
2024-10-11 20:11,98.0
2024-10-11 20:41,98.0
2024-10-11 21:11,97.0
2024-10-11 22:11,99.0
2024-10-11 22:45,99.0
2024-10-11 23:24,97.0
2024-10-11 23:54,98.0
2024-10-12 01:03,99.0
2024-10-12 01:35,92.0
2024-10-12 02:05,99.0
2024-10-12 02:35,95.0
2024-10-12 03:05,99.0
2024-10-12 03:35,100.0
2024-10-12 04:05,96.0
2024-10-12 04:50,99.0
2024-10-12 05:20,100.0
2024-10-12 06:20,95.0
2024-10-13 17:32,98.0
2024-10-13 23:00,95.0
2024-10-13 23:30,97.0
2024-10-14 00:00,97.0
2024-10-14 01:05,96.0
2024-10-14 01:35,97.0
2024-10-14 02:49,98.0
2024-10-14 03:19,100.0
2024-10-14 03:59,97.0
2024-10-14 04:29,99.0
2024-10-14 05:07,90.0
2024-10-14 05:37,99.0
2024-10-14 06:09,98.0
2024-10-17 16:51,96.0
2024-10-17 19:15,95.0
2024-10-17 19:52,96.0
2024-10-17 20:22,96.0
2024-10-17 20:52,97.0
2024-10-17 21:24,98.0
2024-10-17 21:54,96.0
2024-10-17 22:24,100.0
2024-10-17 22:54,97.0
2024-10-17 23:24,98.0
2024-10-18 00:13,96.0
2024-10-18 00:44,99.0
2024-10-18 01:15,95.0
2024-10-18 01:51,96.0
2024-10-18 02:44,98.0
2024-10-18 03:18,94.0
2024-10-18 03:48,100.0
2024-10-18 04:18,98.0
2024-10-18 04:48,100.0
2024-10-18 05:51,99.0
2024-10-18 06:47,99.0
2024-10-18 07:47,98.0
2024-10-18 08:21,97.0
2024-10-19 11:14,99.0
2024-10-19 11:44,100.0
2024-10-19 18:46,99.0
2024-10-19 19:25,100.0
2024-10-19 20:46,99.0
2024-10-19 21:46,100.0
2024-10-19 22:25,96.0
2024-10-19 22:56,96.0
2024-10-19 23:26,98.0
2024-10-20 00:09,97.0
2024-10-20 00:39,94.0
2024-10-20 01:39,98.0
2024-10-20 02:16,98.0
2024-10-20 02:46,100.0
2024-10-20 03:16,99.0
2024-10-20 04:19,99.0
2024-10-20 05:11,97.0
2024-10-22 07:04,96.0
2024-10-22 07:35,96.0
2024-10-22 10:10,96.0
2024-10-22 11:10,94.0
2024-10-22 14:06,97.0
2024-10-22 16:35,96.0
2024-10-22 17:40,94.0
2024-10-22 19:54,98.0
2024-10-22 20:24,95.0
2024-10-22 21:37,96.0
2024-10-22 22:07,97.0
2024-10-22 22:37,98.0
2024-10-22 23:07,96.0
2024-10-23 00:08,99.0
2024-10-23 00:38,98.0
2024-10-23 01:08,99.0
2024-10-23 02:08,99.0
2024-10-23 02:38,99.0
2024-10-23 03:08,100.0
2024-10-23 03:38,100.0
2024-10-23 04:38,100.0
2024-10-23 05:08,100.0
2024-10-23 05:49,98.0
2024-10-23 19:14,99.0
2024-10-23 21:14,99.0
2024-10-23 22:42,94.0
2024-10-23 23:47,98.0
2024-10-24 00:22,97.0
2024-10-24 01:04,97.0
2024-10-24 01:48,98.0
2024-10-24 05:45,100.0
2024-10-24 10:22,96.0
2024-10-24 13:20,97.0
2024-10-24 14:00,96.0
2024-10-24 15:25,97.0
2024-10-24 17:52,97.0
2024-10-24 18:53,98.0
2024-10-24 19:53,97.0
2024-10-24 20:46,99.0
2024-10-24 21:46,99.0
2024-10-24 23:01,96.0
2024-10-24 23:31,98.0
2024-10-25 00:01,98.0
2024-10-25 07:47,100.0
2024-10-25 08:39,100.0
2024-10-25 11:02,99.0
2024-10-25 16:47,95.0
2024-10-25 22:23,100.0
2024-10-25 23:23,96.0
2024-10-25 23:53,99.0
2024-10-28 09:46,95.0
2024-10-28 10:20,96.0
2024-10-28 10:51,100.0
2024-10-28 14:28,98.0
2024-10-28 20:39,98.0
2024-10-28 21:10,100.0
2024-10-29 08:16,100.0
2024-10-29 09:16,97.0
2024-10-29 18:42,95.0
2024-10-29 19:43,99.0
2024-10-29 20:14,98.0
2024-10-30 06:06,97.0
2024-10-30 07:49,100.0
2024-10-30 08:50,98.0
2024-10-30 11:38,95.0
2024-10-30 13:39,99.0
2024-10-30 14:09,100.0
2024-10-30 18:31,96.0
2024-10-30 19:35,95.0
2024-10-30 20:36,100.0
2024-11-01 07:46,95.0
2024-11-01 08:46,99.0
2024-11-01 09:24,98.0
2024-11-01 09:55,100.0
2024-11-01 10:32,100.0
2024-11-01 11:02,99.0
2024-11-01 13:31,100.0
2024-11-01 18:49,100.0
2024-11-01 19:49,100.0
2024-11-01 20:51,97.0
2024-11-01 21:21,97.0
2024-11-01 21:51,96.0
2024-11-01 23:29,98.0
2024-11-01 23:59,97.0
2024-11-02 00:29,99.0
2024-11-02 00:59,98.0
2024-11-02 01:29,98.0
2024-11-02 01:59,99.0
2024-11-02 02:29,95.0
2024-11-02 02:59,99.0
2024-11-02 03:29,96.0
2024-11-02 03:59,98.0
2024-11-02 04:29,98.0
2024-11-02 05:16,97.0
2024-11-05 09:53,98.0
2024-11-05 13:13,97.0
2024-11-05 19:56,98.0
2024-11-05 21:28,96.0
2024-11-06 07:53,98.0
2024-11-06 08:55,98.0
2024-11-06 09:37,99.0
2024-11-06 14:50,96.0
2024-11-06 18:47,96.0
2024-11-06 19:46,99.0
2024-11-06 20:50,100.0
2024-11-06 21:24,93.0
2024-11-07 09:04,95.0
2024-11-07 10:06,97.0
2024-11-07 10:37,99.0
2024-11-08 19:39,99.0
2024-11-08 20:42,97.0
2024-11-08 21:12,99.0
2024-11-09 07:44,96.0
2024-11-09 08:17,95.0
2024-11-09 08:50,99.0
2024-11-09 13:46,99.0
2024-11-09 14:57,97.0
2024-11-09 16:21,92.0
2024-11-09 17:58,100.0
2024-11-09 23:12,100.0
2024-11-09 23:50,98.0
2024-11-10 00:20,96.0
2024-11-10 01:20,96.0
2024-11-10 01:50,99.0
2024-11-10 02:50,100.0
2024-11-10 03:20,99.0
2024-11-10 03:50,97.0
2024-11-10 04:20,99.0
2024-11-10 04:50,98.0
2024-11-10 05:20,98.0
2024-11-10 05:50,96.0
2024-11-10 06:22,92.0
2024-11-10 06:59,99.0
2024-11-10 09:12,97.0
2024-11-11 09:30,100.0
2024-11-11 11:51,98.0
2024-11-11 14:50,100.0
2024-11-11 16:35,96.0
2024-11-11 18:41,98.0
2024-11-11 19:46,99.0
2024-11-11 20:55,96.0
2024-11-11 22:15,96.0
2024-11-11 22:45,97.0
2024-11-11 23:29,96.0
2024-11-12 00:33,99.0
2024-11-12 01:33,99.0
2024-11-12 03:46,94.0
2024-11-12 04:47,96.0
2024-11-12 05:32,98.0
2024-11-12 06:02,98.0
2024-11-12 09:36,100.0
2024-11-13 06:59,100.0
2024-11-13 10:40,99.0
2024-11-13 11:10,100.0
2024-11-13 19:32,99.0
2024-11-13 20:32,98.0
2024-11-13 21:08,97.0
2024-11-13 21:44,96.0
2024-11-14 09:12,96.0
2024-11-14 16:35,98.0
2024-11-14 17:38,99.0
2024-11-14 18:38,98.0
2024-11-14 21:00,98.0
2024-11-14 21:31,99.0
2024-11-14 22:01,98.0
2024-11-15 08:00,97.0
2024-11-15 09:34,98.0
2024-11-15 12:43,98.0
2024-11-15 13:13,98.0
2024-11-15 19:40,97.0
2024-11-15 19:40,95.0
2024-11-15 20:46,97.0
2024-11-15 22:06,100.0
2024-11-16 00:06,98.0
2024-11-16 01:06,100.0
2024-11-16 01:45,97.0
2024-11-16 02:37,97.0
2024-11-16 03:07,97.0
2024-11-16 03:43,97.0
2024-11-16 04:13,99.0
2024-11-16 04:46,98.0
2024-11-16 05:16,100.0
2024-11-16 06:16,99.0
2024-11-16 06:49,94.0
2024-11-18 09:24,98.0
2024-11-18 13:02,100.0
2024-11-18 14:48,94.0
2024-11-18 16:12,99.0
2024-11-18 17:47,99.0
2024-11-18 18:39,100.0
2024-11-18 20:09,99.0
2024-11-18 20:54,99.0
2024-11-18 21:34,98.0
2024-11-19 00:17,97.0
2024-11-19 00:47,98.0
2024-11-19 01:17,96.0
2024-11-19 01:48,95.0
2024-11-19 02:18,99.0
2024-11-19 02:48,98.0
2024-11-19 03:21,100.0
2024-11-19 03:51,100.0
2024-11-19 04:37,97.0
2024-11-19 05:07,100.0
2024-11-19 05:40,97.0
2024-11-19 06:40,100.0
2024-11-19 07:40,98.0
2024-11-20 08:54,99.0
2024-11-20 10:38,100.0
2024-11-20 11:08,95.0
2024-11-20 12:10,98.0
2024-11-20 13:42,97.0
2024-11-20 17:57,100.0
2024-11-20 20:40,97.0
2024-11-20 21:31,99.0
2024-11-20 23:31,100.0
2024-11-21 00:06,97.0
2024-11-21 01:35,94.0
2024-11-21 02:05,100.0
2024-11-21 02:35,100.0
2024-11-21 03:05,100.0
2024-11-21 03:35,98.0
2024-11-21 04:05,94.0
2024-11-21 08:09,100.0
2024-11-22 08:19,96.0
2024-11-22 09:18,99.0
2024-11-22 09:49,99.0
2024-11-22 11:55,96.0
2024-11-22 13:37,100.0
2024-11-22 17:36,95.0
2024-11-22 20:44,97.0
2024-11-22 21:22,96.0
2024-11-22 22:22,97.0
2024-11-22 23:12,98.0
2024-11-23 00:07,93.0
2024-11-23 00:37,99.0
2024-11-23 01:19,95.0
2024-11-23 01:49,96.0
2024-11-23 02:19,95.0
2024-11-23 02:49,95.0
2024-11-23 03:49,100.0
2024-11-23 04:33,96.0
2024-11-23 05:04,99.0
2024-11-23 05:34,100.0
2024-11-23 06:25,99.0
2024-11-25 08:41,94.0
2024-11-25 09:31,97.0
2024-11-25 10:01,100.0
2024-11-25 11:40,98.0
2024-11-25 16:37,100.0
2024-11-25 21:50,98.0
2024-11-25 23:33,99.0
2024-11-26 00:03,99.0
2024-11-26 01:03,99.0
2024-11-26 01:36,96.0
2024-11-26 02:06,100.0
2024-11-26 02:36,100.0
2024-11-26 03:06,100.0
2024-11-26 03:36,100.0
2024-11-26 04:40,94.0
2024-11-26 05:10,100.0
2024-11-26 05:46,95.0
2024-11-27 08:10,100.0
2024-11-27 13:17,98.0
2024-11-27 20:45,99.0
2024-11-27 21:15,98.0
2024-11-27 21:45,98.0
2024-11-27 22:15,98.0
2024-11-27 22:45,100.0
2024-11-27 23:15,100.0
2024-11-27 23:45,100.0
2024-11-28 00:53,96.0
2024-11-28 07:55,100.0
2024-11-28 08:27,99.0
2024-11-28 09:52,98.0
2024-11-28 09:53,99.0
2024-11-28 12:10,98.0
2024-11-28 17:30,98.0
2024-11-28 18:46,97.0
2024-11-28 21:53,99.0
2024-11-28 22:23,99.0
2024-11-28 22:53,97.0
2024-11-28 23:23,97.0
2024-11-30 18:24,99.0
2024-11-30 21:04,100.0
2024-11-30 22:49,95.0
2024-11-30 23:19,98.0
2024-11-30 23:49,97.0
2024-12-01 00:19,98.0
2024-12-01 01:19,99.0
2024-12-01 02:28,99.0
2024-12-01 02:58,99.0
2024-12-01 03:28,98.0
2024-12-01 04:03,99.0
2024-12-01 04:43,99.0
2024-12-01 05:13,98.0
2024-12-01 05:43,100.0
2024-12-01 06:13,97.0
2024-12-01 06:43,100.0
2024-12-01 07:31,98.0
2024-12-01 12:06,97.0
2024-12-04 07:43,98.0
2024-12-04 15:00,99.0
2024-12-04 15:44,100.0
2024-12-04 18:21,100.0
2024-12-04 19:22,97.0
2024-12-04 19:53,98.0
2024-12-04 20:26,98.0
2024-12-04 21:58,96.0
2024-12-04 22:49,100.0
2024-12-04 23:20,99.0
2024-12-04 23:51,100.0
2024-12-05 00:51,99.0
2024-12-05 01:21,95.0
2024-12-05 01:51,100.0
2024-12-05 02:21,98.0
2024-12-05 02:56,100.0
2024-12-05 03:36,96.0
2024-12-05 04:06,98.0
2024-12-05 04:36,95.0
2024-12-05 05:06,100.0
2024-12-05 05:36,96.0
2024-12-05 06:06,98.0
2024-12-23 13:30,97.0
2024-12-23 18:18,95.0
2024-12-23 22:19,94.0
2024-12-23 23:19,94.0
2024-12-24 00:19,96.0
2024-12-24 01:13,90.0
2024-12-24 01:45,97.0
2024-12-24 02:15,95.0
2024-12-24 02:45,93.0
2024-12-24 03:15,96.0
2024-12-24 03:45,96.0
2024-12-24 04:15,92.0
2024-12-24 04:45,94.0
2024-12-24 05:47,95.0
2024-12-24 06:24,96.0
2024-12-24 07:51,96.0
2024-12-24 08:26,93.0
2024-12-24 09:02,92.0
2025-02-18 16:25,96.0
2025-02-18 16:56,96.0
2025-02-18 17:27,99.0
2025-06-09 17:09,94.0
2025-06-09 20:11,98.0
2025-06-09 21:11,99.0
2025-06-09 21:41,99.0
2025-06-09 22:11,96.0
2025-06-09 22:43,96.0
2025-06-09 23:13,100.0
2025-06-10 00:26,96.0
2025-06-10 00:57,96.0
2025-06-10 01:27,99.0
2025-06-10 01:57,91.0
2025-06-10 02:56,99.0
2025-06-10 03:26,98.0
2025-06-10 03:56,97.0
2025-06-10 04:26,99.0
2025-06-10 04:56,98.0
2025-06-10 07:55,98.0
2025-06-10 11:21,96.0
2025-06-10 13:33,94.0
2025-06-10 16:03,98.0
2025-06-10 17:04,95.0
2025-06-10 19:26,97.0
2025-06-10 20:07,98.0
2025-06-10 20:47,97.0
2025-06-10 21:47,96.0
2025-06-10 22:17,97.0
2025-06-10 23:01,97.0
2025-06-10 23:01,97.0
2025-06-11 00:01,94.0
2025-06-11 01:14,96.0
2025-06-11 01:44,98.0
2025-06-11 02:19,97.0
2025-06-11 02:49,98.0
2025-06-11 03:20,96.0
2025-06-11 03:50,96.0
2025-06-11 04:23,95.0
2025-06-11 05:23,96.0
2025-06-11 05:53,99.0
2025-06-11 06:23,98.0
2025-06-11 06:53,96.0
2025-06-11 07:23,97.0
2025-06-11 08:13,96.0
2025-06-11 09:58,99.0
2025-06-11 11:00,95.0
2025-06-11 11:30,98.0
2025-06-11 22:05,97.0
2025-06-11 23:01,97.0
2025-06-11 23:36,96.0
2025-06-12 00:06,100.0
2025-06-12 00:36,97.0
2025-06-12 01:06,96.0
2025-06-12 01:36,97.0
2025-06-12 02:06,95.0
2025-06-12 02:44,98.0
2025-06-12 03:14,98.0
2025-06-12 04:26,98.0
2025-06-12 07:02,100.0
2025-06-12 15:25,96.0
2025-06-12 16:53,98.0
2025-06-13 09:25,97.0
2025-06-13 10:27,99.0
2025-06-13 11:07,100.0
2025-06-13 13:08,97.0
2025-06-13 15:22,97.0
2025-06-13 16:42,96.0
2025-06-13 18:44,100.0
2025-06-13 19:17,97.0
2025-06-13 20:17,100.0
2025-06-13 20:50,97.0
2025-06-14 04:58,96.0
2025-06-14 12:13,96.0
2025-06-14 14:27,98.0
2025-06-14 15:10,99.0
2025-06-14 15:40,96.0
2025-06-14 16:40,100.0
2025-06-14 17:41,96.0
2025-06-14 18:40,97.0
2025-06-14 21:36,97.0
2025-06-14 22:06,97.0
2025-06-14 22:36,96.0
2025-06-14 23:12,99.0
2025-06-14 23:42,100.0
2025-06-15 00:12,97.0
2025-06-15 00:42,99.0
2025-06-15 01:44,98.0
2025-06-15 02:44,98.0
2025-06-15 03:25,98.0
2025-06-15 03:55,97.0
2025-06-15 04:25,98.0
2025-06-15 07:11,99.0
2025-06-15 07:44,97.0
2025-06-15 18:16,97.0
2025-06-15 18:53,97.0
2025-06-15 19:53,100.0
2025-06-15 20:47,99.0
2025-06-15 21:17,99.0
2025-06-15 21:47,99.0
2025-06-15 22:17,95.0
2025-06-15 22:47,97.0
2025-06-15 23:17,99.0
2025-06-15 23:47,98.0
2025-06-16 00:24,98.0
2025-06-16 00:55,98.0
2025-06-16 01:38,95.0
2025-06-16 02:09,99.0
2025-06-16 02:39,97.0
2025-06-16 03:09,96.0
2025-06-16 03:39,99.0
2025-06-16 04:09,97.0
2025-06-16 04:39,99.0
2025-06-16 06:00,96.0
2025-06-16 09:29,98.0
2025-06-16 10:00,95.0
2025-06-16 20:57,97.0
2025-06-16 20:58,98.0
2025-06-16 21:57,99.0
2025-06-16 22:27,96.0
2025-06-16 22:58,94.0
2025-06-16 23:28,96.0
2025-06-16 23:58,97.0
2025-06-17 00:49,95.0
2025-06-17 01:19,100.0
2025-06-17 03:01,97.0
2025-06-17 03:31,100.0
2025-06-17 04:02,96.0
2025-06-17 04:32,100.0
2025-06-17 05:32,96.0
2025-06-17 10:07,99.0
2025-06-17 11:11,100.0
2025-06-17 11:41,98.0
2025-06-17 12:13,97.0
2025-06-17 20:06,95.0
2025-06-17 20:06,94.0
2025-06-17 21:06,96.0
2025-06-17 21:36,97.0
2025-06-17 22:12,99.0
2025-06-17 22:42,97.0
2025-06-17 23:12,97.0
2025-06-17 23:42,97.0
2025-06-18 00:12,95.0
2025-06-18 00:42,96.0
2025-06-18 01:12,97.0
2025-06-18 01:42,96.0
2025-06-18 02:19,95.0
2025-06-18 02:58,97.0
2025-06-18 03:28,98.0
2025-06-18 03:58,99.0
2025-06-18 04:38,96.0
2025-06-18 06:19,100.0
2025-06-18 06:53,99.0
2025-06-18 07:23,97.0
2025-06-18 10:38,98.0
2025-06-18 11:17,97.0
2025-06-18 12:18,98.0
2025-06-18 13:19,99.0
2025-06-18 14:52,99.0
2025-06-18 17:43,96.0
2025-06-18 18:19,99.0
2025-06-18 18:52,98.0
2025-06-18 20:48,96.0
2025-06-18 21:18,100.0
2025-06-18 21:48,96.0
2025-06-18 22:18,99.0
2025-06-18 22:48,99.0
2025-06-18 23:18,98.0
2025-06-18 23:48,100.0
2025-06-19 00:43,97.0
2025-06-19 01:13,97.0
2025-06-19 01:43,98.0
2025-06-19 02:32,96.0
2025-06-19 03:03,98.0
2025-06-19 03:33,94.0
2025-06-19 04:03,99.0
2025-06-19 04:35,99.0
2025-06-19 05:36,99.0
2025-06-19 08:57,96.0
2025-06-19 11:42,100.0
2025-06-19 13:13,91.0
2025-06-19 14:04,97.0
2025-06-19 14:34,90.0
2025-06-19 15:13,97.0
2025-06-19 20:41,95.0
2025-06-19 21:40,96.0
2025-06-19 22:10,100.0
2025-06-19 22:40,99.0
2025-06-19 23:12,96.0
2025-06-19 23:42,98.0
2025-06-20 00:12,98.0
2025-06-20 00:45,96.0
2025-06-20 01:15,95.0
2025-06-20 01:45,96.0
2025-06-20 03:10,99.0
2025-06-20 03:40,95.0
2025-06-20 04:37,94.0
2025-06-20 06:18,94.0
2025-06-20 07:18,98.0
2025-06-20 12:35,95.0
2025-06-20 19:34,97.0
2025-06-20 20:04,99.0
2025-06-20 20:34,95.0
2025-06-20 21:04,96.0
2025-06-20 21:38,100.0
2025-06-20 22:08,99.0
2025-06-20 22:38,98.0
2025-06-20 23:27,97.0
2025-06-20 23:57,97.0
2025-06-21 00:29,97.0
2025-06-21 00:59,98.0
2025-06-21 01:46,97.0
2025-06-21 02:16,100.0
2025-06-21 02:47,99.0
2025-06-21 03:22,97.0
2025-06-21 03:52,97.0
2025-06-21 04:22,99.0
2025-06-21 07:06,95.0
2025-06-21 10:35,99.0
2025-06-21 13:13,100.0
2025-06-21 13:13,100.0
2025-06-21 14:25,96.0
2025-06-22 04:32,97.0
2025-06-22 05:36,100.0
2025-06-22 06:08,97.0
2025-06-22 08:22,97.0
2025-06-22 09:32,100.0
2025-06-22 10:43,98.0
2025-06-22 11:44,98.0
2025-06-22 13:24,100.0
2025-06-22 13:54,99.0
2025-06-22 14:24,100.0
2025-06-22 14:55,99.0
2025-06-22 18:38,97.0
2025-06-22 19:32,100.0
2025-06-22 20:02,96.0
2025-06-22 20:32,98.0
2025-06-22 21:08,98.0
2025-06-22 21:38,98.0
2025-06-22 22:08,100.0
2025-06-22 22:38,98.0
2025-06-22 23:08,97.0
2025-06-22 23:38,98.0
2025-06-23 00:09,98.0
2025-06-23 00:39,98.0
2025-06-23 01:11,99.0
2025-06-23 02:37,96.0
2025-06-23 03:07,97.0
2025-06-23 03:37,98.0
2025-06-23 06:33,97.0
2025-06-23 07:04,99.0
2025-06-23 07:35,98.0
2025-06-23 08:13,96.0
2025-06-23 08:44,98.0
2025-06-23 09:17,94.0
2025-06-23 10:35,100.0
2025-06-23 14:08,98.0
2025-06-23 15:28,97.0
2025-06-23 18:31,98.0
2025-06-23 19:04,95.0
2025-06-23 19:41,95.0
2025-06-23 20:11,98.0
2025-06-24 09:02,99.0
2025-06-24 10:30,97.0
2025-06-24 11:29,97.0
2025-06-24 12:00,99.0
2025-06-24 12:32,99.0
2025-06-24 13:04,98.0
2025-06-24 13:37,96.0
2025-06-24 14:10,98.0
2025-06-24 15:19,99.0
2025-06-24 15:51,97.0
2025-06-24 16:51,99.0
2025-06-24 17:41,97.0
2025-06-24 18:11,97.0
2025-06-24 18:41,100.0
2025-06-24 19:15,97.0
2025-06-24 19:51,97.0
2025-06-24 20:21,97.0
2025-06-24 21:03,97.0
2025-06-24 21:33,98.0
2025-06-24 22:03,99.0
2025-06-24 22:33,97.0
2025-06-24 23:03,96.0
2025-06-24 23:33,99.0
2025-06-25 00:03,99.0
2025-06-25 00:37,100.0
2025-06-25 01:07,100.0
2025-06-25 01:37,100.0
2025-06-25 09:43,95.0
2025-06-25 10:42,98.0
2025-06-25 15:10,95.0
2025-06-25 15:49,100.0
2025-06-25 19:24,99.0
2025-06-25 21:09,98.0
2025-06-25 21:39,98.0
2025-06-25 22:09,96.0
2025-06-25 22:39,96.0
2025-06-25 23:14,98.0
2025-06-25 23:44,99.0
2025-06-26 00:14,100.0
2025-06-26 00:44,96.0
2025-06-26 02:00,98.0
2025-06-26 03:15,97.0
2025-06-26 03:47,96.0
2025-06-26 04:17,98.0
2025-06-26 04:53,99.0
2025-06-26 05:39,98.0
2025-06-26 10:01,97.0
2025-06-26 10:51,97.0
2025-06-26 11:48,98.0
2025-06-26 12:48,100.0
2025-06-26 14:14,99.0
2025-06-26 14:56,99.0
2025-06-26 17:01,98.0
2025-06-26 17:42,99.0
2025-06-26 20:29,100.0
2025-06-26 20:30,100.0
2025-06-26 21:47,100.0
2025-06-26 22:17,100.0
2025-06-26 22:50,99.0
2025-06-26 23:20,97.0
2025-06-26 23:50,95.0
2025-06-27 00:20,97.0
2025-06-27 00:50,95.0
2025-06-27 01:44,99.0
2025-06-27 02:14,98.0
2025-06-27 02:44,98.0
2025-06-27 03:14,99.0
2025-06-27 03:44,96.0
2025-06-27 04:44,97.0
2025-06-27 05:14,97.0
2025-06-27 06:24,97.0
2025-06-27 11:21,97.0
2025-06-27 13:49,94.0
2025-06-27 15:22,98.0
2025-06-27 16:41,97.0
2025-06-27 19:40,99.0
2025-06-28 15:01,98.0
2025-06-28 15:31,98.0
2025-06-28 17:10,97.0
2025-06-28 19:44,100.0
2025-06-28 21:05,96.0
2025-06-28 21:35,97.0
2025-06-28 22:12,97.0
2025-06-28 23:38,97.0
2025-06-29 00:08,96.0
2025-06-29 00:38,97.0
2025-06-29 01:23,95.0
2025-06-29 01:53,98.0
2025-06-29 02:53,98.0
2025-06-29 03:23,98.0
2025-06-29 03:53,100.0
2025-06-29 04:37,96.0
2025-06-30 04:29,95.0
2025-06-30 07:17,95.0
2025-06-30 07:47,100.0
2025-06-30 08:17,99.0
2025-06-30 09:57,98.0
2025-06-30 10:55,97.0
2025-06-30 11:25,98.0
2025-06-30 12:05,97.0
2025-06-30 12:38,100.0
2025-06-30 13:15,98.0
2025-06-30 15:37,95.0
2025-06-30 16:44,98.0
2025-06-30 19:01,98.0
2025-06-30 19:40,96.0
2025-06-30 20:51,98.0
2025-06-30 22:10,97.0
2025-06-30 22:40,96.0
2025-06-30 23:10,93.0
2025-06-30 23:41,94.0
2025-07-01 00:15,97.0
2025-07-01 01:04,97.0
2025-07-01 01:34,99.0
2025-07-01 02:04,98.0
2025-07-01 02:34,94.0
2025-07-01 03:04,99.0
2025-07-01 03:34,98.0
2025-07-01 04:08,100.0
2025-07-02 06:36,93.0
2025-07-02 07:09,98.0
2025-07-02 07:09,97.0
2025-07-02 09:41,96.0
2025-07-02 12:04,99.0
2025-07-02 13:08,91.0
2025-07-02 14:40,99.0
2025-07-02 16:22,97.0
2025-07-02 17:20,98.0
2025-07-02 17:54,97.0
2025-07-02 18:24,97.0
2025-07-02 18:54,99.0
2025-07-02 19:24,98.0
2025-07-02 19:55,96.0
2025-07-02 20:29,97.0
2025-07-03 10:03,96.0
2025-07-03 10:56,99.0
2025-07-03 11:27,100.0
2025-07-03 11:57,99.0
2025-07-03 12:27,96.0
2025-07-03 13:18,99.0
2025-07-03 13:49,99.0
2025-07-03 14:22,95.0
2025-07-03 17:03,100.0
2025-07-03 19:04,97.0
2025-07-03 19:34,97.0
2025-07-03 20:04,96.0
2025-07-03 20:34,98.0
2025-07-04 09:51,98.0
2025-07-04 10:21,96.0
2025-07-04 10:53,98.0
2025-07-04 11:57,98.0
2025-07-04 12:57,97.0
2025-07-04 14:19,97.0
2025-07-04 15:59,100.0
2025-07-04 17:33,97.0
2025-07-04 18:11,99.0
2025-07-04 20:27,97.0
2025-07-04 21:28,98.0
2025-07-07 11:35,96.0
2025-07-07 13:12,96.0
2025-07-07 13:42,98.0
2025-07-07 14:12,97.0
2025-07-07 14:12,97.0
2025-07-07 15:21,97.0
2025-07-07 17:43,96.0
2025-07-07 17:43,99.0
2025-07-07 18:45,98.0
2025-07-07 20:29,96.0
2025-07-08 14:39,97.0
2025-07-08 15:58,99.0
2025-07-08 17:04,95.0
2025-07-08 17:37,98.0
2025-07-08 18:07,99.0
2025-07-08 19:39,99.0
2025-07-08 20:09,100.0
2025-07-08 20:40,99.0
2025-07-09 05:44,99.0
2025-07-09 06:28,95.0
2025-07-09 07:03,99.0
2025-07-09 08:36,96.0
2025-07-09 09:25,98.0
2025-07-09 09:56,100.0
2025-07-09 11:27,98.0
2025-07-09 12:02,97.0
2025-07-09 13:04,98.0
2025-07-09 13:34,98.0
2025-07-09 14:04,98.0
2025-07-09 15:17,99.0
2025-07-09 17:21,99.0
2025-07-09 18:41,97.0
2025-07-09 19:14,96.0
2025-07-09 19:45,97.0
2025-07-09 20:15,93.0
2025-07-09 20:45,97.0
2025-07-11 06:06,99.0
2025-07-11 07:13,99.0
2025-07-11 09:05,97.0
2025-07-11 09:41,98.0
2025-07-11 10:12,98.0
2025-07-11 11:23,99.0
2025-07-11 13:08,96.0
2025-07-11 15:50,100.0
2025-07-11 17:18,98.0
2025-07-11 18:35,98.0
2025-07-11 18:35,98.0
2025-07-11 19:39,98.0
2025-07-11 20:09,96.0
2025-07-11 21:26,98.0
2025-07-11 22:15,98.0
2025-07-11 22:45,97.0
2025-07-11 23:15,100.0
2025-07-11 23:45,98.0
2025-07-12 00:15,97.0
2025-07-12 00:45,99.0
2025-07-12 01:15,97.0
2025-07-12 02:29,98.0
2025-07-12 03:09,96.0
2025-07-12 03:53,96.0
2025-07-12 04:23,98.0
2025-07-12 04:53,97.0
2025-07-12 05:23,97.0
2025-07-14 06:23,94.0
2025-07-14 07:09,100.0
2025-07-14 08:47,98.0
2025-07-14 09:34,98.0
2025-07-14 10:07,95.0
2025-07-14 10:38,97.0
2025-07-14 11:12,96.0
2025-07-14 11:45,98.0
2025-07-14 12:16,92.0
2025-07-14 13:18,99.0
2025-07-14 15:05,98.0
2025-07-14 15:35,100.0
2025-07-14 16:37,93.0
2025-07-14 17:20,97.0
2025-07-14 18:12,97.0
2025-07-14 19:12,98.0
2025-07-14 19:56,99.0
2025-07-15 06:16,97.0
2025-07-15 08:56,95.0
2025-07-15 09:33,100.0
2025-07-15 11:30,99.0
2025-07-15 12:32,98.0
2025-07-15 14:06,98.0
2025-07-15 16:29,96.0
2025-07-15 17:31,96.0
2025-07-15 18:40,96.0
2025-07-15 19:40,96.0
2025-07-15 20:39,96.0
2025-07-15 21:10,95.0
2025-07-15 21:42,99.0
2025-07-15 22:12,96.0
2025-07-15 22:42,93.0
2025-07-15 23:12,98.0
2025-07-16 00:17,96.0
2025-07-16 00:47,97.0
2025-07-16 01:17,97.0
2025-07-16 01:47,100.0
2025-07-16 02:17,97.0
2025-07-16 03:00,97.0
2025-07-16 03:33,99.0
2025-07-16 07:28,99.0
2025-07-16 07:58,98.0
2025-07-16 09:12,97.0
2025-07-16 10:12,99.0
2025-07-16 11:09,98.0
2025-07-17 07:09,96.0
2025-07-17 08:10,100.0
2025-07-17 08:42,100.0
2025-07-17 10:14,99.0
2025-07-17 12:21,93.0
2025-07-17 13:52,97.0
2025-07-17 14:23,99.0
2025-07-17 15:28,90.0
2025-07-17 17:58,95.0
2025-07-17 18:30,98.0
2025-07-17 18:31,98.0
2025-07-17 19:38,99.0
2025-07-17 20:09,99.0
2025-07-19 10:24,95.0
2025-07-19 13:54,95.0
2025-07-19 20:55,99.0
2025-07-19 23:40,100.0
2025-07-20 00:10,100.0
2025-07-20 00:40,99.0
2025-07-20 03:06,98.0
2025-07-20 03:36,97.0
2025-07-20 04:08,99.0
2025-07-20 04:40,97.0
2025-07-21 05:10,100.0
2025-07-21 06:13,97.0
2025-07-21 07:23,95.0
2025-07-21 09:19,96.0
2025-07-21 12:12,98.0
2025-07-21 12:54,97.0
2025-07-21 13:25,97.0
2025-07-22 13:05,98.0
2025-07-22 15:00,99.0
2025-07-22 16:05,98.0
2025-07-22 19:09,98.0
2025-07-23 07:14,99.0
2025-07-23 09:46,96.0
2025-07-23 10:17,98.0
2025-07-23 11:08,100.0
2025-07-23 12:19,98.0
2025-07-23 13:19,99.0
2025-07-23 14:27,99.0
2025-07-23 15:16,100.0
2025-07-23 16:25,98.0
2025-07-23 17:21,100.0
2025-07-23 17:51,98.0
2025-07-23 18:21,96.0
2025-07-24 11:06,99.0
2025-07-24 13:54,97.0
2025-07-24 15:12,98.0
2025-07-24 15:53,99.0
2025-07-24 19:31,99.0
2025-07-24 20:28,97.0
2025-07-24 20:58,99.0
2025-07-24 21:28,98.0
2025-07-24 21:58,98.0
2025-07-24 22:28,100.0
2025-07-24 22:58,96.0
2025-07-24 23:28,96.0
2025-07-24 23:58,100.0
2025-07-25 00:28,99.0
2025-07-25 00:58,97.0
2025-07-25 01:28,100.0
2025-07-25 01:58,96.0
2025-07-25 02:28,96.0
2025-07-25 03:06,98.0
2025-07-25 03:36,98.0
2025-07-25 04:07,97.0
2025-07-28 06:59,98.0
2025-07-28 06:59,99.0
2025-07-28 08:55,97.0
2025-07-28 09:57,97.0
2025-07-28 10:30,97.0
2025-07-28 14:56,96.0
2025-07-28 16:30,99.0
2025-07-28 17:46,97.0
2025-07-28 18:23,98.0
2025-07-28 18:53,97.0
2025-07-28 19:23,97.0
2025-07-28 20:02,96.0
2025-07-28 21:33,96.0
2025-07-28 22:12,97.0
2025-07-28 22:42,95.0
2025-07-28 23:12,97.0
2025-07-28 23:51,100.0
2025-07-29 00:21,98.0
2025-07-29 00:51,96.0
2025-07-29 01:21,99.0
2025-07-29 01:51,99.0
2025-07-29 02:21,99.0
2025-07-29 02:51,97.0
2025-07-29 03:21,100.0
2025-07-29 03:51,100.0
2025-07-29 04:21,98.0
2025-07-29 04:52,96.0
2025-07-29 05:24,94.0
2025-07-29 07:12,98.0
2025-07-29 08:47,96.0
2025-07-29 09:49,97.0
2025-07-29 10:49,100.0
2025-07-30 06:21,99.0
2025-07-30 08:29,97.0
2025-07-30 08:59,95.0
2025-07-30 10:22,98.0
2025-07-30 11:25,96.0
2025-07-30 11:55,97.0
2025-07-30 14:43,99.0
2025-07-30 17:13,98.0
2025-07-30 18:06,100.0
2025-07-30 19:49,96.0
2025-07-30 20:33,100.0
2025-07-30 21:03,97.0
2025-07-31 11:35,97.0
2025-07-31 13:29,97.0
2025-07-31 14:30,98.0
2025-07-31 18:00,98.0
2025-07-31 18:59,97.0
2025-07-31 20:21,100.0
2025-07-31 21:19,100.0
2025-08-03 18:08,99.0
2025-08-03 19:08,95.0
2025-08-03 19:42,99.0
2025-08-03 20:16,98.0
2025-08-03 20:46,99.0
2025-08-04 10:30,98.0
2025-08-04 11:01,98.0
2025-08-04 12:50,96.0
2025-08-04 14:32,100.0
2025-08-04 15:02,99.0
2025-08-04 16:10,96.0
2025-08-04 18:09,97.0
2025-08-05 06:33,98.0
2025-08-05 07:09,97.0
2025-08-05 07:39,98.0
2025-08-05 08:09,98.0
2025-08-05 09:12,98.0
2025-08-05 12:10,97.0
2025-08-05 14:11,99.0
2025-08-05 16:20,97.0
2025-08-05 17:26,98.0
2025-08-05 18:23,97.0
2025-08-05 19:26,100.0
2025-08-05 19:58,99.0
2025-08-07 07:05,99.0
2025-08-07 16:24,96.0
2025-08-07 17:29,100.0
2025-08-07 18:02,100.0
2025-08-07 18:33,96.0
2025-08-07 19:33,97.0
2025-08-08 07:46,97.0
2025-08-10 08:32,99.0
2025-08-10 13:54,100.0
2025-08-10 14:24,96.0
2025-08-10 15:30,98.0
2025-08-10 16:54,99.0
2025-08-10 17:59,96.0
2025-08-10 19:43,97.0
2025-08-10 20:13,98.0
2025-08-10 20:43,99.0
2025-08-10 21:16,99.0
2025-08-10 22:16,96.0
2025-08-10 22:46,100.0
2025-08-10 23:16,100.0
2025-08-10 23:46,97.0
2025-08-11 00:16,99.0
2025-08-11 00:46,100.0
2025-08-11 01:16,99.0
2025-08-11 01:46,99.0
2025-08-11 02:16,98.0
2025-08-11 02:46,98.0
2025-08-11 03:16,96.0
2025-08-11 04:15,98.0
2025-08-11 06:09,99.0
2025-08-11 09:30,97.0
2025-08-11 10:03,97.0
2025-08-11 10:40,96.0
2025-08-11 12:59,95.0
2025-08-11 14:00,98.0
2025-08-11 14:30,98.0
2025-08-12 06:01,95.0
2025-08-12 06:39,97.0
2025-08-12 08:20,96.0
2025-08-12 08:21,96.0
2025-08-12 10:21,100.0
2025-08-12 13:55,98.0
2025-08-12 14:29,96.0
2025-08-12 15:46,94.0
2025-08-12 18:02,98.0
2025-08-12 19:11,96.0
2025-08-12 20:00,97.0
2025-08-12 21:03,94.0
2025-08-12 21:34,98.0
2025-08-12 22:04,94.0
2025-08-13 05:12,96.0
2025-08-13 05:43,95.0
2025-08-13 08:54,98.0
2025-08-13 11:36,99.0
2025-08-13 12:36,98.0
2025-08-13 13:36,97.0
2025-08-13 14:07,100.0
2025-08-13 18:14,99.0
2025-08-13 19:22,98.0
2025-08-13 19:57,96.0
2025-08-13 20:35,97.0
2025-08-13 21:06,98.0
2025-08-14 09:23,95.0
2025-08-14 10:56,94.0
2025-08-14 11:57,98.0
2025-08-14 14:23,98.0
2025-08-14 15:56,99.0
2025-08-14 17:02,98.0
2025-08-14 17:45,100.0
2025-08-14 18:45,97.0
2025-08-14 19:19,99.0
2025-08-14 19:49,99.0
2025-08-14 20:19,99.0
2025-08-14 20:50,100.0
2025-08-15 06:58,98.0
2025-08-15 09:23,97.0
2025-08-15 10:23,97.0
2025-08-15 11:36,99.0
2025-08-15 15:24,98.0
2025-08-15 16:57,99.0
2025-08-15 17:46,100.0
2025-08-15 18:17,98.0
2025-08-15 19:18,95.0
2025-08-15 20:19,98.0
2025-08-15 20:54,99.0
2025-08-15 21:24,98.0
2025-08-16 18:16,98.0
2025-08-16 20:25,98.0
2025-08-17 07:30,98.0
2025-08-17 10:25,100.0
2025-08-17 10:25,100.0
2025-08-17 12:22,93.0
2025-08-17 17:19,98.0
2025-08-17 18:19,98.0
2025-08-17 19:19,97.0
2025-08-17 20:25,99.0
2025-08-17 20:55,100.0
2025-08-17 21:26,96.0
2025-08-19 08:39,97.0
2025-08-19 09:10,97.0
2025-08-19 09:44,98.0
2025-08-19 11:50,99.0
2025-08-19 14:54,99.0
2025-08-19 16:52,98.0
2025-08-19 19:41,99.0
2025-08-19 20:41,99.0
2025-08-19 21:47,95.0
2025-08-19 22:37,99.0
2025-08-19 23:08,98.0
2025-08-19 23:38,95.0
2025-08-20 00:08,97.0
2025-08-20 06:40,100.0
2025-08-20 08:19,98.0
2025-08-20 09:19,100.0
2025-08-20 10:55,99.0
2025-08-20 14:37,97.0
2025-08-21 06:39,97.0
2025-08-21 15:17,99.0
2025-08-21 19:09,98.0
2025-08-21 21:41,92.0
2025-08-21 22:11,97.0
2025-08-21 22:41,95.0
2025-08-21 23:11,98.0
2025-08-21 23:41,97.0
2025-08-22 00:11,96.0
2025-08-22 00:41,94.0
2025-08-22 01:11,99.0
2025-08-22 01:41,96.0
2025-08-22 02:13,96.0
2025-08-22 02:43,93.0
2025-08-22 03:55,96.0
2025-08-22 04:28,98.0
2025-08-23 11:43,96.0
2025-08-23 12:13,95.0
2025-08-23 14:59,95.0
2025-08-23 16:47,97.0
2025-08-23 19:54,99.0
2025-08-23 20:38,100.0
2025-08-23 21:39,99.0
2025-08-23 22:09,99.0
2025-08-23 22:39,99.0
2025-08-23 23:25,96.0
2025-08-23 23:55,95.0
2025-08-24 00:25,93.0
2025-08-24 05:18,98.0
2025-08-24 07:24,98.0
2025-08-24 08:50,96.0
2025-08-24 10:21,92.0
2025-08-24 12:35,100.0
2025-08-24 14:07,96.0
2025-08-24 15:07,97.0
2025-08-24 15:37,95.0
2025-08-24 16:11,97.0
2025-08-24 18:27,99.0
2025-08-24 18:58,100.0
2025-08-24 19:29,96.0
2025-08-24 20:09,99.0
2025-08-24 20:39,99.0
2025-08-24 21:09,98.0
2025-08-25 05:30,94.0
2025-08-25 06:18,96.0
2025-08-25 07:42,92.0
2025-08-25 08:50,100.0
2025-08-25 09:20,96.0
2025-08-25 09:52,96.0
2025-08-25 10:52,98.0
2025-08-26 06:58,96.0
2025-08-26 09:16,98.0
2025-08-27 08:13,97.0
2025-08-27 08:49,95.0
2025-08-27 09:19,96.0
2025-08-27 10:21,97.0
2025-08-27 10:55,96.0
2025-08-28 07:06,97.0
2025-08-28 07:06,96.0
2025-08-28 08:30,97.0
2025-08-28 08:30,97.0
2025-08-28 09:33,100.0
2025-08-29 06:17,97.0
2025-08-29 07:01,99.0
2025-08-29 08:15,96.0
2025-08-29 10:26,96.0
2025-08-29 12:44,99.0
2025-08-29 13:45,98.0
2025-08-29 14:59,98.0
2025-08-30 08:44,98.0
2025-08-30 09:33,100.0
2025-08-30 10:28,97.0
2025-08-30 17:56,98.0
2025-08-30 18:38,100.0
2025-08-30 19:10,98.0
2025-08-30 19:40,98.0
2025-08-30 20:10,96.0
2025-08-30 20:47,98.0
2025-08-30 21:17,97.0
2025-08-30 21:47,99.0
2025-08-30 22:17,97.0
2025-08-30 22:48,97.0
2025-08-30 23:19,99.0
2025-08-31 00:19,94.0
2025-08-31 01:03,98.0
2025-08-31 01:46,92.0
2025-08-31 02:16,98.0
2025-08-31 02:46,100.0
2025-08-31 03:16,98.0
2025-08-31 03:46,96.0
2025-08-31 04:16,99.0
2025-08-31 04:46,95.0
2025-08-31 05:18,94.0
2025-08-31 05:48,99.0
2025-09-01 06:09,100.0
2025-09-01 08:22,98.0
2025-09-01 08:23,99.0
2025-09-01 09:22,95.0
2025-09-01 09:54,99.0
2025-09-01 10:54,97.0
2025-09-01 12:33,99.0
2025-09-01 13:04,98.0
2025-09-01 14:05,99.0
2025-09-01 14:36,99.0
2025-09-01 15:07,98.0
2025-09-01 15:37,97.0
2025-09-01 17:06,99.0
2025-09-01 19:23,96.0
2025-09-02 15:25,98.0
2025-09-02 16:03,96.0
2025-09-02 16:50,98.0
2025-09-02 17:23,97.0
2025-09-02 19:23,99.0
2025-09-02 20:00,97.0
2025-09-02 20:33,97.0
2025-09-02 21:03,100.0
2025-09-02 21:33,100.0
2025-09-02 22:03,99.0
2025-09-02 22:33,98.0
2025-09-02 23:03,98.0
2025-09-02 23:33,100.0
2025-09-03 00:07,100.0
2025-09-03 00:37,97.0
2025-09-03 01:07,99.0
2025-09-03 01:37,99.0
2025-09-03 02:07,99.0
2025-09-03 02:37,97.0
2025-09-03 03:07,97.0
2025-09-03 03:37,98.0
2025-09-03 04:07,98.0
2025-09-03 04:37,98.0
2025-09-04 06:31,99.0
2025-09-04 07:23,100.0
2025-09-04 09:41,98.0
2025-09-04 11:42,97.0
2025-09-04 13:25,96.0
2025-09-04 13:55,96.0
2025-09-04 16:09,99.0
2025-09-04 17:28,99.0
2025-09-04 18:22,99.0
2025-09-04 20:01,98.0
2025-09-04 20:32,99.0
2025-09-04 21:02,96.0
2025-09-04 21:33,98.0
2025-09-04 22:03,98.0
2025-09-04 22:33,96.0
2025-09-04 23:33,96.0
2025-09-05 00:03,99.0
2025-09-05 00:33,98.0
2025-09-05 01:03,96.0
2025-09-05 03:07,96.0
2025-09-05 03:37,100.0
2025-09-05 04:07,94.0
2025-09-05 11:00,98.0
2025-09-05 15:57,97.0
2025-09-08 08:05,95.0
2025-09-08 12:18,98.0
2025-09-08 13:01,99.0
2025-09-08 13:34,97.0
2025-09-08 16:06,98.0
2025-09-08 18:17,97.0
2025-09-08 19:00,98.0
2025-09-08 19:30,100.0
2025-09-08 20:30,99.0
2025-09-08 21:02,98.0
2025-09-08 21:32,99.0
2025-09-08 22:12,95.0
2025-09-08 22:46,96.0
2025-09-08 23:16,98.0
2025-09-08 23:46,99.0
2025-09-09 00:16,99.0
2025-09-09 00:46,97.0
2025-09-09 01:16,97.0
2025-09-09 01:46,98.0
2025-09-09 02:16,98.0
2025-09-09 03:21,98.0
2025-09-09 03:51,99.0
2025-09-09 04:21,98.0
2025-09-09 05:21,96.0
2025-09-09 08:42,98.0
2025-09-09 09:40,98.0
2025-09-09 11:41,99.0
2025-09-09 12:23,98.0
2025-09-09 13:54,98.0
2025-09-09 16:01,97.0
2025-09-09 16:49,98.0
2025-09-09 17:19,100.0
2025-09-09 18:03,97.0
2025-09-09 18:55,98.0
2025-09-09 19:26,99.0
2025-09-09 20:00,99.0
2025-09-09 20:45,96.0
2025-09-09 21:19,99.0
2025-09-09 21:54,99.0
2025-09-09 22:24,99.0
2025-09-09 23:48,97.0
2025-09-10 00:47,98.0
2025-09-10 01:17,98.0
2025-09-10 01:47,99.0
2025-09-10 02:17,99.0
2025-09-10 02:47,98.0
2025-09-10 03:17,98.0
2025-09-10 03:47,99.0
2025-09-10 04:28,99.0
2025-09-10 04:58,100.0
2025-09-10 06:10,98.0
2025-09-10 06:50,98.0
2025-09-10 08:03,97.0
2025-09-10 08:40,97.0
2025-09-11 08:47,98.0
2025-09-11 09:50,97.0
2025-09-11 11:01,99.0
2025-09-11 12:02,98.0
2025-09-11 12:38,99.0
2025-09-11 13:08,100.0
2025-09-11 18:58,95.0
2025-09-11 19:58,98.0
2025-09-11 20:28,100.0
2025-09-11 20:58,97.0
2025-09-11 21:45,95.0
2025-09-12 08:22,96.0
2025-09-12 09:13,98.0
2025-09-12 10:44,100.0
2025-09-12 11:19,97.0
2025-09-12 15:04,99.0
2025-09-12 16:38,99.0
2025-09-12 18:47,98.0
2025-09-12 19:47,97.0
2025-09-12 20:20,98.0
2025-09-12 20:50,98.0
2025-09-12 21:20,97.0
2025-09-12 21:56,97.0
2025-09-12 22:56,100.0
2025-09-15 06:33,98.0
2025-09-15 07:08,99.0
2025-09-15 08:02,96.0
2025-09-15 08:44,96.0
2025-09-15 11:51,98.0
2025-09-15 19:17,98.0
2025-09-15 19:47,100.0
2025-09-15 20:21,97.0
2025-09-16 07:28,99.0
2025-09-16 07:58,100.0
2025-09-16 09:04,97.0
2025-09-16 11:10,98.0
2025-09-16 12:12,99.0
2025-09-16 16:21,98.0
2025-09-16 19:27,100.0
2025-09-16 20:30,100.0
2025-09-16 21:11,98.0
2025-09-16 22:11,98.0
2025-09-16 22:43,100.0
2025-09-16 23:13,99.0
2025-09-17 00:13,98.0
2025-09-17 00:43,99.0
2025-09-17 01:13,98.0
2025-09-17 02:29,97.0
2025-09-17 03:29,100.0
2025-09-17 04:00,100.0
2025-09-17 04:30,99.0
2025-09-17 05:00,100.0
2025-09-17 05:30,100.0
2025-09-17 12:10,100.0
2025-09-17 12:10,99.0
2025-09-17 14:01,95.0
2025-09-17 15:58,96.0
2025-09-17 19:32,98.0
2025-09-17 20:02,96.0
2025-09-17 20:35,100.0
2025-09-17 21:39,96.0
2025-09-17 22:09,100.0
2025-09-17 22:39,97.0
2025-09-17 23:13,98.0
2025-09-17 23:43,97.0
2025-09-18 00:13,97.0
2025-09-18 00:43,98.0
2025-09-18 01:13,95.0
2025-09-18 01:56,95.0
2025-09-18 02:30,99.0
2025-09-18 03:00,98.0
2025-09-18 03:47,96.0
2025-09-18 04:17,99.0
2025-09-18 06:52,100.0
2025-09-18 07:22,100.0
2025-09-18 08:58,100.0
2025-09-18 09:59,98.0
2025-09-18 12:58,97.0
2025-09-18 13:58,99.0
2025-09-18 14:31,96.0
2025-09-18 16:04,94.0
2025-09-18 18:35,97.0
2025-09-18 19:10,98.0
2025-09-18 19:40,100.0
2025-09-18 20:11,96.0
2025-09-19 11:09,95.0
2025-09-19 12:52,97.0
2025-09-19 13:52,98.0
2025-09-19 15:13,98.0
2025-09-19 18:14,97.0
2025-09-19 19:59,98.0
2025-09-19 20:29,97.0
2025-09-19 21:05,98.0
2025-09-19 21:35,98.0
2025-09-19 22:05,99.0
2025-09-19 22:35,95.0
2025-09-19 23:06,97.0
2025-09-22 06:43,100.0
2025-09-22 07:16,100.0
2025-09-22 08:49,98.0
2025-09-22 09:49,96.0
2025-09-22 12:17,99.0
2025-09-22 14:30,98.0
2025-09-22 15:14,97.0
2025-09-22 16:17,98.0
2025-09-22 16:51,99.0
2025-09-22 17:33,97.0
2025-09-22 18:49,96.0
2025-09-22 19:22,100.0
2025-09-22 21:01,100.0
2025-09-23 13:20,95.0
2025-09-23 14:46,98.0
2025-09-23 15:16,96.0
2025-09-23 15:52,96.0
2025-09-23 16:33,96.0
2025-09-23 17:04,99.0
2025-09-23 17:34,97.0
2025-09-23 18:04,96.0
2025-09-23 18:49,96.0
2025-09-23 19:22,97.0
2025-09-23 20:04,98.0
2025-09-23 21:04,97.0
2025-09-23 21:34,94.0
2025-09-23 22:05,95.0
2025-09-23 22:35,95.0
2025-09-23 23:05,97.0
2025-09-23 23:35,94.0
2025-09-25 06:26,98.0
2025-09-25 07:01,100.0
2025-09-25 08:04,97.0
2025-09-25 08:44,97.0
2025-09-25 10:44,100.0
2025-09-25 11:28,99.0
2025-09-25 13:33,97.0
2025-09-25 14:33,100.0
2025-09-25 15:26,97.0
2025-09-25 16:23,96.0
2025-09-25 19:19,98.0
2025-09-25 20:50,96.0
2025-09-25 21:20,98.0
2025-09-26 13:44,98.0
2025-09-26 17:03,100.0
2025-09-26 17:42,98.0
2025-09-29 16:35,99.0
2025-09-29 17:40,98.0
2025-09-29 20:28,100.0
2025-09-29 20:59,99.0
2025-09-29 21:29,100.0
2025-09-30 08:43,96.0
2025-09-30 10:14,100.0
2025-09-30 11:00,94.0
2025-09-30 14:02,96.0
2025-09-30 15:03,99.0
2025-09-30 16:29,95.0
2025-09-30 17:42,99.0
2025-09-30 18:43,99.0
2025-09-30 19:41,99.0
2025-09-30 20:13,98.0
2025-09-30 20:43,99.0
2025-09-30 21:14,100.0
2025-09-30 21:44,99.0
2025-09-30 22:14,97.0
2025-09-30 22:44,98.0
2025-09-30 23:14,95.0
2025-09-30 23:55,97.0
2025-10-01 00:25,98.0
2025-10-01 00:55,97.0
2025-10-01 01:25,98.0
2025-10-01 01:55,96.0
2025-10-01 02:25,97.0
2025-10-01 02:55,96.0
2025-10-01 03:25,97.0
2025-10-01 03:55,100.0
2025-10-01 04:25,98.0
2025-10-01 04:56,99.0
2025-10-01 09:40,95.0
2025-10-01 10:42,98.0
2025-10-01 15:02,97.0
2025-10-01 15:59,98.0
2025-10-01 18:06,97.0
2025-10-01 18:36,95.0
2025-10-01 19:43,98.0
2025-10-01 20:26,98.0
2025-10-01 20:56,100.0
2025-10-01 22:03,95.0
2025-10-01 22:33,99.0
2025-10-01 23:10,94.0
2025-10-01 23:43,98.0
2025-10-02 00:13,97.0
2025-10-02 00:43,97.0
2025-10-02 01:13,98.0
2025-10-02 01:43,99.0
2025-10-02 02:18,100.0
2025-10-02 02:48,97.0
2025-10-02 03:18,95.0
2025-10-02 03:48,97.0
2025-10-02 06:40,100.0
2025-10-02 07:11,98.0
2025-10-02 08:16,97.0
2025-10-02 10:18,100.0
2025-10-02 11:21,98.0
2025-10-02 14:10,98.0
2025-10-02 15:17,99.0
2025-10-02 20:03,98.0
2025-10-02 20:57,99.0
2025-10-02 21:58,100.0
2025-10-02 22:29,100.0
2025-10-02 22:59,99.0
2025-10-02 23:29,97.0
2025-10-02 23:59,97.0
2025-10-03 00:29,100.0
2025-10-03 00:59,100.0
2025-10-03 01:29,100.0
2025-10-03 01:59,98.0
2025-10-03 02:29,97.0
2025-10-03 02:59,96.0
2025-10-03 03:29,95.0
2025-10-03 03:59,100.0
2025-10-03 04:29,99.0
2025-10-03 04:59,100.0
2025-10-03 05:29,96.0
2025-10-06 08:26,96.0
2025-10-06 08:56,96.0
2025-10-06 10:27,100.0
2025-10-07 12:47,99.0
2025-10-07 16:23,96.0
2025-10-07 17:28,97.0
2025-10-07 17:58,98.0
2025-10-07 18:28,97.0
2025-10-07 18:58,100.0
2025-10-07 19:29,98.0
2025-10-07 19:59,100.0
2025-10-07 20:29,99.0
2025-10-07 21:15,98.0
2025-10-07 21:53,98.0
2025-10-07 22:24,99.0
2025-10-07 22:54,97.0
2025-10-07 23:24,99.0
2025-10-07 23:54,100.0
2025-10-08 00:24,99.0
2025-10-08 00:54,98.0
2025-10-08 01:24,97.0
2025-10-08 01:57,97.0
2025-10-08 03:00,95.0
2025-10-08 04:23,98.0
2025-10-08 04:23,100.0
2025-10-08 08:44,100.0
2025-10-08 09:43,98.0
2025-10-08 10:13,96.0
2025-10-08 11:52,98.0
2025-10-08 13:05,97.0
2025-10-08 15:15,97.0
2025-10-08 19:36,98.0
2025-10-08 20:45,98.0
2025-10-08 21:15,97.0
2025-10-08 21:45,96.0
2025-10-08 22:15,97.0
2025-10-08 22:45,97.0
2025-10-08 23:15,100.0
2025-10-08 23:45,97.0
2025-10-09 00:15,98.0
2025-10-09 00:45,99.0
2025-10-09 01:27,98.0
2025-10-09 01:57,99.0
2025-10-09 02:27,97.0
2025-10-09 14:07,97.0
2025-10-09 16:35,97.0
2025-10-09 20:25,98.0
2025-10-10 08:54,98.0
2025-10-10 09:24,97.0
2025-10-10 09:54,99.0
2025-10-10 10:32,94.0
2025-10-10 11:32,98.0
2025-10-10 12:02,99.0
2025-10-10 13:02,100.0
2025-10-10 14:49,99.0
2025-10-10 15:31,99.0
2025-10-10 18:27,97.0
2025-10-10 19:30,98.0
2025-10-10 21:37,97.0
2025-10-10 22:42,100.0
2025-10-10 23:12,100.0
2025-10-10 23:42,96.0
2025-10-11 00:12,100.0
2025-10-11 00:42,99.0
2025-10-11 01:13,97.0
2025-10-11 01:43,96.0
2025-10-11 02:13,94.0
2025-10-11 03:39,96.0
2025-10-11 04:26,100.0
2025-10-11 06:26,100.0
2025-10-11 08:44,96.0
2025-10-11 09:41,99.0
2025-10-11 11:42,100.0
2025-10-11 13:13,97.0
2025-10-11 15:26,100.0
2025-10-12 11:25,98.0
2025-10-12 18:24,95.0
2025-10-12 19:08,98.0
2025-10-12 19:52,100.0
2025-10-12 21:23,100.0
2025-10-12 22:07,97.0
2025-10-12 23:15,100.0
2025-10-12 23:45,99.0
2025-10-13 00:15,98.0
2025-10-13 01:15,100.0
2025-10-13 01:51,98.0
2025-10-13 02:21,99.0
2025-10-13 02:51,99.0
2025-10-13 03:21,96.0
2025-10-13 04:06,97.0
2025-10-13 04:36,99.0
2025-10-13 05:06,98.0
2025-10-13 05:36,97.0
2025-10-13 06:06,97.0
2025-10-14 08:51,97.0
2025-10-14 09:46,97.0
2025-10-14 10:48,96.0
2025-10-14 13:59,97.0
2025-10-14 16:56,98.0
2025-10-15 14:41,97.0
2025-10-15 15:27,99.0
2025-10-15 16:32,98.0
2025-10-15 17:32,99.0
2025-10-15 18:40,98.0
2025-10-15 19:49,97.0
2025-10-16 14:46,98.0
2025-10-16 14:47,99.0
2025-10-16 16:18,97.0
2025-10-16 18:21,98.0
2025-10-16 19:45,96.0
2025-10-16 20:19,97.0
2025-10-16 20:49,98.0
2025-10-16 21:19,97.0
2025-10-16 21:49,96.0
2025-10-16 22:19,99.0
2025-10-16 22:58,99.0
2025-10-16 23:28,100.0
2025-10-17 00:24,96.0
2025-10-17 00:54,97.0
2025-10-17 01:36,95.0
2025-10-17 02:20,96.0
2025-10-17 02:50,97.0
2025-10-17 03:20,96.0
2025-10-17 03:50,95.0
2025-10-17 09:54,98.0
2025-10-17 18:11,98.0
2025-10-18 08:20,96.0
2025-10-18 08:58,98.0
2025-10-18 09:59,96.0
2025-10-18 10:34,96.0
2025-10-18 12:08,99.0
2025-10-18 17:17,99.0
2025-10-18 20:10,98.0
2025-10-18 20:40,98.0
2025-10-18 21:40,99.0
2025-10-18 22:25,98.0
2025-10-18 22:55,96.0
2025-10-18 23:25,97.0
2025-10-18 23:55,98.0
2025-10-19 00:25,97.0
2025-10-19 00:55,99.0
2025-10-19 01:25,99.0
2025-10-19 02:00,97.0
2025-10-19 02:35,99.0
2025-10-19 03:05,98.0
2025-10-19 04:06,98.0
2025-10-19 04:36,98.0
2025-10-19 05:06,98.0
2025-10-19 08:12,97.0
2025-10-19 09:22,100.0
2025-10-19 10:24,99.0
2025-10-19 16:43,98.0
2025-10-19 18:25,97.0
2025-10-20 07:15,96.0
2025-10-20 07:57,100.0
2025-10-20 09:23,97.0
2025-10-20 10:43,99.0
2025-10-20 10:43,98.0
2025-10-20 13:48,100.0
2025-10-20 15:08,100.0
2025-10-20 17:25,95.0
2025-10-20 17:26,94.0
2025-10-20 19:04,96.0
2025-10-20 20:20,97.0
2025-10-20 20:50,95.0
2025-10-20 21:21,89.0
2025-10-20 21:52,96.0
2025-10-20 22:22,96.0
2025-10-20 22:52,100.0
2025-10-20 23:26,94.0
2025-10-20 23:57,98.0
2025-10-21 01:16,99.0
2025-10-21 08:47,99.0
2025-10-21 11:00,97.0
2025-10-21 11:31,96.0
2025-10-21 15:03,99.0
2025-10-21 16:07,100.0
2025-10-21 17:54,99.0
2025-10-21 18:24,98.0
2025-10-21 18:54,97.0
2025-10-21 20:09,96.0
2025-10-21 21:09,100.0
2025-10-21 22:09,99.0
2025-10-21 22:39,100.0
2025-10-21 23:39,98.0
2025-10-22 00:09,99.0
2025-10-22 00:42,96.0
2025-10-22 01:12,97.0
2025-10-22 01:42,100.0
2025-10-22 02:27,96.0
2025-10-22 02:57,99.0
2025-10-22 06:38,99.0
2025-10-22 07:56,96.0
2025-10-22 08:37,96.0
2025-10-22 09:38,99.0
2025-10-22 10:09,99.0
2025-10-22 10:40,98.0
2025-10-22 13:55,100.0
2025-10-22 17:46,95.0
2025-10-22 19:29,97.0
2025-10-22 20:00,97.0
2025-10-23 05:46,100.0
2025-10-23 07:28,100.0
2025-10-23 08:30,99.0
2025-10-23 09:00,97.0
2025-10-23 10:41,99.0
2025-10-23 14:50,99.0
2025-10-23 17:11,99.0
2025-10-23 18:33,97.0
2025-10-23 19:35,97.0
2025-10-23 20:06,98.0
2025-10-23 20:40,100.0
2025-10-23 21:18,95.0
2025-10-23 21:48,97.0
2025-10-23 22:18,97.0
2025-10-23 23:08,93.0
2025-10-24 00:27,98.0
2025-10-24 00:57,98.0
2025-10-24 01:27,98.0
2025-10-24 01:57,98.0
2025-10-24 02:31,97.0
2025-10-24 03:01,98.0
2025-10-24 03:31,97.0
2025-10-24 15:15,100.0
2025-10-24 19:56,96.0
2025-10-24 20:26,100.0
2025-10-24 20:57,96.0
2025-10-24 21:28,98.0
2025-10-24 21:58,98.0
2025-10-24 23:05,95.0
2025-10-25 00:45,97.0
2025-10-25 01:30,96.0
2025-10-25 02:00,97.0
2025-10-25 03:00,98.0
2025-10-25 03:30,97.0
2025-10-25 07:43,99.0
2025-10-25 12:19,97.0
2025-10-25 13:03,96.0
2025-10-25 17:20,98.0
2025-10-25 18:07,95.0
2025-10-25 19:07,98.0
2025-10-25 20:09,97.0
2025-10-25 21:19,98.0
2025-10-25 21:53,99.0
2025-10-25 22:54,99.0
2025-10-25 23:54,100.0
2025-10-26 00:35,98.0
2025-10-26 01:05,98.0
2025-10-26 01:35,98.0
2025-10-26 02:09,94.0
2025-10-26 02:39,93.0
2025-10-26 03:09,98.0
2025-10-26 03:39,96.0
2025-10-26 04:40,98.0
2025-10-26 05:11,99.0
2025-10-26 05:41,97.0
2025-10-26 08:08,100.0
2025-10-26 09:57,97.0
2025-10-26 11:08,99.0
2025-10-26 12:49,99.0
2025-10-26 16:23,98.0
2025-10-26 18:18,96.0
2025-10-26 18:50,96.0
2025-10-26 19:26,99.0
2025-10-27 10:26,100.0
2025-10-27 10:56,98.0
2025-10-27 12:37,100.0
2025-10-27 14:30,99.0
2025-10-27 15:33,100.0
2025-10-27 18:12,100.0
2025-10-27 18:43,98.0
2025-10-27 19:43,97.0
2025-10-27 20:25,98.0
2025-10-27 20:55,96.0
2025-10-27 21:25,96.0
2025-10-27 21:56,96.0
2025-10-27 22:55,98.0
2025-10-27 23:25,97.0
2025-10-28 01:41,97.0
2025-10-28 02:40,98.0
2025-10-28 03:10,98.0
2025-10-28 03:40,100.0
2025-10-28 04:14,99.0
2025-10-29 11:40,96.0
2025-10-29 12:23,95.0
2025-10-29 12:55,96.0
2025-10-29 13:32,96.0
2025-10-29 14:52,100.0
2025-10-29 14:52,100.0
2025-10-29 17:21,95.0
2025-10-29 18:21,96.0
2025-10-29 19:20,98.0
2025-10-29 19:51,99.0
2025-10-29 20:27,97.0
2025-10-29 20:57,96.0
2025-10-29 21:27,99.0
2025-10-29 21:57,98.0
2025-10-29 22:27,98.0
2025-10-29 22:57,97.0
2025-10-30 07:14,98.0
2025-10-30 13:42,99.0
2025-10-30 16:36,100.0
2025-10-30 17:16,97.0
2025-10-30 19:23,97.0
2025-10-30 19:53,96.0
2025-10-30 20:24,99.0
2025-10-30 20:54,97.0
2025-10-30 21:24,98.0
2025-10-31 08:28,99.0
2025-10-31 08:59,98.0
2025-10-31 10:02,100.0
2025-10-31 12:30,98.0
2025-10-31 13:51,99.0
2025-10-31 14:21,98.0
2025-10-31 16:35,97.0
2025-10-31 17:54,97.0
2025-10-31 18:49,98.0
2025-10-31 19:19,98.0
2025-10-31 19:49,98.0
2025-10-31 20:19,97.0
2025-10-31 20:49,97.0
2025-11-01 14:35,93.0
2025-11-01 15:20,98.0
2025-11-01 18:20,98.0
2025-11-01 19:05,99.0
2025-11-01 19:35,98.0
2025-11-01 20:12,100.0
2025-11-01 20:42,100.0
2025-11-01 21:12,99.0
2025-11-01 21:42,98.0
2025-11-01 22:15,99.0
2025-11-02 08:55,100.0
2025-11-02 13:09,95.0
2025-11-02 14:14,96.0
2025-11-02 15:15,98.0
2025-11-02 17:58,98.0
2025-11-02 18:35,98.0
2025-11-02 19:35,100.0
2025-11-02 20:06,98.0
2025-11-03 07:20,97.0
2025-11-03 08:47,98.0
2025-11-03 08:47,98.0
2025-11-03 09:52,98.0
2025-11-03 16:19,98.0
2025-11-03 18:30,100.0
2025-11-03 20:17,97.0
2025-11-03 20:49,95.0
2025-11-03 21:37,94.0
2025-11-04 07:14,97.0
2025-11-04 10:25,96.0
2025-11-04 11:43,100.0
2025-11-04 12:13,99.0
2025-11-04 15:50,96.0
2025-11-04 16:43,96.0
2025-11-04 19:09,99.0
2025-11-04 19:56,100.0
2025-11-04 20:26,96.0
2025-11-04 20:56,100.0
2025-11-04 21:26,97.0
2025-11-04 21:56,96.0
2025-11-04 23:03,96.0
2025-11-04 23:33,97.0
2025-11-05 00:26,96.0
2025-11-05 07:47,97.0
2025-11-05 08:49,99.0
2025-11-05 13:19,98.0
2025-11-05 14:56,97.0
2025-11-05 17:48,96.0
2025-11-05 19:14,95.0
2025-11-05 19:49,98.0
2025-11-05 20:49,99.0
2025-11-05 21:25,97.0
2025-11-06 07:53,99.0
2025-11-06 08:24,97.0
2025-11-06 10:55,99.0
2025-11-06 11:59,98.0
2025-11-06 13:00,99.0
2025-11-06 14:00,99.0
2025-11-06 20:32,98.0
2025-11-06 21:02,97.0
2025-11-06 21:32,96.0
2025-11-06 22:09,96.0
2025-11-07 07:52,97.0
2025-11-07 09:50,96.0
2025-11-07 10:35,97.0
2025-11-07 11:37,97.0
2025-11-07 12:38,98.0
2025-11-07 15:43,100.0
2025-11-07 17:54,96.0
2025-11-07 18:41,98.0
2025-11-07 19:15,96.0
2025-11-07 19:50,97.0
2025-11-07 20:27,97.0
2025-11-07 20:57,96.0
2025-11-07 21:27,97.0
2025-11-07 21:57,96.0
2025-11-07 22:27,93.0
2025-11-07 22:57,98.0
2025-11-07 23:27,99.0
2025-11-07 23:57,96.0
2025-11-08 01:01,98.0
2025-11-08 01:31,97.0
2025-11-08 02:14,98.0
2025-11-08 02:44,98.0
2025-11-08 03:14,100.0
2025-11-08 03:45,97.0
2025-11-08 04:15,100.0
2025-11-08 05:15,96.0
2025-11-09 09:19,97.0
2025-11-09 10:20,100.0
2025-11-09 11:24,99.0
2025-11-09 12:44,99.0
2025-11-09 12:45,99.0
2025-11-09 14:25,98.0
2025-11-09 17:00,97.0
2025-11-09 17:43,97.0
2025-11-09 18:13,99.0
2025-11-09 18:45,95.0
2025-11-09 19:49,97.0
2025-11-09 20:19,100.0
2025-11-09 20:58,99.0
2025-11-09 21:28,97.0
2025-11-09 21:58,98.0
2025-11-09 22:28,97.0
2025-11-09 22:58,97.0
2025-11-09 23:28,100.0
2025-11-09 23:58,99.0
2025-11-10 00:28,97.0
2025-11-10 01:00,97.0
2025-11-10 01:30,99.0
2025-11-10 02:00,100.0
2025-11-10 02:30,99.0
2025-11-10 03:00,100.0
2025-11-10 03:30,98.0
2025-11-10 04:00,99.0
2025-11-10 04:30,99.0
2025-11-12 07:21,99.0
2025-11-12 07:59,96.0
2025-11-12 08:00,96.0
2025-11-12 10:38,97.0
2025-11-12 11:21,100.0
2025-11-12 11:58,97.0
2025-11-12 14:46,96.0
2025-11-12 15:17,94.0
2025-11-12 15:50,99.0
2025-11-12 16:41,97.0
2025-11-12 19:52,98.0
2025-11-12 20:33,98.0
2025-11-12 21:15,98.0
2025-11-12 21:51,97.0
2025-11-12 22:21,98.0
2025-11-12 22:51,97.0
2025-11-12 23:21,96.0
2025-11-12 23:51,97.0
2025-11-13 00:51,99.0
2025-11-13 01:27,97.0
2025-11-13 01:57,95.0
2025-11-13 02:27,95.0
2025-11-13 02:57,100.0
2025-11-13 03:47,98.0
2025-11-13 07:54,99.0
2025-11-13 09:11,100.0
2025-11-13 09:42,99.0
2025-11-13 10:12,99.0
2025-11-13 11:13,97.0
2025-11-13 12:46,99.0
2025-11-13 14:31,97.0
2025-11-13 15:03,100.0
2025-11-13 15:34,99.0
2025-11-13 18:44,97.0
2025-11-13 19:59,97.0
2025-11-13 20:58,99.0
2025-11-13 21:33,99.0
2025-11-13 22:03,97.0
2025-11-13 22:33,96.0
2025-11-13 23:03,96.0
2025-11-14 07:18,99.0
2025-11-14 07:56,96.0
2025-11-14 08:26,98.0
2025-11-14 10:05,97.0
2025-11-14 11:17,98.0
2025-11-14 13:48,97.0
2025-11-14 17:54,94.0
2025-11-14 18:57,96.0
2025-11-14 19:27,97.0
2025-11-14 19:58,99.0
2025-11-14 20:58,95.0
2025-11-14 21:29,98.0
2025-11-14 22:29,98.0
2025-11-14 22:59,96.0
2025-11-14 23:29,99.0
2025-11-14 23:59,100.0
2025-11-15 00:29,99.0
2025-11-15 00:59,95.0
2025-11-15 01:59,99.0
2025-11-15 02:29,95.0
2025-11-15 03:26,97.0
2025-11-15 03:56,97.0
2025-11-15 04:26,96.0
2025-11-15 04:57,97.0
2025-11-15 05:27,98.0
2025-11-17 07:53,99.0
2025-11-17 08:59,97.0
2025-11-17 09:29,99.0
2025-11-17 12:07,100.0
2025-11-17 12:37,99.0
2025-11-17 13:52,98.0
2025-11-17 14:54,100.0
2025-11-17 15:24,97.0
2025-11-17 17:00,98.0
2025-11-17 17:31,99.0
2025-11-17 18:02,99.0
2025-11-17 18:33,97.0
2025-11-17 19:33,98.0
2025-11-17 20:11,97.0
2025-11-17 20:43,96.0
2025-11-17 21:14,96.0
2025-11-17 21:44,98.0
2025-11-17 22:14,98.0
2025-11-17 23:14,99.0
2025-11-17 23:47,97.0
2025-11-18 00:17,97.0
2025-11-18 00:47,97.0
2025-11-18 01:17,100.0
2025-11-18 01:57,96.0
2025-11-18 02:27,95.0
2025-11-18 03:18,99.0
2025-11-18 04:34,99.0
2025-11-19 06:51,97.0
2025-11-19 08:37,100.0
2025-11-19 09:32,97.0
2025-11-19 10:26,100.0
2025-11-19 10:56,96.0
2025-11-19 12:13,100.0
2025-11-19 12:43,98.0
2025-11-19 13:15,98.0
2025-11-19 14:20,98.0
2025-11-19 17:07,96.0
2025-11-19 19:08,99.0
2025-11-19 19:38,99.0
2025-11-19 20:38,98.0
2025-11-19 21:21,96.0
2025-11-19 21:54,97.0
2025-11-22 08:23,97.0
2025-11-22 11:02,96.0
2025-11-22 12:08,93.0
2025-11-22 18:15,96.0
2025-11-22 18:49,100.0
2025-11-22 19:41,98.0
2025-11-22 20:52,97.0
2025-11-28 08:24,97.0
2025-11-30 09:20,100.0
2025-11-30 13:52,98.0
2025-11-30 14:23,98.0
2025-11-30 14:53,98.0
2025-11-30 15:23,95.0
2025-11-30 17:16,99.0
2025-11-30 18:16,100.0
2025-11-30 19:04,98.0
2025-11-30 19:35,96.0
2025-11-30 20:05,97.0
2025-11-30 20:35,96.0
2025-11-30 21:05,99.0
2025-11-30 21:35,98.0
2025-11-30 22:05,98.0
2025-11-30 22:35,99.0
2025-11-30 23:05,98.0
2025-11-30 23:35,98.0
2025-12-01 00:05,97.0
2025-12-01 07:42,98.0
2025-12-01 09:22,98.0
2025-12-01 14:48,97.0
2025-12-01 15:18,99.0
2025-12-01 15:48,99.0
2025-12-01 17:13,100.0
2025-12-01 18:57,99.0
2025-12-01 19:28,95.0
2025-12-01 20:17,98.0
2025-12-01 21:03,97.0
2025-12-01 22:21,97.0
2025-12-01 23:05,98.0
2025-12-01 23:35,97.0
2025-12-02 00:05,97.0
2025-12-02 00:35,96.0
2025-12-02 01:05,97.0
2025-12-02 08:48,96.0
2025-12-02 10:47,95.0
2025-12-02 11:18,97.0
2025-12-02 12:18,99.0
2025-12-02 12:51,99.0
2025-12-02 12:52,100.0
2025-12-02 14:03,99.0
2025-12-02 15:56,99.0
2025-12-02 19:33,97.0
2025-12-02 20:03,97.0
2025-12-02 20:33,97.0
2025-12-02 21:03,97.0
2025-12-02 21:35,97.0
2025-12-02 22:05,98.0
2025-12-02 22:35,99.0
2025-12-02 23:05,99.0
2025-12-03 00:00,96.0
2025-12-03 00:30,99.0
2025-12-03 01:43,96.0
2025-12-03 02:13,97.0
2025-12-03 02:43,97.0
2025-12-03 03:19,96.0
2025-12-03 03:49,97.0
2025-12-03 04:19,99.0
2025-12-03 04:49,98.0
2025-12-03 05:19,95.0
2025-12-03 05:49,97.0
2025-12-03 06:20,98.0
2025-12-03 08:28,98.0
2025-12-03 10:49,97.0
2025-12-03 11:21,97.0
2025-12-03 12:21,97.0
2025-12-03 12:57,98.0
2025-12-03 13:57,100.0
2025-12-03 16:20,99.0
2025-12-03 18:06,98.0
2025-12-03 19:12,98.0
2025-12-03 19:42,99.0
2025-12-03 20:50,99.0
2025-12-03 21:20,97.0
2025-12-04 08:03,99.0
2025-12-04 08:35,100.0
2025-12-04 10:50,96.0
2025-12-04 13:11,99.0
2025-12-04 14:11,99.0
2025-12-04 14:48,95.0
2025-12-04 16:15,97.0
2025-12-04 16:15,99.0
2025-12-04 19:53,95.0
2025-12-04 20:31,100.0
2025-12-04 21:02,95.0
2025-12-04 21:32,96.0
2025-12-04 23:04,96.0
2025-12-04 23:34,95.0
2025-12-05 00:04,96.0
2025-12-05 08:49,96.0
2025-12-05 10:43,97.0
2025-12-05 11:50,97.0
2025-12-05 12:52,98.0
2025-12-05 13:27,98.0
2025-12-05 14:38,100.0
2025-12-05 15:11,98.0
2025-12-05 19:32,96.0
2025-12-05 20:02,98.0
2025-12-05 20:36,99.0
2025-12-05 21:22,99.0
2025-12-05 22:13,98.0
2025-12-05 22:45,97.0
2025-12-05 23:45,97.0
2025-12-06 00:15,97.0
2025-12-06 00:45,97.0
2025-12-06 01:15,98.0
2025-12-06 02:13,94.0
2025-12-06 02:43,97.0
2025-12-06 03:13,95.0
2025-12-06 04:30,97.0
2025-12-06 05:00,97.0
2025-12-06 05:30,96.0
2025-12-06 06:01,95.0
2025-12-06 06:31,99.0
2025-12-06 07:02,96.0
2025-12-06 07:58,98.0
2025-12-07 14:04,95.0
2025-12-07 14:49,95.0
2025-12-07 20:18,100.0
2025-12-07 20:48,96.0
2025-12-07 21:18,99.0
2025-12-07 21:49,99.0
2025-12-07 22:19,96.0
2025-12-08 07:37,98.0
2025-12-08 10:05,95.0
2025-12-08 12:47,98.0
2025-12-08 13:47,98.0
2025-12-08 16:51,100.0
2025-12-08 18:58,99.0
2025-12-08 19:36,98.0
2025-12-08 20:06,100.0
2025-12-08 20:36,100.0
2025-12-09 06:59,99.0
2025-12-09 07:34,96.0
2025-12-09 08:45,100.0
2025-12-09 09:25,98.0
2025-12-09 10:58,95.0
2025-12-09 10:59,95.0
2025-12-09 12:17,98.0
2025-12-09 12:51,98.0
2025-12-09 14:45,100.0
2025-12-09 19:59,99.0
2025-12-09 21:06,98.0
2025-12-09 21:36,96.0
2025-12-09 23:25,97.0
2025-12-09 23:55,100.0
2025-12-10 00:25,99.0
2025-12-10 00:55,95.0
2025-12-10 01:41,95.0
2025-12-10 02:19,96.0
2025-12-10 02:49,99.0
2025-12-10 03:19,97.0
2025-12-10 03:49,96.0
2025-12-10 04:24,98.0
2025-12-10 04:54,98.0
2025-12-10 18:38,100.0
2025-12-10 20:39,96.0
2025-12-10 21:10,98.0
2025-12-11 10:32,100.0
2025-12-11 12:40,98.0
2025-12-11 13:40,99.0
2025-12-11 18:25,100.0
2025-12-11 18:25,98.0
2025-12-11 19:30,94.0
2025-12-11 20:05,99.0
2025-12-11 21:05,99.0
2025-12-11 21:46,99.0
2025-12-11 22:16,96.0
2025-12-11 22:46,98.0
2025-12-11 23:46,99.0
2025-12-12 00:59,100.0
2025-12-12 01:29,97.0
2025-12-12 02:15,96.0
2025-12-12 02:49,96.0
2025-12-12 03:19,97.0
2025-12-12 03:49,97.0
2025-12-12 04:19,97.0
2025-12-12 08:01,94.0
2025-12-12 08:50,98.0
2025-12-12 14:23,99.0
2025-12-12 15:25,99.0
2025-12-12 16:25,100.0
2025-12-12 17:42,99.0
2025-12-12 22:09,98.0
2025-12-12 22:10,99.0
2025-12-12 23:09,94.0
2025-12-12 23:40,92.0
2025-12-13 00:10,95.0
2025-12-13 00:40,96.0
2025-12-13 01:40,97.0
2025-12-13 02:10,99.0
2025-12-13 02:40,99.0
2025-12-13 03:10,100.0
2025-12-13 03:40,96.0
2025-12-13 04:10,97.0
2025-12-13 04:56,98.0
2025-12-13 05:26,97.0
2025-12-15 09:33,98.0
2025-12-15 12:48,96.0
2025-12-15 13:20,98.0
2025-12-15 17:07,100.0
2025-12-15 17:46,96.0
2025-12-15 18:16,98.0
2025-12-15 19:16,99.0
2025-12-15 19:59,99.0
2025-12-15 19:59,98.0
2025-12-16 08:01,98.0
2025-12-16 11:00,98.0
2025-12-16 11:59,100.0
2025-12-16 12:34,98.0
2025-12-16 13:07,97.0
2025-12-16 13:46,97.0
2025-12-16 14:16,98.0
2025-12-16 18:35,99.0
2025-12-16 19:32,99.0
2025-12-16 20:03,98.0
2025-12-16 20:33,99.0
2025-12-16 21:05,95.0
2025-12-16 23:06,96.0
2025-12-17 08:34,100.0
2025-12-17 08:34,100.0
2025-12-17 10:56,99.0
2025-12-17 15:10,97.0
2025-12-17 15:57,97.0
2025-12-17 16:35,100.0
2025-12-17 18:54,98.0
2025-12-17 19:28,97.0
2025-12-18 07:31,95.0
2025-12-18 08:17,100.0
2025-12-18 08:17,100.0
2025-12-18 09:19,99.0
2025-12-18 09:19,99.0
2025-12-18 10:51,95.0
2025-12-18 11:53,97.0
2025-12-18 12:53,97.0
2025-12-18 13:23,97.0
2025-12-18 14:04,96.0
2025-12-18 14:59,100.0
2025-12-18 15:35,98.0
2025-12-18 17:39,96.0
2025-12-18 19:42,97.0
2025-12-18 20:13,99.0
2025-12-18 20:44,96.0
2025-12-18 21:15,98.0
2025-12-18 21:45,97.0
2025-12-18 22:15,95.0
2025-12-18 22:45,95.0
2025-12-18 23:15,99.0
2025-12-18 23:45,99.0
2025-12-19 00:45,98.0
2025-12-19 01:17,95.0
2025-12-19 01:47,93.0
2025-12-19 02:17,99.0
2025-12-19 02:47,99.0
2025-12-19 03:17,95.0
2025-12-19 03:47,98.0
2025-12-19 04:37,94.0
2025-12-19 05:10,96.0
2025-12-19 06:10,100.0
2025-12-19 06:53,96.0
2025-12-19 08:26,99.0
2025-12-19 08:58,98.0
2025-12-19 10:23,97.0
2025-12-19 10:23,98.0
2025-12-19 12:00,100.0
2025-12-19 12:44,99.0
2025-12-19 13:44,99.0
2025-12-19 16:26,99.0
2025-12-19 19:37,98.0
2025-12-22 08:52,97.0
2025-12-22 10:16,99.0
2025-12-22 11:10,99.0
2025-12-22 14:09,94.0
2025-12-22 15:20,96.0
2025-12-22 16:18,99.0
2025-12-22 17:39,97.0
2025-12-22 18:37,98.0
2025-12-22 19:37,95.0
2025-12-22 20:09,99.0
2025-12-22 20:46,98.0
2025-12-22 21:16,100.0
2025-12-22 21:46,96.0
2025-12-22 22:29,94.0
2025-12-22 22:59,99.0
2025-12-22 23:29,97.0
2025-12-23 00:03,97.0
2025-12-23 00:33,98.0
2025-12-23 01:19,100.0
2025-12-23 01:49,100.0
2025-12-23 02:49,98.0
2025-12-23 03:49,98.0
2025-12-23 05:19,96.0
2025-12-23 09:35,97.0
2025-12-23 10:35,98.0
2025-12-23 11:36,98.0
2025-12-23 13:57,95.0
2025-12-23 14:27,96.0
2025-12-23 15:43,96.0
2025-12-23 18:13,99.0
2025-12-23 19:04,93.0
2025-12-23 19:50,96.0
2025-12-23 20:22,97.0
2025-12-23 20:59,95.0
2025-12-23 21:47,97.0
2025-12-23 22:17,99.0
2025-12-23 23:53,95.0
2025-12-24 00:34,95.0
2025-12-24 01:04,95.0
2025-12-24 01:43,96.0
2025-12-24 02:13,97.0
2025-12-24 02:43,100.0
2025-12-24 03:13,96.0
2025-12-24 03:43,95.0
2025-12-24 04:13,95.0
2025-12-24 04:43,99.0
2025-12-24 05:13,97.0
2025-12-24 05:43,99.0
2026-01-05 08:13,100.0
2026-01-05 09:42,96.0
2026-01-05 10:22,95.0
2026-01-05 13:39,98.0
2026-01-05 16:57,97.0
2026-01-05 20:32,99.0
2026-01-05 21:31,97.0
2026-01-05 22:01,97.0
2026-01-06 10:17,95.0
2026-01-06 13:24,98.0
2026-01-06 14:25,100.0
2026-01-06 17:07,96.0
2026-01-06 18:20,98.0
2026-01-06 20:58,96.0
2026-01-06 21:28,98.0
2026-01-06 21:58,98.0
2026-01-06 22:29,97.0
2026-01-07 06:54,98.0
2026-01-07 07:39,96.0
2026-01-07 10:57,99.0
2026-01-07 11:58,99.0
2026-01-07 12:58,97.0
2026-01-07 14:32,99.0
2026-01-07 15:33,98.0
2026-01-07 16:05,97.0
2026-01-07 17:15,97.0
2026-01-07 19:34,98.0
2026-01-07 20:41,94.0
2026-01-07 21:11,97.0
2026-01-07 21:43,100.0
2026-01-08 07:52,99.0
2026-01-08 08:24,94.0
2026-01-08 08:56,98.0
2026-01-08 09:27,96.0
2026-01-08 09:59,99.0
2026-01-08 11:36,100.0
2026-01-08 12:12,97.0
2026-01-08 14:18,95.0
2026-01-08 15:19,98.0
2026-01-08 15:54,99.0
2026-01-08 16:27,97.0
2026-01-08 17:32,97.0
2026-01-08 17:32,97.0
2026-01-08 20:19,98.0
2026-01-08 21:21,96.0
2026-01-08 21:56,95.0
2026-01-09 08:57,99.0
2026-01-09 10:57,97.0
2026-01-09 11:27,98.0
2026-01-09 11:58,98.0
2026-01-09 12:30,99.0
2026-01-09 13:32,98.0
2026-01-09 15:17,97.0
2026-01-09 16:24,100.0
2026-01-09 17:09,100.0
2026-01-09 18:01,97.0
2026-01-09 19:03,100.0
2026-01-09 20:06,97.0
2026-01-09 20:42,95.0
2026-01-09 21:12,97.0
2026-01-09 21:46,100.0
2026-01-09 22:16,97.0
2026-01-09 22:51,97.0
2026-01-09 23:21,96.0
2026-01-10 11:29,100.0
2026-01-10 13:49,99.0
2026-01-10 14:23,96.0
2026-01-10 14:24,98.0
2026-01-10 16:51,98.0
2026-01-10 18:05,97.0
2026-01-10 20:45,99.0
2026-01-10 21:28,98.0
2026-01-10 22:00,97.0
2026-01-10 22:31,97.0
2026-01-10 23:02,98.0
2026-01-10 23:32,98.0
2026-01-11 00:32,99.0
2026-01-11 01:02,99.0
2026-01-11 01:32,97.0
2026-01-11 02:02,96.0
2026-01-11 02:32,97.0
2026-01-11 03:02,97.0
2026-01-11 03:32,99.0
2026-01-11 04:02,99.0
2026-01-11 05:06,98.0
2026-01-11 05:40,96.0
2026-01-12 07:22,96.0
2026-01-12 08:24,97.0
2026-01-12 09:26,99.0
2026-01-12 11:26,100.0
2026-01-12 17:07,95.0
2026-01-12 18:13,98.0
2026-01-12 20:33,96.0
2026-01-12 21:33,99.0
2026-01-12 22:33,98.0
2026-01-13 08:47,97.0
2026-01-13 10:17,97.0
2026-01-13 12:17,96.0
2026-01-13 12:48,97.0
2026-01-13 13:49,99.0
2026-01-13 14:52,96.0
2026-01-13 15:40,98.0
2026-01-13 17:58,100.0
2026-01-13 19:37,97.0
2026-01-13 20:07,96.0
2026-01-13 20:37,98.0
2026-01-13 21:07,98.0
2026-01-13 21:38,100.0
2026-01-13 22:38,99.0
2026-01-13 23:08,96.0
2026-01-13 23:38,96.0
2026-01-14 01:23,98.0
2026-01-14 01:53,98.0
2026-01-14 02:23,100.0
2026-01-14 02:55,96.0
2026-01-14 03:25,97.0
2026-01-14 03:55,99.0
2026-01-14 04:39,98.0
2026-01-14 05:09,98.0
2026-01-15 07:50,97.0
2026-01-15 08:20,98.0
2026-01-15 17:26,100.0
2026-01-15 18:24,99.0
2026-01-15 18:54,99.0
2026-01-15 20:11,98.0
2026-01-15 21:06,96.0
2026-01-16 07:40,100.0
2026-01-16 10:00,96.0
2026-01-16 11:00,94.0
2026-01-16 13:04,100.0
2026-01-16 17:07,97.0
2026-01-16 18:04,100.0
2026-01-16 19:35,99.0
2026-01-16 19:36,100.0
2026-01-16 20:42,96.0
2026-01-16 21:12,98.0
2026-01-16 21:42,98.0
2026-01-16 22:21,96.0
2026-01-16 22:51,99.0
2026-01-16 23:21,96.0
2026-01-16 23:51,98.0
2026-01-17 00:21,100.0
2026-01-17 00:51,98.0
2026-01-17 01:21,98.0
2026-01-17 01:51,98.0
2026-01-17 02:21,97.0
2026-01-17 05:28,100.0
2026-01-17 07:09,94.0
2026-01-17 09:21,99.0
2026-01-17 11:41,100.0
2026-01-17 17:05,97.0
2026-01-17 17:40,97.0
2026-01-17 18:45,97.0
2026-01-17 19:22,98.0
2026-01-18 07:18,98.0
2026-01-18 07:18,99.0
2026-01-18 08:31,100.0
2026-01-18 12:51,99.0
2026-01-18 14:09,97.0
2026-01-18 15:06,99.0
2026-01-18 17:04,98.0
2026-01-18 17:34,100.0
2026-01-18 18:05,98.0
2026-01-18 18:36,100.0
2026-01-18 20:12,97.0
2026-01-18 20:42,100.0
2026-01-18 21:42,100.0
2026-01-18 22:12,100.0
2026-01-18 22:42,97.0
2026-01-18 23:12,97.0
2026-01-18 23:42,95.0
2026-01-19 00:12,100.0
2026-01-19 00:48,96.0
2026-01-19 10:17,98.0
2026-01-19 12:25,97.0
2026-01-19 13:27,98.0
2026-01-19 15:11,95.0
2026-01-19 15:11,94.0
2026-01-19 16:11,100.0
2026-01-19 17:14,97.0
2026-01-19 18:18,96.0
2026-01-19 19:22,97.0
2026-01-20 08:45,98.0
2026-01-20 10:17,96.0
2026-01-20 10:17,97.0
2026-01-20 12:21,100.0
2026-01-20 12:59,99.0
2026-01-20 14:00,95.0
2026-01-20 15:06,98.0
2026-01-20 16:04,99.0
2026-01-20 16:47,100.0
2026-01-20 17:25,98.0
2026-01-20 19:38,98.0
2026-01-21 07:22,97.0
2026-01-21 08:22,99.0
2026-01-21 11:08,95.0
2026-01-21 11:38,99.0
2026-01-21 13:39,97.0
2026-01-21 14:59,97.0
2026-01-21 18:42,97.0
2026-01-21 19:14,97.0
2026-01-21 20:15,96.0
2026-01-21 20:45,98.0
2026-01-21 21:15,99.0
2026-01-23 07:52,99.0
2026-01-23 08:22,100.0
2026-01-23 10:14,97.0
2026-01-23 10:15,97.0
2026-01-23 11:15,98.0
2026-01-23 11:56,99.0
2026-01-23 13:03,98.0
2026-01-23 13:35,96.0
2026-01-23 19:01,100.0
2026-01-23 19:02,99.0
2026-01-23 20:01,97.0
2026-01-23 20:34,96.0
2026-01-25 07:03,98.0
2026-01-25 07:56,100.0
2026-01-25 08:55,97.0
2026-01-25 11:55,97.0
2026-01-25 18:00,98.0
2026-01-25 19:18,96.0
2026-01-25 20:34,97.0
2026-01-25 22:14,97.0
2026-01-25 22:44,97.0
2026-01-26 06:56,94.0
2026-01-26 08:20,95.0
2026-01-26 09:54,98.0
2026-01-26 11:26,97.0
2026-01-26 13:27,98.0
2026-01-26 14:25,100.0
2026-01-26 15:14,100.0
2026-01-26 17:43,95.0
2026-01-26 18:13,97.0
2026-01-26 19:07,100.0
2026-01-26 19:40,98.0
2026-01-26 20:10,99.0
2026-01-26 20:40,96.0
2026-01-27 07:06,96.0
2026-01-27 08:20,99.0
2026-01-27 11:01,97.0
2026-01-27 11:43,98.0
2026-01-27 12:13,98.0
2026-01-27 12:44,97.0
2026-01-27 13:14,99.0
2026-01-27 13:44,100.0
2026-01-27 17:46,94.0
2026-01-27 19:56,97.0
2026-01-27 20:26,100.0
2026-01-28 07:30,96.0
2026-01-28 08:24,97.0
2026-01-28 09:53,96.0
2026-01-28 11:22,99.0
2026-01-28 12:21,100.0
2026-01-28 12:51,100.0
2026-01-28 13:21,97.0
2026-01-28 13:51,94.0
2026-01-28 14:51,100.0
2026-01-28 18:26,98.0
2026-01-28 19:24,96.0
2026-01-28 19:54,97.0
2026-01-28 20:38,98.0
2026-01-28 21:08,97.0
2026-01-28 22:14,97.0
2026-01-29 07:44,99.0
2026-01-29 16:03,99.0
2026-01-29 17:34,98.0
2026-01-29 18:36,100.0
2026-01-29 19:37,98.0
